2025-12-18 12:40:47,305 INFO org.springframework.boot.StartupInfoLogger [main] Starting DataMigratorApplication using Java 1.8.0_461 on Anwaruls-MacBook-Pro.local with PID 50950 (/Users/anwar/Projects/KTS/SNSOP/Applications/spring-batch/target/classes started by anwar in /Users/anwar/Projects/KTS/SNSOP/Applications/spring-batch)
2025-12-18 12:40:47,307 INFO org.springframework.boot.SpringApplication [main] No active profile set, falling back to default profiles: default
2025-12-18 12:40:47,696 INFO org.springframework.data.repository.config.RepositoryConfigurationDelegate [main] Multiple Spring Data modules found, entering strict repository configuration mode!
2025-12-18 12:40:47,697 INFO org.springframework.data.repository.config.RepositoryConfigurationDelegate [main] Bootstrapping Spring Data Elasticsearch repositories in DEFAULT mode.
2025-12-18 12:40:47,723 INFO org.springframework.data.repository.config.RepositoryConfigurationExtensionSupport [main] Spring Data Elasticsearch - Could not safely identify store assignment for repository candidate interface com.kit.migrator.datamigrator.repository.BeneficiaryRepository. If you want this repository to be a Elasticsearch repository, consider annotating your entities with one of these annotations: org.springframework.data.elasticsearch.annotations.Document (preferred), or consider extending one of the following types with your repository: org.springframework.data.elasticsearch.repository.ElasticsearchRepository, org.springframework.data.elasticsearch.repository.ElasticsearchRepository.
2025-12-18 12:40:47,738 INFO org.springframework.data.repository.config.RepositoryConfigurationDelegate [main] Finished Spring Data repository scanning in 38 ms. Found 1 Elasticsearch repository interfaces.
2025-12-18 12:40:47,742 INFO org.springframework.data.repository.config.RepositoryConfigurationDelegate [main] Multiple Spring Data modules found, entering strict repository configuration mode!
2025-12-18 12:40:47,743 INFO org.springframework.data.repository.config.RepositoryConfigurationDelegate [main] Bootstrapping Spring Data Reactive Elasticsearch repositories in DEFAULT mode.
2025-12-18 12:40:47,753 INFO org.springframework.data.repository.config.RepositoryConfigurationExtensionSupport [main] Spring Data Reactive Elasticsearch - Could not safely identify store assignment for repository candidate interface com.kit.migrator.datamigrator.repository.BeneficiaryRepository. If you want this repository to be a Reactive Elasticsearch repository, consider annotating your entities with one of these annotations: org.springframework.data.elasticsearch.annotations.Document (preferred), or consider extending one of the following types with your repository: org.springframework.data.elasticsearch.repository.ReactiveElasticsearchRepository.
2025-12-18 12:40:47,753 INFO org.springframework.data.repository.config.RepositoryConfigurationDelegate [main] Finished Spring Data repository scanning in 10 ms. Found 0 Reactive Elasticsearch repository interfaces.
2025-12-18 12:40:47,763 INFO org.springframework.data.repository.config.RepositoryConfigurationDelegate [main] Multiple Spring Data modules found, entering strict repository configuration mode!
2025-12-18 12:40:47,763 INFO org.springframework.data.repository.config.RepositoryConfigurationDelegate [main] Bootstrapping Spring Data JPA repositories in DEFAULT mode.
2025-12-18 12:40:47,771 INFO org.springframework.data.repository.config.RepositoryConfigurationExtensionSupport [main] Spring Data JPA - Could not safely identify store assignment for repository candidate interface com.kit.migrator.datamigrator.repository.BeneficiaryESRepository. If you want this repository to be a JPA repository, consider annotating your entities with one of these annotations: javax.persistence.Entity, javax.persistence.MappedSuperclass (preferred), or consider extending one of the following types with your repository: org.springframework.data.jpa.repository.JpaRepository.
2025-12-18 12:40:47,774 INFO org.springframework.data.repository.config.RepositoryConfigurationDelegate [main] Finished Spring Data repository scanning in 7 ms. Found 1 JPA repository interfaces.
2025-12-18 12:40:48,099 INFO org.springframework.boot.web.embedded.tomcat.TomcatWebServer [main] Tomcat initialized with port(s): 8080 (http)
2025-12-18 12:40:48,104 INFO org.apache.juli.logging.DirectJDKLog [main] Initializing ProtocolHandler ["http-nio-8080"]
2025-12-18 12:40:48,105 INFO org.apache.juli.logging.DirectJDKLog [main] Starting service [Tomcat]
2025-12-18 12:40:48,105 INFO org.apache.juli.logging.DirectJDKLog [main] Starting Servlet engine: [Apache Tomcat/9.0.43]
2025-12-18 12:40:48,142 INFO org.apache.juli.logging.DirectJDKLog [main] Initializing Spring embedded WebApplicationContext
2025-12-18 12:40:48,142 INFO org.springframework.boot.web.servlet.context.ServletWebServerApplicationContext [main] Root WebApplicationContext: initialization completed in 810 ms
2025-12-18 12:40:48,345 INFO org.hibernate.jpa.internal.util.LogHelper [main] HHH000204: Processing PersistenceUnitInfo [name: default]
2025-12-18 12:40:48,378 INFO org.hibernate.Version [main] HHH000412: Hibernate ORM core version 5.4.28.Final
2025-12-18 12:40:48,472 INFO org.hibernate.annotations.common.reflection.java.JavaReflectionManager [main] HCANN000001: Hibernate Commons Annotations {5.1.2.Final}
2025-12-18 12:40:48,558 INFO com.zaxxer.hikari.HikariDataSource [main] HikariPool-1 - Starting...
2025-12-18 12:40:50,143 INFO com.zaxxer.hikari.HikariDataSource [main] HikariPool-1 - Start completed.
2025-12-18 12:40:50,166 INFO org.hibernate.dialect.Dialect [main] HHH000400: Using dialect: org.hibernate.dialect.SQLServer2012Dialect
2025-12-18 12:40:51,737 INFO org.hibernate.engine.transaction.jta.platform.internal.JtaPlatformInitiator [main] HHH000490: Using JtaPlatform implementation: [org.hibernate.engine.transaction.jta.platform.internal.NoJtaPlatform]
2025-12-18 12:40:51,742 INFO org.springframework.orm.jpa.AbstractEntityManagerFactoryBean [main] Initialized JPA EntityManagerFactory for persistence unit 'default'
2025-12-18 12:40:52,272 WARN org.springframework.data.convert.CustomConversions [main] Registering converter from class org.springframework.data.geo.Point to interface java.util.Map as writing converter although it doesn't convert to a store-supported type! You might want to check your annotation setup at the converter implementation.
2025-12-18 12:40:52,272 WARN org.springframework.data.convert.CustomConversions [main] Registering converter from interface java.util.Map to class org.springframework.data.geo.Point as reading converter although it doesn't convert from a store-supported type! You might want to check your annotation setup at the converter implementation.
2025-12-18 12:40:52,272 WARN org.springframework.data.convert.CustomConversions [main] Registering converter from class org.springframework.data.elasticsearch.core.geo.GeoPoint to interface java.util.Map as writing converter although it doesn't convert to a store-supported type! You might want to check your annotation setup at the converter implementation.
2025-12-18 12:40:52,273 WARN org.springframework.data.convert.CustomConversions [main] Registering converter from interface java.util.Map to class org.springframework.data.elasticsearch.core.geo.GeoPoint as reading converter although it doesn't convert from a store-supported type! You might want to check your annotation setup at the converter implementation.
2025-12-18 12:40:52,273 WARN org.springframework.data.convert.CustomConversions [main] Registering converter from interface org.springframework.data.elasticsearch.core.geo.GeoJson to interface java.util.Map as writing converter although it doesn't convert to a store-supported type! You might want to check your annotation setup at the converter implementation.
2025-12-18 12:40:52,273 WARN org.springframework.data.convert.CustomConversions [main] Registering converter from interface java.util.Map to interface org.springframework.data.elasticsearch.core.geo.GeoJson as reading converter although it doesn't convert from a store-supported type! You might want to check your annotation setup at the converter implementation.
2025-12-18 12:40:52,273 WARN org.springframework.data.convert.CustomConversions [main] Registering converter from class org.springframework.data.elasticsearch.core.geo.GeoJsonPoint to interface java.util.Map as writing converter although it doesn't convert to a store-supported type! You might want to check your annotation setup at the converter implementation.
2025-12-18 12:40:52,273 WARN org.springframework.data.convert.CustomConversions [main] Registering converter from interface java.util.Map to class org.springframework.data.elasticsearch.core.geo.GeoJsonPoint as reading converter although it doesn't convert from a store-supported type! You might want to check your annotation setup at the converter implementation.
2025-12-18 12:40:52,273 WARN org.springframework.data.convert.CustomConversions [main] Registering converter from class org.springframework.data.elasticsearch.core.geo.GeoJsonMultiPoint to interface java.util.Map as writing converter although it doesn't convert to a store-supported type! You might want to check your annotation setup at the converter implementation.
2025-12-18 12:40:52,273 WARN org.springframework.data.convert.CustomConversions [main] Registering converter from interface java.util.Map to class org.springframework.data.elasticsearch.core.geo.GeoJsonMultiPoint as reading converter although it doesn't convert from a store-supported type! You might want to check your annotation setup at the converter implementation.
2025-12-18 12:40:52,274 WARN org.springframework.data.convert.CustomConversions [main] Registering converter from class org.springframework.data.elasticsearch.core.geo.GeoJsonLineString to interface java.util.Map as writing converter although it doesn't convert to a store-supported type! You might want to check your annotation setup at the converter implementation.
2025-12-18 12:40:52,274 WARN org.springframework.data.convert.CustomConversions [main] Registering converter from interface java.util.Map to class org.springframework.data.elasticsearch.core.geo.GeoJsonLineString as reading converter although it doesn't convert from a store-supported type! You might want to check your annotation setup at the converter implementation.
2025-12-18 12:40:52,274 WARN org.springframework.data.convert.CustomConversions [main] Registering converter from class org.springframework.data.elasticsearch.core.geo.GeoJsonMultiLineString to interface java.util.Map as writing converter although it doesn't convert to a store-supported type! You might want to check your annotation setup at the converter implementation.
2025-12-18 12:40:52,274 WARN org.springframework.data.convert.CustomConversions [main] Registering converter from interface java.util.Map to class org.springframework.data.elasticsearch.core.geo.GeoJsonMultiLineString as reading converter although it doesn't convert from a store-supported type! You might want to check your annotation setup at the converter implementation.
2025-12-18 12:40:52,274 WARN org.springframework.data.convert.CustomConversions [main] Registering converter from class org.springframework.data.elasticsearch.core.geo.GeoJsonPolygon to interface java.util.Map as writing converter although it doesn't convert to a store-supported type! You might want to check your annotation setup at the converter implementation.
2025-12-18 12:40:52,274 WARN org.springframework.data.convert.CustomConversions [main] Registering converter from interface java.util.Map to class org.springframework.data.elasticsearch.core.geo.GeoJsonPolygon as reading converter although it doesn't convert from a store-supported type! You might want to check your annotation setup at the converter implementation.
2025-12-18 12:40:52,275 WARN org.springframework.data.convert.CustomConversions [main] Registering converter from class org.springframework.data.elasticsearch.core.geo.GeoJsonMultiPolygon to interface java.util.Map as writing converter although it doesn't convert to a store-supported type! You might want to check your annotation setup at the converter implementation.
2025-12-18 12:40:52,275 WARN org.springframework.data.convert.CustomConversions [main] Registering converter from interface java.util.Map to class org.springframework.data.elasticsearch.core.geo.GeoJsonMultiPolygon as reading converter although it doesn't convert from a store-supported type! You might want to check your annotation setup at the converter implementation.
2025-12-18 12:40:52,275 WARN org.springframework.data.convert.CustomConversions [main] Registering converter from class org.springframework.data.elasticsearch.core.geo.GeoJsonGeometryCollection to interface java.util.Map as writing converter although it doesn't convert to a store-supported type! You might want to check your annotation setup at the converter implementation.
2025-12-18 12:40:52,275 WARN org.springframework.data.convert.CustomConversions [main] Registering converter from interface java.util.Map to class org.springframework.data.elasticsearch.core.geo.GeoJsonGeometryCollection as reading converter although it doesn't convert from a store-supported type! You might want to check your annotation setup at the converter implementation.
2025-12-18 12:40:52,438 INFO org.springframework.data.elasticsearch.support.VersionInfo [main] Version Spring Data Elasticsearch: 4.1.5
2025-12-18 12:40:52,438 INFO org.springframework.data.elasticsearch.support.VersionInfo [main] Version Elasticsearch Client in build: 7.9.3
2025-12-18 12:40:52,438 INFO org.springframework.data.elasticsearch.support.VersionInfo [main] Version Elasticsearch Client used: 7.9.3
2025-12-18 12:40:52,438 INFO org.springframework.data.elasticsearch.support.VersionInfo [main] Version Elasticsearch cluster: 7.14.1
2025-12-18 12:40:52,438 WARN org.springframework.data.elasticsearch.support.VersionInfo [main] Version mismatch in between Elasticsearch Client and Cluster: 7.9.3 - 7.14.1
2025-12-18 12:40:52,467 WARN org.springframework.data.elasticsearch.core.mapping.SimpleElasticsearchPersistentProperty [main] Using the property name of 'id' to identify the id property is deprecated. Please annotate the id property with '@Id'
2025-12-18 12:40:52,712 WARN org.springframework.batch.core.listener.AbstractListenerFactoryBean [main] org.springframework.batch.item.ItemReader is an interface. The implementing class will not be queried for annotation based listener configurations. If using @StepScope on a @Bean method, be sure to return the implementing class so listener annotations can be used.
2025-12-18 12:40:52,779 WARN org.springframework.boot.autoconfigure.orm.jpa.JpaBaseConfiguration$JpaWebConfiguration [main] spring.jpa.open-in-view is enabled by default. Therefore, database queries may be performed during view rendering. Explicitly configure spring.jpa.open-in-view to disable this warning
2025-12-18 12:40:52,962 INFO org.springframework.scheduling.concurrent.ExecutorConfigurationSupport [main] Initializing ExecutorService 'applicationTaskExecutor'
2025-12-18 12:40:53,071 WARN org.springframework.boot.autoconfigure.batch.JpaBatchConfigurer [main] JPA does not support custom isolation levels, so locks may not be taken when launching Jobs
2025-12-18 12:40:53,286 INFO org.springframework.batch.core.repository.support.JobRepositoryFactoryBean [main] No database type set, using meta data indicating: SQLSERVER
2025-12-18 12:40:53,305 INFO org.springframework.batch.core.launch.support.SimpleJobLauncher [main] No TaskExecutor has been set, defaulting to synchronous executor.
2025-12-18 12:40:53,330 WARN org.springframework.data.convert.CustomConversions [main] Registering converter from class org.springframework.data.geo.Point to interface java.util.Map as writing converter although it doesn't convert to a store-supported type! You might want to check your annotation setup at the converter implementation.
2025-12-18 12:40:53,330 WARN org.springframework.data.convert.CustomConversions [main] Registering converter from interface java.util.Map to class org.springframework.data.geo.Point as reading converter although it doesn't convert from a store-supported type! You might want to check your annotation setup at the converter implementation.
2025-12-18 12:40:53,330 WARN org.springframework.data.convert.CustomConversions [main] Registering converter from class org.springframework.data.elasticsearch.core.geo.GeoPoint to interface java.util.Map as writing converter although it doesn't convert to a store-supported type! You might want to check your annotation setup at the converter implementation.
2025-12-18 12:40:53,330 WARN org.springframework.data.convert.CustomConversions [main] Registering converter from interface java.util.Map to class org.springframework.data.elasticsearch.core.geo.GeoPoint as reading converter although it doesn't convert from a store-supported type! You might want to check your annotation setup at the converter implementation.
2025-12-18 12:40:53,330 WARN org.springframework.data.convert.CustomConversions [main] Registering converter from interface org.springframework.data.elasticsearch.core.geo.GeoJson to interface java.util.Map as writing converter although it doesn't convert to a store-supported type! You might want to check your annotation setup at the converter implementation.
2025-12-18 12:40:53,330 WARN org.springframework.data.convert.CustomConversions [main] Registering converter from interface java.util.Map to interface org.springframework.data.elasticsearch.core.geo.GeoJson as reading converter although it doesn't convert from a store-supported type! You might want to check your annotation setup at the converter implementation.
2025-12-18 12:40:53,330 WARN org.springframework.data.convert.CustomConversions [main] Registering converter from class org.springframework.data.elasticsearch.core.geo.GeoJsonPoint to interface java.util.Map as writing converter although it doesn't convert to a store-supported type! You might want to check your annotation setup at the converter implementation.
2025-12-18 12:40:53,331 WARN org.springframework.data.convert.CustomConversions [main] Registering converter from interface java.util.Map to class org.springframework.data.elasticsearch.core.geo.GeoJsonPoint as reading converter although it doesn't convert from a store-supported type! You might want to check your annotation setup at the converter implementation.
2025-12-18 12:40:53,331 WARN org.springframework.data.convert.CustomConversions [main] Registering converter from class org.springframework.data.elasticsearch.core.geo.GeoJsonMultiPoint to interface java.util.Map as writing converter although it doesn't convert to a store-supported type! You might want to check your annotation setup at the converter implementation.
2025-12-18 12:40:53,331 WARN org.springframework.data.convert.CustomConversions [main] Registering converter from interface java.util.Map to class org.springframework.data.elasticsearch.core.geo.GeoJsonMultiPoint as reading converter although it doesn't convert from a store-supported type! You might want to check your annotation setup at the converter implementation.
2025-12-18 12:40:53,331 WARN org.springframework.data.convert.CustomConversions [main] Registering converter from class org.springframework.data.elasticsearch.core.geo.GeoJsonLineString to interface java.util.Map as writing converter although it doesn't convert to a store-supported type! You might want to check your annotation setup at the converter implementation.
2025-12-18 12:40:53,331 WARN org.springframework.data.convert.CustomConversions [main] Registering converter from interface java.util.Map to class org.springframework.data.elasticsearch.core.geo.GeoJsonLineString as reading converter although it doesn't convert from a store-supported type! You might want to check your annotation setup at the converter implementation.
2025-12-18 12:40:53,331 WARN org.springframework.data.convert.CustomConversions [main] Registering converter from class org.springframework.data.elasticsearch.core.geo.GeoJsonMultiLineString to interface java.util.Map as writing converter although it doesn't convert to a store-supported type! You might want to check your annotation setup at the converter implementation.
2025-12-18 12:40:53,332 WARN org.springframework.data.convert.CustomConversions [main] Registering converter from interface java.util.Map to class org.springframework.data.elasticsearch.core.geo.GeoJsonMultiLineString as reading converter although it doesn't convert from a store-supported type! You might want to check your annotation setup at the converter implementation.
2025-12-18 12:40:53,332 WARN org.springframework.data.convert.CustomConversions [main] Registering converter from class org.springframework.data.elasticsearch.core.geo.GeoJsonPolygon to interface java.util.Map as writing converter although it doesn't convert to a store-supported type! You might want to check your annotation setup at the converter implementation.
2025-12-18 12:40:53,332 WARN org.springframework.data.convert.CustomConversions [main] Registering converter from interface java.util.Map to class org.springframework.data.elasticsearch.core.geo.GeoJsonPolygon as reading converter although it doesn't convert from a store-supported type! You might want to check your annotation setup at the converter implementation.
2025-12-18 12:40:53,332 WARN org.springframework.data.convert.CustomConversions [main] Registering converter from class org.springframework.data.elasticsearch.core.geo.GeoJsonMultiPolygon to interface java.util.Map as writing converter although it doesn't convert to a store-supported type! You might want to check your annotation setup at the converter implementation.
2025-12-18 12:40:53,332 WARN org.springframework.data.convert.CustomConversions [main] Registering converter from interface java.util.Map to class org.springframework.data.elasticsearch.core.geo.GeoJsonMultiPolygon as reading converter although it doesn't convert from a store-supported type! You might want to check your annotation setup at the converter implementation.
2025-12-18 12:40:53,332 WARN org.springframework.data.convert.CustomConversions [main] Registering converter from class org.springframework.data.elasticsearch.core.geo.GeoJsonGeometryCollection to interface java.util.Map as writing converter although it doesn't convert to a store-supported type! You might want to check your annotation setup at the converter implementation.
2025-12-18 12:40:53,332 WARN org.springframework.data.convert.CustomConversions [main] Registering converter from interface java.util.Map to class org.springframework.data.elasticsearch.core.geo.GeoJsonGeometryCollection as reading converter although it doesn't convert from a store-supported type! You might want to check your annotation setup at the converter implementation.
2025-12-18 12:40:53,352 INFO org.springframework.scheduling.concurrent.ExecutorConfigurationSupport [main] Initializing ExecutorService 'taskScheduler'
2025-12-18 12:40:53,363 INFO org.apache.juli.logging.DirectJDKLog [main] Starting ProtocolHandler ["http-nio-8080"]
2025-12-18 12:40:53,372 INFO org.springframework.boot.web.embedded.tomcat.TomcatWebServer [main] Tomcat started on port(s): 8080 (http) with context path ''
2025-12-18 12:40:53,380 INFO org.springframework.boot.StartupInfoLogger [main] Started DataMigratorApplication in 6.309 seconds (JVM running for 6.635)
2025-12-18 12:40:54,308 ERROR com.kit.migrator.datamigrator.DataMigratorApplication [scheduling-1] Failed to run
org.springframework.jdbc.BadSqlGrammarException: PreparedStatementCallback; bad SQL grammar [SELECT JOB_INSTANCE_ID, JOB_NAME from BATCH_JOB_INSTANCE where JOB_NAME = ? and JOB_KEY = ?]; nested exception is com.microsoft.sqlserver.jdbc.SQLServerException: Invalid object name 'BATCH_JOB_INSTANCE'.
	at org.springframework.jdbc.support.SQLErrorCodeSQLExceptionTranslator.doTranslate(SQLErrorCodeSQLExceptionTranslator.java:239)
	at org.springframework.jdbc.support.AbstractFallbackSQLExceptionTranslator.translate(AbstractFallbackSQLExceptionTranslator.java:70)
	at org.springframework.jdbc.core.JdbcTemplate.translateException(JdbcTemplate.java:1541)
	at org.springframework.jdbc.core.JdbcTemplate.execute(JdbcTemplate.java:667)
	at org.springframework.jdbc.core.JdbcTemplate.query(JdbcTemplate.java:713)
	at org.springframework.jdbc.core.JdbcTemplate.query(JdbcTemplate.java:744)
	at org.springframework.jdbc.core.JdbcTemplate.query(JdbcTemplate.java:757)
	at org.springframework.jdbc.core.JdbcTemplate.query(JdbcTemplate.java:815)
	at org.springframework.batch.core.repository.dao.JdbcJobInstanceDao.getJobInstance(JdbcJobInstanceDao.java:151)
	at org.springframework.batch.core.repository.support.SimpleJobRepository.getLastJobExecution(SimpleJobRepository.java:266)
	at sun.reflect.NativeMethodAccessorImpl.invoke0(Native Method)
	at sun.reflect.NativeMethodAccessorImpl.invoke(NativeMethodAccessorImpl.java:62)
	at sun.reflect.DelegatingMethodAccessorImpl.invoke(DelegatingMethodAccessorImpl.java:43)
	at java.lang.reflect.Method.invoke(Method.java:498)
	at org.springframework.aop.support.AopUtils.invokeJoinpointUsingReflection(AopUtils.java:344)
	at org.springframework.aop.framework.ReflectiveMethodInvocation.invokeJoinpoint(ReflectiveMethodInvocation.java:198)
	at org.springframework.aop.framework.ReflectiveMethodInvocation.proceed(ReflectiveMethodInvocation.java:163)
	at org.springframework.transaction.interceptor.TransactionInterceptor$1.proceedWithInvocation(TransactionInterceptor.java:123)
	at org.springframework.transaction.interceptor.TransactionAspectSupport.invokeWithinTransaction(TransactionAspectSupport.java:388)
	at org.springframework.transaction.interceptor.TransactionInterceptor.invoke(TransactionInterceptor.java:119)
	at org.springframework.aop.framework.ReflectiveMethodInvocation.proceed(ReflectiveMethodInvocation.java:186)
	at org.springframework.aop.framework.JdkDynamicAopProxy.invoke(JdkDynamicAopProxy.java:215)
	at com.sun.proxy.$Proxy88.getLastJobExecution(Unknown Source)
	at org.springframework.batch.core.launch.support.SimpleJobLauncher.run(SimpleJobLauncher.java:104)
	at sun.reflect.NativeMethodAccessorImpl.invoke0(Native Method)
	at sun.reflect.NativeMethodAccessorImpl.invoke(NativeMethodAccessorImpl.java:62)
	at sun.reflect.DelegatingMethodAccessorImpl.invoke(DelegatingMethodAccessorImpl.java:43)
	at java.lang.reflect.Method.invoke(Method.java:498)
	at org.springframework.aop.support.AopUtils.invokeJoinpointUsingReflection(AopUtils.java:344)
	at org.springframework.aop.framework.ReflectiveMethodInvocation.invokeJoinpoint(ReflectiveMethodInvocation.java:198)
	at org.springframework.aop.framework.ReflectiveMethodInvocation.proceed(ReflectiveMethodInvocation.java:163)
	at org.springframework.batch.core.configuration.annotation.SimpleBatchConfiguration$PassthruAdvice.invoke(SimpleBatchConfiguration.java:128)
	at org.springframework.aop.framework.ReflectiveMethodInvocation.proceed(ReflectiveMethodInvocation.java:186)
	at org.springframework.aop.framework.JdkDynamicAopProxy.invoke(JdkDynamicAopProxy.java:215)
	at com.sun.proxy.$Proxy90.run(Unknown Source)
	at com.kit.migrator.datamigrator.DataMigratorApplication.launchJob(DataMigratorApplication.java:62)
	at com.kit.migrator.datamigrator.DataMigratorApplication.runJob(DataMigratorApplication.java:52)
	at sun.reflect.NativeMethodAccessorImpl.invoke0(Native Method)
	at sun.reflect.NativeMethodAccessorImpl.invoke(NativeMethodAccessorImpl.java:62)
	at sun.reflect.DelegatingMethodAccessorImpl.invoke(DelegatingMethodAccessorImpl.java:43)
	at java.lang.reflect.Method.invoke(Method.java:498)
	at org.springframework.scheduling.support.ScheduledMethodRunnable.run(ScheduledMethodRunnable.java:84)
	at org.springframework.scheduling.support.DelegatingErrorHandlingRunnable.run(DelegatingErrorHandlingRunnable.java:54)
	at java.util.concurrent.Executors$RunnableAdapter.call(Executors.java:511)
	at java.util.concurrent.FutureTask.runAndReset(FutureTask.java:308)
	at java.util.concurrent.ScheduledThreadPoolExecutor$ScheduledFutureTask.access$301(ScheduledThreadPoolExecutor.java:180)
	at java.util.concurrent.ScheduledThreadPoolExecutor$ScheduledFutureTask.run(ScheduledThreadPoolExecutor.java:294)
	at java.util.concurrent.ThreadPoolExecutor.runWorker(ThreadPoolExecutor.java:1149)
	at java.util.concurrent.ThreadPoolExecutor$Worker.run(ThreadPoolExecutor.java:624)
	at java.lang.Thread.run(Thread.java:750)
Caused by: com.microsoft.sqlserver.jdbc.SQLServerException: Invalid object name 'BATCH_JOB_INSTANCE'.
	at com.microsoft.sqlserver.jdbc.SQLServerException.makeFromDatabaseError(SQLServerException.java:262)
	at com.microsoft.sqlserver.jdbc.SQLServerStatement.getNextResult(SQLServerStatement.java:1632)
	at com.microsoft.sqlserver.jdbc.SQLServerPreparedStatement.doExecutePreparedStatement(SQLServerPreparedStatement.java:602)
	at com.microsoft.sqlserver.jdbc.SQLServerPreparedStatement$PrepStmtExecCmd.doExecute(SQLServerPreparedStatement.java:524)
	at com.microsoft.sqlserver.jdbc.TDSCommand.execute(IOBuffer.java:7375)
	at com.microsoft.sqlserver.jdbc.SQLServerConnection.executeCommand(SQLServerConnection.java:3206)
	at com.microsoft.sqlserver.jdbc.SQLServerStatement.executeCommand(SQLServerStatement.java:247)
	at com.microsoft.sqlserver.jdbc.SQLServerStatement.executeStatement(SQLServerStatement.java:222)
	at com.microsoft.sqlserver.jdbc.SQLServerPreparedStatement.executeQuery(SQLServerPreparedStatement.java:446)
	at com.zaxxer.hikari.pool.ProxyPreparedStatement.executeQuery(ProxyPreparedStatement.java:52)
	at com.zaxxer.hikari.pool.HikariProxyPreparedStatement.executeQuery(HikariProxyPreparedStatement.java)
	at org.springframework.jdbc.core.JdbcTemplate$1.doInPreparedStatement(JdbcTemplate.java:722)
	at org.springframework.jdbc.core.JdbcTemplate.execute(JdbcTemplate.java:651)
	... 46 common frames omitted
2025-12-18 12:45:19,902 INFO org.springframework.boot.StartupInfoLogger [main] Starting DataMigratorApplication using Java 1.8.0_461 on Anwaruls-MacBook-Pro.local with PID 51888 (/Users/anwar/Projects/KTS/SNSOP/Applications/spring-batch/target/classes started by anwar in /Users/anwar/Projects/KTS/SNSOP/Applications/spring-batch)
2025-12-18 12:45:19,904 INFO org.springframework.boot.SpringApplication [main] No active profile set, falling back to default profiles: default
2025-12-18 12:45:20,285 INFO org.springframework.data.repository.config.RepositoryConfigurationDelegate [main] Multiple Spring Data modules found, entering strict repository configuration mode!
2025-12-18 12:45:20,286 INFO org.springframework.data.repository.config.RepositoryConfigurationDelegate [main] Bootstrapping Spring Data Elasticsearch repositories in DEFAULT mode.
2025-12-18 12:45:20,310 INFO org.springframework.data.repository.config.RepositoryConfigurationExtensionSupport [main] Spring Data Elasticsearch - Could not safely identify store assignment for repository candidate interface com.kit.migrator.datamigrator.repository.BeneficiaryRepository. If you want this repository to be a Elasticsearch repository, consider annotating your entities with one of these annotations: org.springframework.data.elasticsearch.annotations.Document (preferred), or consider extending one of the following types with your repository: org.springframework.data.elasticsearch.repository.ElasticsearchRepository, org.springframework.data.elasticsearch.repository.ElasticsearchRepository.
2025-12-18 12:45:20,322 INFO org.springframework.data.repository.config.RepositoryConfigurationDelegate [main] Finished Spring Data repository scanning in 34 ms. Found 1 Elasticsearch repository interfaces.
2025-12-18 12:45:20,326 INFO org.springframework.data.repository.config.RepositoryConfigurationDelegate [main] Multiple Spring Data modules found, entering strict repository configuration mode!
2025-12-18 12:45:20,326 INFO org.springframework.data.repository.config.RepositoryConfigurationDelegate [main] Bootstrapping Spring Data Reactive Elasticsearch repositories in DEFAULT mode.
2025-12-18 12:45:20,332 INFO org.springframework.data.repository.config.RepositoryConfigurationExtensionSupport [main] Spring Data Reactive Elasticsearch - Could not safely identify store assignment for repository candidate interface com.kit.migrator.datamigrator.repository.BeneficiaryRepository. If you want this repository to be a Reactive Elasticsearch repository, consider annotating your entities with one of these annotations: org.springframework.data.elasticsearch.annotations.Document (preferred), or consider extending one of the following types with your repository: org.springframework.data.elasticsearch.repository.ReactiveElasticsearchRepository.
2025-12-18 12:45:20,332 INFO org.springframework.data.repository.config.RepositoryConfigurationDelegate [main] Finished Spring Data repository scanning in 5 ms. Found 0 Reactive Elasticsearch repository interfaces.
2025-12-18 12:45:20,339 INFO org.springframework.data.repository.config.RepositoryConfigurationDelegate [main] Multiple Spring Data modules found, entering strict repository configuration mode!
2025-12-18 12:45:20,340 INFO org.springframework.data.repository.config.RepositoryConfigurationDelegate [main] Bootstrapping Spring Data JPA repositories in DEFAULT mode.
2025-12-18 12:45:20,346 INFO org.springframework.data.repository.config.RepositoryConfigurationExtensionSupport [main] Spring Data JPA - Could not safely identify store assignment for repository candidate interface com.kit.migrator.datamigrator.repository.BeneficiaryESRepository. If you want this repository to be a JPA repository, consider annotating your entities with one of these annotations: javax.persistence.Entity, javax.persistence.MappedSuperclass (preferred), or consider extending one of the following types with your repository: org.springframework.data.jpa.repository.JpaRepository.
2025-12-18 12:45:20,349 INFO org.springframework.data.repository.config.RepositoryConfigurationDelegate [main] Finished Spring Data repository scanning in 6 ms. Found 1 JPA repository interfaces.
2025-12-18 12:45:20,666 INFO org.springframework.boot.web.embedded.tomcat.TomcatWebServer [main] Tomcat initialized with port(s): 8080 (http)
2025-12-18 12:45:20,672 INFO org.apache.juli.logging.DirectJDKLog [main] Initializing ProtocolHandler ["http-nio-8080"]
2025-12-18 12:45:20,672 INFO org.apache.juli.logging.DirectJDKLog [main] Starting service [Tomcat]
2025-12-18 12:45:20,672 INFO org.apache.juli.logging.DirectJDKLog [main] Starting Servlet engine: [Apache Tomcat/9.0.43]
2025-12-18 12:45:20,712 INFO org.apache.juli.logging.DirectJDKLog [main] Initializing Spring embedded WebApplicationContext
2025-12-18 12:45:20,712 INFO org.springframework.boot.web.servlet.context.ServletWebServerApplicationContext [main] Root WebApplicationContext: initialization completed in 784 ms
2025-12-18 12:45:20,942 INFO org.hibernate.jpa.internal.util.LogHelper [main] HHH000204: Processing PersistenceUnitInfo [name: default]
2025-12-18 12:45:20,979 INFO org.hibernate.Version [main] HHH000412: Hibernate ORM core version 5.4.28.Final
2025-12-18 12:45:21,054 INFO org.hibernate.annotations.common.reflection.java.JavaReflectionManager [main] HCANN000001: Hibernate Commons Annotations {5.1.2.Final}
2025-12-18 12:45:21,112 INFO com.zaxxer.hikari.HikariDataSource [main] HikariPool-1 - Starting...
2025-12-18 12:45:22,625 INFO com.zaxxer.hikari.HikariDataSource [main] HikariPool-1 - Start completed.
2025-12-18 12:45:22,650 INFO org.hibernate.dialect.Dialect [main] HHH000400: Using dialect: org.hibernate.dialect.SQLServer2012Dialect
2025-12-18 12:45:24,175 INFO org.hibernate.engine.transaction.jta.platform.internal.JtaPlatformInitiator [main] HHH000490: Using JtaPlatform implementation: [org.hibernate.engine.transaction.jta.platform.internal.NoJtaPlatform]
2025-12-18 12:45:24,180 INFO org.springframework.orm.jpa.AbstractEntityManagerFactoryBean [main] Initialized JPA EntityManagerFactory for persistence unit 'default'
2025-12-18 12:45:24,671 WARN org.springframework.data.convert.CustomConversions [main] Registering converter from class org.springframework.data.geo.Point to interface java.util.Map as writing converter although it doesn't convert to a store-supported type! You might want to check your annotation setup at the converter implementation.
2025-12-18 12:45:24,672 WARN org.springframework.data.convert.CustomConversions [main] Registering converter from interface java.util.Map to class org.springframework.data.geo.Point as reading converter although it doesn't convert from a store-supported type! You might want to check your annotation setup at the converter implementation.
2025-12-18 12:45:24,672 WARN org.springframework.data.convert.CustomConversions [main] Registering converter from class org.springframework.data.elasticsearch.core.geo.GeoPoint to interface java.util.Map as writing converter although it doesn't convert to a store-supported type! You might want to check your annotation setup at the converter implementation.
2025-12-18 12:45:24,672 WARN org.springframework.data.convert.CustomConversions [main] Registering converter from interface java.util.Map to class org.springframework.data.elasticsearch.core.geo.GeoPoint as reading converter although it doesn't convert from a store-supported type! You might want to check your annotation setup at the converter implementation.
2025-12-18 12:45:24,672 WARN org.springframework.data.convert.CustomConversions [main] Registering converter from interface org.springframework.data.elasticsearch.core.geo.GeoJson to interface java.util.Map as writing converter although it doesn't convert to a store-supported type! You might want to check your annotation setup at the converter implementation.
2025-12-18 12:45:24,672 WARN org.springframework.data.convert.CustomConversions [main] Registering converter from interface java.util.Map to interface org.springframework.data.elasticsearch.core.geo.GeoJson as reading converter although it doesn't convert from a store-supported type! You might want to check your annotation setup at the converter implementation.
2025-12-18 12:45:24,673 WARN org.springframework.data.convert.CustomConversions [main] Registering converter from class org.springframework.data.elasticsearch.core.geo.GeoJsonPoint to interface java.util.Map as writing converter although it doesn't convert to a store-supported type! You might want to check your annotation setup at the converter implementation.
2025-12-18 12:45:24,673 WARN org.springframework.data.convert.CustomConversions [main] Registering converter from interface java.util.Map to class org.springframework.data.elasticsearch.core.geo.GeoJsonPoint as reading converter although it doesn't convert from a store-supported type! You might want to check your annotation setup at the converter implementation.
2025-12-18 12:45:24,673 WARN org.springframework.data.convert.CustomConversions [main] Registering converter from class org.springframework.data.elasticsearch.core.geo.GeoJsonMultiPoint to interface java.util.Map as writing converter although it doesn't convert to a store-supported type! You might want to check your annotation setup at the converter implementation.
2025-12-18 12:45:24,673 WARN org.springframework.data.convert.CustomConversions [main] Registering converter from interface java.util.Map to class org.springframework.data.elasticsearch.core.geo.GeoJsonMultiPoint as reading converter although it doesn't convert from a store-supported type! You might want to check your annotation setup at the converter implementation.
2025-12-18 12:45:24,673 WARN org.springframework.data.convert.CustomConversions [main] Registering converter from class org.springframework.data.elasticsearch.core.geo.GeoJsonLineString to interface java.util.Map as writing converter although it doesn't convert to a store-supported type! You might want to check your annotation setup at the converter implementation.
2025-12-18 12:45:24,673 WARN org.springframework.data.convert.CustomConversions [main] Registering converter from interface java.util.Map to class org.springframework.data.elasticsearch.core.geo.GeoJsonLineString as reading converter although it doesn't convert from a store-supported type! You might want to check your annotation setup at the converter implementation.
2025-12-18 12:45:24,673 WARN org.springframework.data.convert.CustomConversions [main] Registering converter from class org.springframework.data.elasticsearch.core.geo.GeoJsonMultiLineString to interface java.util.Map as writing converter although it doesn't convert to a store-supported type! You might want to check your annotation setup at the converter implementation.
2025-12-18 12:45:24,674 WARN org.springframework.data.convert.CustomConversions [main] Registering converter from interface java.util.Map to class org.springframework.data.elasticsearch.core.geo.GeoJsonMultiLineString as reading converter although it doesn't convert from a store-supported type! You might want to check your annotation setup at the converter implementation.
2025-12-18 12:45:24,674 WARN org.springframework.data.convert.CustomConversions [main] Registering converter from class org.springframework.data.elasticsearch.core.geo.GeoJsonPolygon to interface java.util.Map as writing converter although it doesn't convert to a store-supported type! You might want to check your annotation setup at the converter implementation.
2025-12-18 12:45:24,674 WARN org.springframework.data.convert.CustomConversions [main] Registering converter from interface java.util.Map to class org.springframework.data.elasticsearch.core.geo.GeoJsonPolygon as reading converter although it doesn't convert from a store-supported type! You might want to check your annotation setup at the converter implementation.
2025-12-18 12:45:24,674 WARN org.springframework.data.convert.CustomConversions [main] Registering converter from class org.springframework.data.elasticsearch.core.geo.GeoJsonMultiPolygon to interface java.util.Map as writing converter although it doesn't convert to a store-supported type! You might want to check your annotation setup at the converter implementation.
2025-12-18 12:45:24,674 WARN org.springframework.data.convert.CustomConversions [main] Registering converter from interface java.util.Map to class org.springframework.data.elasticsearch.core.geo.GeoJsonMultiPolygon as reading converter although it doesn't convert from a store-supported type! You might want to check your annotation setup at the converter implementation.
2025-12-18 12:45:24,674 WARN org.springframework.data.convert.CustomConversions [main] Registering converter from class org.springframework.data.elasticsearch.core.geo.GeoJsonGeometryCollection to interface java.util.Map as writing converter although it doesn't convert to a store-supported type! You might want to check your annotation setup at the converter implementation.
2025-12-18 12:45:24,674 WARN org.springframework.data.convert.CustomConversions [main] Registering converter from interface java.util.Map to class org.springframework.data.elasticsearch.core.geo.GeoJsonGeometryCollection as reading converter although it doesn't convert from a store-supported type! You might want to check your annotation setup at the converter implementation.
2025-12-18 12:45:24,750 INFO org.springframework.data.elasticsearch.support.VersionInfo [main] Version Spring Data Elasticsearch: 4.1.5
2025-12-18 12:45:24,751 INFO org.springframework.data.elasticsearch.support.VersionInfo [main] Version Elasticsearch Client in build: 7.9.3
2025-12-18 12:45:24,751 INFO org.springframework.data.elasticsearch.support.VersionInfo [main] Version Elasticsearch Client used: 7.9.3
2025-12-18 12:45:24,751 INFO org.springframework.data.elasticsearch.support.VersionInfo [main] Version Elasticsearch cluster: 7.14.1
2025-12-18 12:45:24,751 WARN org.springframework.data.elasticsearch.support.VersionInfo [main] Version mismatch in between Elasticsearch Client and Cluster: 7.9.3 - 7.14.1
2025-12-18 12:45:24,776 WARN org.springframework.data.elasticsearch.core.mapping.SimpleElasticsearchPersistentProperty [main] Using the property name of 'id' to identify the id property is deprecated. Please annotate the id property with '@Id'
2025-12-18 12:45:24,824 WARN org.springframework.batch.core.listener.AbstractListenerFactoryBean [main] org.springframework.batch.item.ItemReader is an interface. The implementing class will not be queried for annotation based listener configurations. If using @StepScope on a @Bean method, be sure to return the implementing class so listener annotations can be used.
2025-12-18 12:45:24,862 WARN org.springframework.boot.autoconfigure.orm.jpa.JpaBaseConfiguration$JpaWebConfiguration [main] spring.jpa.open-in-view is enabled by default. Therefore, database queries may be performed during view rendering. Explicitly configure spring.jpa.open-in-view to disable this warning
2025-12-18 12:45:24,928 INFO org.springframework.scheduling.concurrent.ExecutorConfigurationSupport [main] Initializing ExecutorService 'applicationTaskExecutor'
2025-12-18 12:45:25,020 WARN org.springframework.boot.autoconfigure.batch.JpaBatchConfigurer [main] JPA does not support custom isolation levels, so locks may not be taken when launching Jobs
2025-12-18 12:45:25,222 INFO org.springframework.batch.core.repository.support.JobRepositoryFactoryBean [main] No database type set, using meta data indicating: SQLSERVER
2025-12-18 12:45:25,236 INFO org.springframework.batch.core.launch.support.SimpleJobLauncher [main] No TaskExecutor has been set, defaulting to synchronous executor.
2025-12-18 12:45:25,257 WARN org.springframework.data.convert.CustomConversions [main] Registering converter from class org.springframework.data.geo.Point to interface java.util.Map as writing converter although it doesn't convert to a store-supported type! You might want to check your annotation setup at the converter implementation.
2025-12-18 12:45:25,257 WARN org.springframework.data.convert.CustomConversions [main] Registering converter from interface java.util.Map to class org.springframework.data.geo.Point as reading converter although it doesn't convert from a store-supported type! You might want to check your annotation setup at the converter implementation.
2025-12-18 12:45:25,257 WARN org.springframework.data.convert.CustomConversions [main] Registering converter from class org.springframework.data.elasticsearch.core.geo.GeoPoint to interface java.util.Map as writing converter although it doesn't convert to a store-supported type! You might want to check your annotation setup at the converter implementation.
2025-12-18 12:45:25,257 WARN org.springframework.data.convert.CustomConversions [main] Registering converter from interface java.util.Map to class org.springframework.data.elasticsearch.core.geo.GeoPoint as reading converter although it doesn't convert from a store-supported type! You might want to check your annotation setup at the converter implementation.
2025-12-18 12:45:25,257 WARN org.springframework.data.convert.CustomConversions [main] Registering converter from interface org.springframework.data.elasticsearch.core.geo.GeoJson to interface java.util.Map as writing converter although it doesn't convert to a store-supported type! You might want to check your annotation setup at the converter implementation.
2025-12-18 12:45:25,257 WARN org.springframework.data.convert.CustomConversions [main] Registering converter from interface java.util.Map to interface org.springframework.data.elasticsearch.core.geo.GeoJson as reading converter although it doesn't convert from a store-supported type! You might want to check your annotation setup at the converter implementation.
2025-12-18 12:45:25,257 WARN org.springframework.data.convert.CustomConversions [main] Registering converter from class org.springframework.data.elasticsearch.core.geo.GeoJsonPoint to interface java.util.Map as writing converter although it doesn't convert to a store-supported type! You might want to check your annotation setup at the converter implementation.
2025-12-18 12:45:25,257 WARN org.springframework.data.convert.CustomConversions [main] Registering converter from interface java.util.Map to class org.springframework.data.elasticsearch.core.geo.GeoJsonPoint as reading converter although it doesn't convert from a store-supported type! You might want to check your annotation setup at the converter implementation.
2025-12-18 12:45:25,257 WARN org.springframework.data.convert.CustomConversions [main] Registering converter from class org.springframework.data.elasticsearch.core.geo.GeoJsonMultiPoint to interface java.util.Map as writing converter although it doesn't convert to a store-supported type! You might want to check your annotation setup at the converter implementation.
2025-12-18 12:45:25,257 WARN org.springframework.data.convert.CustomConversions [main] Registering converter from interface java.util.Map to class org.springframework.data.elasticsearch.core.geo.GeoJsonMultiPoint as reading converter although it doesn't convert from a store-supported type! You might want to check your annotation setup at the converter implementation.
2025-12-18 12:45:25,258 WARN org.springframework.data.convert.CustomConversions [main] Registering converter from class org.springframework.data.elasticsearch.core.geo.GeoJsonLineString to interface java.util.Map as writing converter although it doesn't convert to a store-supported type! You might want to check your annotation setup at the converter implementation.
2025-12-18 12:45:25,258 WARN org.springframework.data.convert.CustomConversions [main] Registering converter from interface java.util.Map to class org.springframework.data.elasticsearch.core.geo.GeoJsonLineString as reading converter although it doesn't convert from a store-supported type! You might want to check your annotation setup at the converter implementation.
2025-12-18 12:45:25,258 WARN org.springframework.data.convert.CustomConversions [main] Registering converter from class org.springframework.data.elasticsearch.core.geo.GeoJsonMultiLineString to interface java.util.Map as writing converter although it doesn't convert to a store-supported type! You might want to check your annotation setup at the converter implementation.
2025-12-18 12:45:25,258 WARN org.springframework.data.convert.CustomConversions [main] Registering converter from interface java.util.Map to class org.springframework.data.elasticsearch.core.geo.GeoJsonMultiLineString as reading converter although it doesn't convert from a store-supported type! You might want to check your annotation setup at the converter implementation.
2025-12-18 12:45:25,258 WARN org.springframework.data.convert.CustomConversions [main] Registering converter from class org.springframework.data.elasticsearch.core.geo.GeoJsonPolygon to interface java.util.Map as writing converter although it doesn't convert to a store-supported type! You might want to check your annotation setup at the converter implementation.
2025-12-18 12:45:25,258 WARN org.springframework.data.convert.CustomConversions [main] Registering converter from interface java.util.Map to class org.springframework.data.elasticsearch.core.geo.GeoJsonPolygon as reading converter although it doesn't convert from a store-supported type! You might want to check your annotation setup at the converter implementation.
2025-12-18 12:45:25,258 WARN org.springframework.data.convert.CustomConversions [main] Registering converter from class org.springframework.data.elasticsearch.core.geo.GeoJsonMultiPolygon to interface java.util.Map as writing converter although it doesn't convert to a store-supported type! You might want to check your annotation setup at the converter implementation.
2025-12-18 12:45:25,258 WARN org.springframework.data.convert.CustomConversions [main] Registering converter from interface java.util.Map to class org.springframework.data.elasticsearch.core.geo.GeoJsonMultiPolygon as reading converter although it doesn't convert from a store-supported type! You might want to check your annotation setup at the converter implementation.
2025-12-18 12:45:25,258 WARN org.springframework.data.convert.CustomConversions [main] Registering converter from class org.springframework.data.elasticsearch.core.geo.GeoJsonGeometryCollection to interface java.util.Map as writing converter although it doesn't convert to a store-supported type! You might want to check your annotation setup at the converter implementation.
2025-12-18 12:45:25,258 WARN org.springframework.data.convert.CustomConversions [main] Registering converter from interface java.util.Map to class org.springframework.data.elasticsearch.core.geo.GeoJsonGeometryCollection as reading converter although it doesn't convert from a store-supported type! You might want to check your annotation setup at the converter implementation.
2025-12-18 12:45:25,274 INFO org.springframework.scheduling.concurrent.ExecutorConfigurationSupport [main] Initializing ExecutorService 'taskScheduler'
2025-12-18 12:45:25,285 INFO org.apache.juli.logging.DirectJDKLog [main] Starting ProtocolHandler ["http-nio-8080"]
2025-12-18 12:45:25,288 WARN org.springframework.context.support.AbstractApplicationContext [main] Exception encountered during context initialization - cancelling refresh attempt: org.springframework.context.ApplicationContextException: Failed to start bean 'webServerStartStop'; nested exception is org.springframework.boot.web.server.PortInUseException: Port 8080 is already in use
2025-12-18 12:45:25,289 INFO org.springframework.scheduling.concurrent.ExecutorConfigurationSupport [main] Shutting down ExecutorService 'taskScheduler'
2025-12-18 12:45:25,289 INFO org.springframework.scheduling.concurrent.ExecutorConfigurationSupport [main] Shutting down ExecutorService 'applicationTaskExecutor'
2025-12-18 12:45:25,291 INFO org.springframework.orm.jpa.AbstractEntityManagerFactoryBean [main] Closing JPA EntityManagerFactory for persistence unit 'default'
2025-12-18 12:45:25,292 INFO com.zaxxer.hikari.HikariDataSource [main] HikariPool-1 - Shutdown initiated...
2025-12-18 12:45:25,793 INFO com.zaxxer.hikari.HikariDataSource [main] HikariPool-1 - Shutdown completed.
2025-12-18 12:45:25,796 INFO org.apache.juli.logging.DirectJDKLog [main] Pausing ProtocolHandler ["http-nio-8080"]
2025-12-18 12:45:25,796 INFO org.apache.juli.logging.DirectJDKLog [main] Stopping service [Tomcat]
2025-12-18 12:45:25,801 INFO org.apache.juli.logging.DirectJDKLog [main] Stopping ProtocolHandler ["http-nio-8080"]
2025-12-18 12:45:25,801 INFO org.apache.juli.logging.DirectJDKLog [main] Destroying ProtocolHandler ["http-nio-8080"]
2025-12-18 12:45:25,809 INFO org.springframework.boot.autoconfigure.logging.ConditionEvaluationReportLoggingListener [main] 

Error starting ApplicationContext. To display the conditions report re-run your application with 'debug' enabled.
2025-12-18 12:45:25,821 ERROR org.springframework.boot.diagnostics.LoggingFailureAnalysisReporter [main] 

***************************
APPLICATION FAILED TO START
***************************

Description:

Web server failed to start. Port 8080 was already in use.

Action:

Identify and stop the process that's listening on port 8080 or configure this application to listen on another port.

2025-12-18 12:45:55,329 ERROR com.kit.migrator.datamigrator.DataMigratorApplication [scheduling-1] Failed to run
org.springframework.jdbc.BadSqlGrammarException: PreparedStatementCallback; bad SQL grammar [SELECT JOB_INSTANCE_ID, JOB_NAME from BATCH_JOB_INSTANCE where JOB_NAME = ? and JOB_KEY = ?]; nested exception is com.microsoft.sqlserver.jdbc.SQLServerException: Invalid object name 'BATCH_JOB_INSTANCE'.
	at org.springframework.jdbc.support.SQLErrorCodeSQLExceptionTranslator.doTranslate(SQLErrorCodeSQLExceptionTranslator.java:239)
	at org.springframework.jdbc.support.AbstractFallbackSQLExceptionTranslator.translate(AbstractFallbackSQLExceptionTranslator.java:70)
	at org.springframework.jdbc.core.JdbcTemplate.translateException(JdbcTemplate.java:1541)
	at org.springframework.jdbc.core.JdbcTemplate.execute(JdbcTemplate.java:667)
	at org.springframework.jdbc.core.JdbcTemplate.query(JdbcTemplate.java:713)
	at org.springframework.jdbc.core.JdbcTemplate.query(JdbcTemplate.java:744)
	at org.springframework.jdbc.core.JdbcTemplate.query(JdbcTemplate.java:757)
	at org.springframework.jdbc.core.JdbcTemplate.query(JdbcTemplate.java:815)
	at org.springframework.batch.core.repository.dao.JdbcJobInstanceDao.getJobInstance(JdbcJobInstanceDao.java:151)
	at org.springframework.batch.core.repository.support.SimpleJobRepository.getLastJobExecution(SimpleJobRepository.java:266)
	at sun.reflect.NativeMethodAccessorImpl.invoke0(Native Method)
	at sun.reflect.NativeMethodAccessorImpl.invoke(NativeMethodAccessorImpl.java:62)
	at sun.reflect.DelegatingMethodAccessorImpl.invoke(DelegatingMethodAccessorImpl.java:43)
	at java.lang.reflect.Method.invoke(Method.java:498)
	at org.springframework.aop.support.AopUtils.invokeJoinpointUsingReflection(AopUtils.java:344)
	at org.springframework.aop.framework.ReflectiveMethodInvocation.invokeJoinpoint(ReflectiveMethodInvocation.java:198)
	at org.springframework.aop.framework.ReflectiveMethodInvocation.proceed(ReflectiveMethodInvocation.java:163)
	at org.springframework.transaction.interceptor.TransactionInterceptor$1.proceedWithInvocation(TransactionInterceptor.java:123)
	at org.springframework.transaction.interceptor.TransactionAspectSupport.invokeWithinTransaction(TransactionAspectSupport.java:388)
	at org.springframework.transaction.interceptor.TransactionInterceptor.invoke(TransactionInterceptor.java:119)
	at org.springframework.aop.framework.ReflectiveMethodInvocation.proceed(ReflectiveMethodInvocation.java:186)
	at org.springframework.aop.framework.JdkDynamicAopProxy.invoke(JdkDynamicAopProxy.java:215)
	at com.sun.proxy.$Proxy88.getLastJobExecution(Unknown Source)
	at org.springframework.batch.core.launch.support.SimpleJobLauncher.run(SimpleJobLauncher.java:104)
	at sun.reflect.NativeMethodAccessorImpl.invoke0(Native Method)
	at sun.reflect.NativeMethodAccessorImpl.invoke(NativeMethodAccessorImpl.java:62)
	at sun.reflect.DelegatingMethodAccessorImpl.invoke(DelegatingMethodAccessorImpl.java:43)
	at java.lang.reflect.Method.invoke(Method.java:498)
	at org.springframework.aop.support.AopUtils.invokeJoinpointUsingReflection(AopUtils.java:344)
	at org.springframework.aop.framework.ReflectiveMethodInvocation.invokeJoinpoint(ReflectiveMethodInvocation.java:198)
	at org.springframework.aop.framework.ReflectiveMethodInvocation.proceed(ReflectiveMethodInvocation.java:163)
	at org.springframework.batch.core.configuration.annotation.SimpleBatchConfiguration$PassthruAdvice.invoke(SimpleBatchConfiguration.java:128)
	at org.springframework.aop.framework.ReflectiveMethodInvocation.proceed(ReflectiveMethodInvocation.java:186)
	at org.springframework.aop.framework.JdkDynamicAopProxy.invoke(JdkDynamicAopProxy.java:215)
	at com.sun.proxy.$Proxy90.run(Unknown Source)
	at com.kit.migrator.datamigrator.DataMigratorApplication.launchJob(DataMigratorApplication.java:62)
	at com.kit.migrator.datamigrator.DataMigratorApplication.runJob(DataMigratorApplication.java:52)
	at sun.reflect.NativeMethodAccessorImpl.invoke0(Native Method)
	at sun.reflect.NativeMethodAccessorImpl.invoke(NativeMethodAccessorImpl.java:62)
	at sun.reflect.DelegatingMethodAccessorImpl.invoke(DelegatingMethodAccessorImpl.java:43)
	at java.lang.reflect.Method.invoke(Method.java:498)
	at org.springframework.scheduling.support.ScheduledMethodRunnable.run(ScheduledMethodRunnable.java:84)
	at org.springframework.scheduling.support.DelegatingErrorHandlingRunnable.run(DelegatingErrorHandlingRunnable.java:54)
	at java.util.concurrent.Executors$RunnableAdapter.call(Executors.java:511)
	at java.util.concurrent.FutureTask.runAndReset(FutureTask.java:308)
	at java.util.concurrent.ScheduledThreadPoolExecutor$ScheduledFutureTask.access$301(ScheduledThreadPoolExecutor.java:180)
	at java.util.concurrent.ScheduledThreadPoolExecutor$ScheduledFutureTask.run(ScheduledThreadPoolExecutor.java:294)
	at java.util.concurrent.ThreadPoolExecutor.runWorker(ThreadPoolExecutor.java:1149)
	at java.util.concurrent.ThreadPoolExecutor$Worker.run(ThreadPoolExecutor.java:624)
	at java.lang.Thread.run(Thread.java:750)
Caused by: com.microsoft.sqlserver.jdbc.SQLServerException: Invalid object name 'BATCH_JOB_INSTANCE'.
	at com.microsoft.sqlserver.jdbc.SQLServerException.makeFromDatabaseError(SQLServerException.java:262)
	at com.microsoft.sqlserver.jdbc.SQLServerStatement.getNextResult(SQLServerStatement.java:1632)
	at com.microsoft.sqlserver.jdbc.SQLServerPreparedStatement.doExecutePreparedStatement(SQLServerPreparedStatement.java:602)
	at com.microsoft.sqlserver.jdbc.SQLServerPreparedStatement$PrepStmtExecCmd.doExecute(SQLServerPreparedStatement.java:524)
	at com.microsoft.sqlserver.jdbc.TDSCommand.execute(IOBuffer.java:7375)
	at com.microsoft.sqlserver.jdbc.SQLServerConnection.executeCommand(SQLServerConnection.java:3206)
	at com.microsoft.sqlserver.jdbc.SQLServerStatement.executeCommand(SQLServerStatement.java:247)
	at com.microsoft.sqlserver.jdbc.SQLServerStatement.executeStatement(SQLServerStatement.java:222)
	at com.microsoft.sqlserver.jdbc.SQLServerPreparedStatement.executeQuery(SQLServerPreparedStatement.java:446)
	at com.zaxxer.hikari.pool.ProxyPreparedStatement.executeQuery(ProxyPreparedStatement.java:52)
	at com.zaxxer.hikari.pool.HikariProxyPreparedStatement.executeQuery(HikariProxyPreparedStatement.java)
	at org.springframework.jdbc.core.JdbcTemplate$1.doInPreparedStatement(JdbcTemplate.java:722)
	at org.springframework.jdbc.core.JdbcTemplate.execute(JdbcTemplate.java:651)
	... 46 common frames omitted
2025-12-18 12:45:56,513 INFO org.springframework.boot.StartupInfoLogger [main] Starting DataMigratorApplication using Java 1.8.0_461 on Anwaruls-MacBook-Pro.local with PID 52026 (/Users/anwar/Projects/KTS/SNSOP/Applications/spring-batch/target/classes started by anwar in /Users/anwar/Projects/KTS/SNSOP/Applications/spring-batch)
2025-12-18 12:45:56,515 INFO org.springframework.boot.SpringApplication [main] No active profile set, falling back to default profiles: default
2025-12-18 12:45:56,903 INFO org.springframework.data.repository.config.RepositoryConfigurationDelegate [main] Multiple Spring Data modules found, entering strict repository configuration mode!
2025-12-18 12:45:56,904 INFO org.springframework.data.repository.config.RepositoryConfigurationDelegate [main] Bootstrapping Spring Data Elasticsearch repositories in DEFAULT mode.
2025-12-18 12:45:56,927 INFO org.springframework.data.repository.config.RepositoryConfigurationExtensionSupport [main] Spring Data Elasticsearch - Could not safely identify store assignment for repository candidate interface com.kit.migrator.datamigrator.repository.BeneficiaryRepository. If you want this repository to be a Elasticsearch repository, consider annotating your entities with one of these annotations: org.springframework.data.elasticsearch.annotations.Document (preferred), or consider extending one of the following types with your repository: org.springframework.data.elasticsearch.repository.ElasticsearchRepository, org.springframework.data.elasticsearch.repository.ElasticsearchRepository.
2025-12-18 12:45:56,942 INFO org.springframework.data.repository.config.RepositoryConfigurationDelegate [main] Finished Spring Data repository scanning in 36 ms. Found 1 Elasticsearch repository interfaces.
2025-12-18 12:45:56,945 INFO org.springframework.data.repository.config.RepositoryConfigurationDelegate [main] Multiple Spring Data modules found, entering strict repository configuration mode!
2025-12-18 12:45:56,945 INFO org.springframework.data.repository.config.RepositoryConfigurationDelegate [main] Bootstrapping Spring Data Reactive Elasticsearch repositories in DEFAULT mode.
2025-12-18 12:45:56,953 INFO org.springframework.data.repository.config.RepositoryConfigurationExtensionSupport [main] Spring Data Reactive Elasticsearch - Could not safely identify store assignment for repository candidate interface com.kit.migrator.datamigrator.repository.BeneficiaryRepository. If you want this repository to be a Reactive Elasticsearch repository, consider annotating your entities with one of these annotations: org.springframework.data.elasticsearch.annotations.Document (preferred), or consider extending one of the following types with your repository: org.springframework.data.elasticsearch.repository.ReactiveElasticsearchRepository.
2025-12-18 12:45:56,953 INFO org.springframework.data.repository.config.RepositoryConfigurationDelegate [main] Finished Spring Data repository scanning in 7 ms. Found 0 Reactive Elasticsearch repository interfaces.
2025-12-18 12:45:56,959 INFO org.springframework.data.repository.config.RepositoryConfigurationDelegate [main] Multiple Spring Data modules found, entering strict repository configuration mode!
2025-12-18 12:45:56,960 INFO org.springframework.data.repository.config.RepositoryConfigurationDelegate [main] Bootstrapping Spring Data JPA repositories in DEFAULT mode.
2025-12-18 12:45:56,966 INFO org.springframework.data.repository.config.RepositoryConfigurationExtensionSupport [main] Spring Data JPA - Could not safely identify store assignment for repository candidate interface com.kit.migrator.datamigrator.repository.BeneficiaryESRepository. If you want this repository to be a JPA repository, consider annotating your entities with one of these annotations: javax.persistence.Entity, javax.persistence.MappedSuperclass (preferred), or consider extending one of the following types with your repository: org.springframework.data.jpa.repository.JpaRepository.
2025-12-18 12:45:56,969 INFO org.springframework.data.repository.config.RepositoryConfigurationDelegate [main] Finished Spring Data repository scanning in 6 ms. Found 1 JPA repository interfaces.
2025-12-18 12:45:57,279 INFO org.springframework.boot.web.embedded.tomcat.TomcatWebServer [main] Tomcat initialized with port(s): 8084 (http)
2025-12-18 12:45:57,284 INFO org.apache.juli.logging.DirectJDKLog [main] Initializing ProtocolHandler ["http-nio-8084"]
2025-12-18 12:45:57,285 INFO org.apache.juli.logging.DirectJDKLog [main] Starting service [Tomcat]
2025-12-18 12:45:57,285 INFO org.apache.juli.logging.DirectJDKLog [main] Starting Servlet engine: [Apache Tomcat/9.0.43]
2025-12-18 12:45:57,320 INFO org.apache.juli.logging.DirectJDKLog [main] Initializing Spring embedded WebApplicationContext
2025-12-18 12:45:57,320 INFO org.springframework.boot.web.servlet.context.ServletWebServerApplicationContext [main] Root WebApplicationContext: initialization completed in 775 ms
2025-12-18 12:45:57,520 INFO org.hibernate.jpa.internal.util.LogHelper [main] HHH000204: Processing PersistenceUnitInfo [name: default]
2025-12-18 12:45:57,552 INFO org.hibernate.Version [main] HHH000412: Hibernate ORM core version 5.4.28.Final
2025-12-18 12:45:57,627 INFO org.hibernate.annotations.common.reflection.java.JavaReflectionManager [main] HCANN000001: Hibernate Commons Annotations {5.1.2.Final}
2025-12-18 12:45:57,684 INFO com.zaxxer.hikari.HikariDataSource [main] HikariPool-1 - Starting...
2025-12-18 12:45:59,411 INFO com.zaxxer.hikari.HikariDataSource [main] HikariPool-1 - Start completed.
2025-12-18 12:45:59,438 INFO org.hibernate.dialect.Dialect [main] HHH000400: Using dialect: org.hibernate.dialect.SQLServer2012Dialect
2025-12-18 12:46:01,074 INFO org.hibernate.engine.transaction.jta.platform.internal.JtaPlatformInitiator [main] HHH000490: Using JtaPlatform implementation: [org.hibernate.engine.transaction.jta.platform.internal.NoJtaPlatform]
2025-12-18 12:46:01,080 INFO org.springframework.orm.jpa.AbstractEntityManagerFactoryBean [main] Initialized JPA EntityManagerFactory for persistence unit 'default'
2025-12-18 12:46:01,582 WARN org.springframework.data.convert.CustomConversions [main] Registering converter from class org.springframework.data.geo.Point to interface java.util.Map as writing converter although it doesn't convert to a store-supported type! You might want to check your annotation setup at the converter implementation.
2025-12-18 12:46:01,583 WARN org.springframework.data.convert.CustomConversions [main] Registering converter from interface java.util.Map to class org.springframework.data.geo.Point as reading converter although it doesn't convert from a store-supported type! You might want to check your annotation setup at the converter implementation.
2025-12-18 12:46:01,583 WARN org.springframework.data.convert.CustomConversions [main] Registering converter from class org.springframework.data.elasticsearch.core.geo.GeoPoint to interface java.util.Map as writing converter although it doesn't convert to a store-supported type! You might want to check your annotation setup at the converter implementation.
2025-12-18 12:46:01,583 WARN org.springframework.data.convert.CustomConversions [main] Registering converter from interface java.util.Map to class org.springframework.data.elasticsearch.core.geo.GeoPoint as reading converter although it doesn't convert from a store-supported type! You might want to check your annotation setup at the converter implementation.
2025-12-18 12:46:01,583 WARN org.springframework.data.convert.CustomConversions [main] Registering converter from interface org.springframework.data.elasticsearch.core.geo.GeoJson to interface java.util.Map as writing converter although it doesn't convert to a store-supported type! You might want to check your annotation setup at the converter implementation.
2025-12-18 12:46:01,583 WARN org.springframework.data.convert.CustomConversions [main] Registering converter from interface java.util.Map to interface org.springframework.data.elasticsearch.core.geo.GeoJson as reading converter although it doesn't convert from a store-supported type! You might want to check your annotation setup at the converter implementation.
2025-12-18 12:46:01,584 WARN org.springframework.data.convert.CustomConversions [main] Registering converter from class org.springframework.data.elasticsearch.core.geo.GeoJsonPoint to interface java.util.Map as writing converter although it doesn't convert to a store-supported type! You might want to check your annotation setup at the converter implementation.
2025-12-18 12:46:01,584 WARN org.springframework.data.convert.CustomConversions [main] Registering converter from interface java.util.Map to class org.springframework.data.elasticsearch.core.geo.GeoJsonPoint as reading converter although it doesn't convert from a store-supported type! You might want to check your annotation setup at the converter implementation.
2025-12-18 12:46:01,584 WARN org.springframework.data.convert.CustomConversions [main] Registering converter from class org.springframework.data.elasticsearch.core.geo.GeoJsonMultiPoint to interface java.util.Map as writing converter although it doesn't convert to a store-supported type! You might want to check your annotation setup at the converter implementation.
2025-12-18 12:46:01,584 WARN org.springframework.data.convert.CustomConversions [main] Registering converter from interface java.util.Map to class org.springframework.data.elasticsearch.core.geo.GeoJsonMultiPoint as reading converter although it doesn't convert from a store-supported type! You might want to check your annotation setup at the converter implementation.
2025-12-18 12:46:01,584 WARN org.springframework.data.convert.CustomConversions [main] Registering converter from class org.springframework.data.elasticsearch.core.geo.GeoJsonLineString to interface java.util.Map as writing converter although it doesn't convert to a store-supported type! You might want to check your annotation setup at the converter implementation.
2025-12-18 12:46:01,584 WARN org.springframework.data.convert.CustomConversions [main] Registering converter from interface java.util.Map to class org.springframework.data.elasticsearch.core.geo.GeoJsonLineString as reading converter although it doesn't convert from a store-supported type! You might want to check your annotation setup at the converter implementation.
2025-12-18 12:46:01,584 WARN org.springframework.data.convert.CustomConversions [main] Registering converter from class org.springframework.data.elasticsearch.core.geo.GeoJsonMultiLineString to interface java.util.Map as writing converter although it doesn't convert to a store-supported type! You might want to check your annotation setup at the converter implementation.
2025-12-18 12:46:01,584 WARN org.springframework.data.convert.CustomConversions [main] Registering converter from interface java.util.Map to class org.springframework.data.elasticsearch.core.geo.GeoJsonMultiLineString as reading converter although it doesn't convert from a store-supported type! You might want to check your annotation setup at the converter implementation.
2025-12-18 12:46:01,585 WARN org.springframework.data.convert.CustomConversions [main] Registering converter from class org.springframework.data.elasticsearch.core.geo.GeoJsonPolygon to interface java.util.Map as writing converter although it doesn't convert to a store-supported type! You might want to check your annotation setup at the converter implementation.
2025-12-18 12:46:01,585 WARN org.springframework.data.convert.CustomConversions [main] Registering converter from interface java.util.Map to class org.springframework.data.elasticsearch.core.geo.GeoJsonPolygon as reading converter although it doesn't convert from a store-supported type! You might want to check your annotation setup at the converter implementation.
2025-12-18 12:46:01,585 WARN org.springframework.data.convert.CustomConversions [main] Registering converter from class org.springframework.data.elasticsearch.core.geo.GeoJsonMultiPolygon to interface java.util.Map as writing converter although it doesn't convert to a store-supported type! You might want to check your annotation setup at the converter implementation.
2025-12-18 12:46:01,585 WARN org.springframework.data.convert.CustomConversions [main] Registering converter from interface java.util.Map to class org.springframework.data.elasticsearch.core.geo.GeoJsonMultiPolygon as reading converter although it doesn't convert from a store-supported type! You might want to check your annotation setup at the converter implementation.
2025-12-18 12:46:01,585 WARN org.springframework.data.convert.CustomConversions [main] Registering converter from class org.springframework.data.elasticsearch.core.geo.GeoJsonGeometryCollection to interface java.util.Map as writing converter although it doesn't convert to a store-supported type! You might want to check your annotation setup at the converter implementation.
2025-12-18 12:46:01,585 WARN org.springframework.data.convert.CustomConversions [main] Registering converter from interface java.util.Map to class org.springframework.data.elasticsearch.core.geo.GeoJsonGeometryCollection as reading converter although it doesn't convert from a store-supported type! You might want to check your annotation setup at the converter implementation.
2025-12-18 12:46:01,672 INFO org.springframework.data.elasticsearch.support.VersionInfo [main] Version Spring Data Elasticsearch: 4.1.5
2025-12-18 12:46:01,672 INFO org.springframework.data.elasticsearch.support.VersionInfo [main] Version Elasticsearch Client in build: 7.9.3
2025-12-18 12:46:01,672 INFO org.springframework.data.elasticsearch.support.VersionInfo [main] Version Elasticsearch Client used: 7.9.3
2025-12-18 12:46:01,672 INFO org.springframework.data.elasticsearch.support.VersionInfo [main] Version Elasticsearch cluster: 7.14.1
2025-12-18 12:46:01,672 WARN org.springframework.data.elasticsearch.support.VersionInfo [main] Version mismatch in between Elasticsearch Client and Cluster: 7.9.3 - 7.14.1
2025-12-18 12:46:01,700 WARN org.springframework.data.elasticsearch.core.mapping.SimpleElasticsearchPersistentProperty [main] Using the property name of 'id' to identify the id property is deprecated. Please annotate the id property with '@Id'
2025-12-18 12:46:01,747 WARN org.springframework.batch.core.listener.AbstractListenerFactoryBean [main] org.springframework.batch.item.ItemReader is an interface. The implementing class will not be queried for annotation based listener configurations. If using @StepScope on a @Bean method, be sure to return the implementing class so listener annotations can be used.
2025-12-18 12:46:01,782 WARN org.springframework.boot.autoconfigure.orm.jpa.JpaBaseConfiguration$JpaWebConfiguration [main] spring.jpa.open-in-view is enabled by default. Therefore, database queries may be performed during view rendering. Explicitly configure spring.jpa.open-in-view to disable this warning
2025-12-18 12:46:01,849 INFO org.springframework.scheduling.concurrent.ExecutorConfigurationSupport [main] Initializing ExecutorService 'applicationTaskExecutor'
2025-12-18 12:46:01,944 WARN org.springframework.boot.autoconfigure.batch.JpaBatchConfigurer [main] JPA does not support custom isolation levels, so locks may not be taken when launching Jobs
2025-12-18 12:46:02,258 INFO org.springframework.batch.core.repository.support.JobRepositoryFactoryBean [main] No database type set, using meta data indicating: SQLSERVER
2025-12-18 12:46:02,287 INFO org.springframework.batch.core.launch.support.SimpleJobLauncher [main] No TaskExecutor has been set, defaulting to synchronous executor.
2025-12-18 12:46:02,317 WARN org.springframework.data.convert.CustomConversions [main] Registering converter from class org.springframework.data.geo.Point to interface java.util.Map as writing converter although it doesn't convert to a store-supported type! You might want to check your annotation setup at the converter implementation.
2025-12-18 12:46:02,317 WARN org.springframework.data.convert.CustomConversions [main] Registering converter from interface java.util.Map to class org.springframework.data.geo.Point as reading converter although it doesn't convert from a store-supported type! You might want to check your annotation setup at the converter implementation.
2025-12-18 12:46:02,317 WARN org.springframework.data.convert.CustomConversions [main] Registering converter from class org.springframework.data.elasticsearch.core.geo.GeoPoint to interface java.util.Map as writing converter although it doesn't convert to a store-supported type! You might want to check your annotation setup at the converter implementation.
2025-12-18 12:46:02,317 WARN org.springframework.data.convert.CustomConversions [main] Registering converter from interface java.util.Map to class org.springframework.data.elasticsearch.core.geo.GeoPoint as reading converter although it doesn't convert from a store-supported type! You might want to check your annotation setup at the converter implementation.
2025-12-18 12:46:02,318 WARN org.springframework.data.convert.CustomConversions [main] Registering converter from interface org.springframework.data.elasticsearch.core.geo.GeoJson to interface java.util.Map as writing converter although it doesn't convert to a store-supported type! You might want to check your annotation setup at the converter implementation.
2025-12-18 12:46:02,318 WARN org.springframework.data.convert.CustomConversions [main] Registering converter from interface java.util.Map to interface org.springframework.data.elasticsearch.core.geo.GeoJson as reading converter although it doesn't convert from a store-supported type! You might want to check your annotation setup at the converter implementation.
2025-12-18 12:46:02,318 WARN org.springframework.data.convert.CustomConversions [main] Registering converter from class org.springframework.data.elasticsearch.core.geo.GeoJsonPoint to interface java.util.Map as writing converter although it doesn't convert to a store-supported type! You might want to check your annotation setup at the converter implementation.
2025-12-18 12:46:02,318 WARN org.springframework.data.convert.CustomConversions [main] Registering converter from interface java.util.Map to class org.springframework.data.elasticsearch.core.geo.GeoJsonPoint as reading converter although it doesn't convert from a store-supported type! You might want to check your annotation setup at the converter implementation.
2025-12-18 12:46:02,318 WARN org.springframework.data.convert.CustomConversions [main] Registering converter from class org.springframework.data.elasticsearch.core.geo.GeoJsonMultiPoint to interface java.util.Map as writing converter although it doesn't convert to a store-supported type! You might want to check your annotation setup at the converter implementation.
2025-12-18 12:46:02,318 WARN org.springframework.data.convert.CustomConversions [main] Registering converter from interface java.util.Map to class org.springframework.data.elasticsearch.core.geo.GeoJsonMultiPoint as reading converter although it doesn't convert from a store-supported type! You might want to check your annotation setup at the converter implementation.
2025-12-18 12:46:02,318 WARN org.springframework.data.convert.CustomConversions [main] Registering converter from class org.springframework.data.elasticsearch.core.geo.GeoJsonLineString to interface java.util.Map as writing converter although it doesn't convert to a store-supported type! You might want to check your annotation setup at the converter implementation.
2025-12-18 12:46:02,319 WARN org.springframework.data.convert.CustomConversions [main] Registering converter from interface java.util.Map to class org.springframework.data.elasticsearch.core.geo.GeoJsonLineString as reading converter although it doesn't convert from a store-supported type! You might want to check your annotation setup at the converter implementation.
2025-12-18 12:46:02,319 WARN org.springframework.data.convert.CustomConversions [main] Registering converter from class org.springframework.data.elasticsearch.core.geo.GeoJsonMultiLineString to interface java.util.Map as writing converter although it doesn't convert to a store-supported type! You might want to check your annotation setup at the converter implementation.
2025-12-18 12:46:02,319 WARN org.springframework.data.convert.CustomConversions [main] Registering converter from interface java.util.Map to class org.springframework.data.elasticsearch.core.geo.GeoJsonMultiLineString as reading converter although it doesn't convert from a store-supported type! You might want to check your annotation setup at the converter implementation.
2025-12-18 12:46:02,319 WARN org.springframework.data.convert.CustomConversions [main] Registering converter from class org.springframework.data.elasticsearch.core.geo.GeoJsonPolygon to interface java.util.Map as writing converter although it doesn't convert to a store-supported type! You might want to check your annotation setup at the converter implementation.
2025-12-18 12:46:02,319 WARN org.springframework.data.convert.CustomConversions [main] Registering converter from interface java.util.Map to class org.springframework.data.elasticsearch.core.geo.GeoJsonPolygon as reading converter although it doesn't convert from a store-supported type! You might want to check your annotation setup at the converter implementation.
2025-12-18 12:46:02,319 WARN org.springframework.data.convert.CustomConversions [main] Registering converter from class org.springframework.data.elasticsearch.core.geo.GeoJsonMultiPolygon to interface java.util.Map as writing converter although it doesn't convert to a store-supported type! You might want to check your annotation setup at the converter implementation.
2025-12-18 12:46:02,319 WARN org.springframework.data.convert.CustomConversions [main] Registering converter from interface java.util.Map to class org.springframework.data.elasticsearch.core.geo.GeoJsonMultiPolygon as reading converter although it doesn't convert from a store-supported type! You might want to check your annotation setup at the converter implementation.
2025-12-18 12:46:02,319 WARN org.springframework.data.convert.CustomConversions [main] Registering converter from class org.springframework.data.elasticsearch.core.geo.GeoJsonGeometryCollection to interface java.util.Map as writing converter although it doesn't convert to a store-supported type! You might want to check your annotation setup at the converter implementation.
2025-12-18 12:46:02,319 WARN org.springframework.data.convert.CustomConversions [main] Registering converter from interface java.util.Map to class org.springframework.data.elasticsearch.core.geo.GeoJsonGeometryCollection as reading converter although it doesn't convert from a store-supported type! You might want to check your annotation setup at the converter implementation.
2025-12-18 12:46:02,337 INFO org.springframework.scheduling.concurrent.ExecutorConfigurationSupport [main] Initializing ExecutorService 'taskScheduler'
2025-12-18 12:46:02,345 INFO org.apache.juli.logging.DirectJDKLog [main] Starting ProtocolHandler ["http-nio-8084"]
2025-12-18 12:46:02,351 INFO org.springframework.boot.web.embedded.tomcat.TomcatWebServer [main] Tomcat started on port(s): 8084 (http) with context path ''
2025-12-18 12:46:02,359 INFO org.springframework.boot.StartupInfoLogger [main] Started DataMigratorApplication in 6.054 seconds (JVM running for 6.285)
2025-12-18 12:46:06,985 INFO org.springframework.batch.core.launch.support.SimpleJobLauncher$1 [scheduling-1] Job: [SimpleJob: [name=esJob]] launched with the following parameters: [{TRACE_ID=1d31703e-cebe-486c-b0a5-b49676a989d5}]
2025-12-18 12:46:12,215 INFO org.springframework.batch.core.job.SimpleStepHandler [scheduling-1] Executing step: [esStep1]
2025-12-18 12:48:01,066 INFO com.kit.migrator.datamigrator.service.BeneficiaryESWriter [scheduling-1]  >>> 9ab9ece7-52ab-44a1-bb82-db39713e2c7f
2025-12-18 12:48:01,503 INFO com.kit.migrator.datamigrator.service.BeneficiaryESWriter [scheduling-1]  ## ES Migration done for 9ab9ece7-52ab-44a1-bb82-db39713e2c7f 
2025-12-18 12:48:01,504 INFO com.kit.migrator.datamigrator.service.BeneficiaryESWriter [scheduling-1]  >>> 9c757838-99c3-45dd-9605-c8c19ca66424
2025-12-18 12:48:01,792 INFO com.kit.migrator.datamigrator.service.BeneficiaryESWriter [scheduling-1]  ## ES Migration done for 9c757838-99c3-45dd-9605-c8c19ca66424 
2025-12-18 12:48:01,792 INFO com.kit.migrator.datamigrator.service.BeneficiaryESWriter [scheduling-1]  >>> 5813cdcf-5c27-431c-b724-9aff5f161168
2025-12-18 12:48:02,110 INFO com.kit.migrator.datamigrator.service.BeneficiaryESWriter [scheduling-1]  ## ES Migration done for 5813cdcf-5c27-431c-b724-9aff5f161168 
2025-12-18 12:48:02,111 INFO com.kit.migrator.datamigrator.service.BeneficiaryESWriter [scheduling-1]  >>> aaf62b90-af2a-4ca4-983a-76b2413cd7e6
2025-12-18 12:48:02,418 INFO com.kit.migrator.datamigrator.service.BeneficiaryESWriter [scheduling-1]  ## ES Migration done for aaf62b90-af2a-4ca4-983a-76b2413cd7e6 
2025-12-18 12:48:02,419 INFO com.kit.migrator.datamigrator.service.BeneficiaryESWriter [scheduling-1]  >>> 2b22d364-11cf-41f1-a28d-c1ece4529bba
2025-12-18 12:48:02,811 INFO com.kit.migrator.datamigrator.service.BeneficiaryESWriter [scheduling-1]  ## ES Migration done for 2b22d364-11cf-41f1-a28d-c1ece4529bba 
2025-12-18 12:48:02,813 INFO com.kit.migrator.datamigrator.service.BeneficiaryESWriter [scheduling-1]  >>> 18af75d5-b4c5-4e4d-b3b4-39eb2717f167
2025-12-18 12:48:03,121 INFO com.kit.migrator.datamigrator.service.BeneficiaryESWriter [scheduling-1]  ## ES Migration done for 18af75d5-b4c5-4e4d-b3b4-39eb2717f167 
2025-12-18 12:48:03,122 INFO com.kit.migrator.datamigrator.service.BeneficiaryESWriter [scheduling-1]  >>> 9ea4b59a-7953-4450-85b7-8d45310351b8
2025-12-18 12:48:03,422 INFO com.kit.migrator.datamigrator.service.BeneficiaryESWriter [scheduling-1]  ## ES Migration done for 9ea4b59a-7953-4450-85b7-8d45310351b8 
2025-12-18 12:48:03,424 INFO com.kit.migrator.datamigrator.service.BeneficiaryESWriter [scheduling-1]  >>> 5cd060b0-95e1-43f8-bdc0-218ce8724c5d
2025-12-18 12:48:03,720 INFO com.kit.migrator.datamigrator.service.BeneficiaryESWriter [scheduling-1]  ## ES Migration done for 5cd060b0-95e1-43f8-bdc0-218ce8724c5d 
2025-12-18 12:48:03,721 INFO com.kit.migrator.datamigrator.service.BeneficiaryESWriter [scheduling-1]  >>> 916631c9-2d57-4c5d-9c45-f0948a5912ea
2025-12-18 12:48:03,996 INFO com.kit.migrator.datamigrator.service.BeneficiaryESWriter [scheduling-1]  ## ES Migration done for 916631c9-2d57-4c5d-9c45-f0948a5912ea 
2025-12-18 12:48:03,997 INFO com.kit.migrator.datamigrator.service.BeneficiaryESWriter [scheduling-1]  >>> 1e5da47c-cde1-4f6f-b0e7-a67da6a78b21
2025-12-18 12:48:04,284 INFO com.kit.migrator.datamigrator.service.BeneficiaryESWriter [scheduling-1]  ## ES Migration done for 1e5da47c-cde1-4f6f-b0e7-a67da6a78b21 
2025-12-18 12:48:04,286 INFO com.kit.migrator.datamigrator.service.BeneficiaryESWriter [scheduling-1]  >>> 76a99b51-98e2-4897-ae4e-02da56619923
2025-12-18 12:48:04,649 INFO com.kit.migrator.datamigrator.service.BeneficiaryESWriter [scheduling-1]  ## ES Migration done for 76a99b51-98e2-4897-ae4e-02da56619923 
2025-12-18 12:48:04,650 INFO com.kit.migrator.datamigrator.service.BeneficiaryESWriter [scheduling-1]  >>> f960e988-c941-4085-bc7a-30af65e6e27a
2025-12-18 12:48:05,059 INFO com.kit.migrator.datamigrator.service.BeneficiaryESWriter [scheduling-1]  ## ES Migration done for f960e988-c941-4085-bc7a-30af65e6e27a 
2025-12-18 12:48:05,060 INFO com.kit.migrator.datamigrator.service.BeneficiaryESWriter [scheduling-1]  >>> e3c06f4b-5583-46a0-9a26-82f1ecc3cb6d
2025-12-18 12:48:05,362 INFO com.kit.migrator.datamigrator.service.BeneficiaryESWriter [scheduling-1]  ## ES Migration done for e3c06f4b-5583-46a0-9a26-82f1ecc3cb6d 
2025-12-18 12:48:05,364 INFO com.kit.migrator.datamigrator.service.BeneficiaryESWriter [scheduling-1]  >>> 175bce04-6061-4955-891b-b66e90df489b
2025-12-18 12:48:05,648 INFO com.kit.migrator.datamigrator.service.BeneficiaryESWriter [scheduling-1]  ## ES Migration done for 175bce04-6061-4955-891b-b66e90df489b 
2025-12-18 12:48:05,649 INFO com.kit.migrator.datamigrator.service.BeneficiaryESWriter [scheduling-1]  >>> d0c427a6-5cb3-43b7-b8c0-799d3368b6fb
2025-12-18 12:48:05,939 INFO com.kit.migrator.datamigrator.service.BeneficiaryESWriter [scheduling-1]  ## ES Migration done for d0c427a6-5cb3-43b7-b8c0-799d3368b6fb 
2025-12-18 12:48:05,940 INFO com.kit.migrator.datamigrator.service.BeneficiaryESWriter [scheduling-1]  >>> a682b1a9-320f-4adf-b002-878128b13052
2025-12-18 12:48:06,230 INFO com.kit.migrator.datamigrator.service.BeneficiaryESWriter [scheduling-1]  ## ES Migration done for a682b1a9-320f-4adf-b002-878128b13052 
2025-12-18 12:48:06,231 INFO com.kit.migrator.datamigrator.service.BeneficiaryESWriter [scheduling-1]  >>> 08daba53-2edd-4d91-a9c8-f8ec5d2045e3
2025-12-18 12:48:06,505 INFO com.kit.migrator.datamigrator.service.BeneficiaryESWriter [scheduling-1]  ## ES Migration done for 08daba53-2edd-4d91-a9c8-f8ec5d2045e3 
2025-12-18 12:48:06,506 INFO com.kit.migrator.datamigrator.service.BeneficiaryESWriter [scheduling-1]  >>> 1491dc7c-d1ae-4ecf-bd16-064c48e32283
2025-12-18 12:48:06,784 INFO com.kit.migrator.datamigrator.service.BeneficiaryESWriter [scheduling-1]  ## ES Migration done for 1491dc7c-d1ae-4ecf-bd16-064c48e32283 
2025-12-18 12:48:06,785 INFO com.kit.migrator.datamigrator.service.BeneficiaryESWriter [scheduling-1]  >>> daac0aa5-8e40-4fea-9a36-372413d5d866
2025-12-18 12:48:07,073 INFO com.kit.migrator.datamigrator.service.BeneficiaryESWriter [scheduling-1]  ## ES Migration done for daac0aa5-8e40-4fea-9a36-372413d5d866 
2025-12-18 12:48:07,074 INFO com.kit.migrator.datamigrator.service.BeneficiaryESWriter [scheduling-1]  >>> be589af7-119e-4fec-992d-16ebe9dd1773
2025-12-18 12:48:07,351 INFO com.kit.migrator.datamigrator.service.BeneficiaryESWriter [scheduling-1]  ## ES Migration done for be589af7-119e-4fec-992d-16ebe9dd1773 
2025-12-18 12:48:07,352 INFO com.kit.migrator.datamigrator.service.BeneficiaryESWriter [scheduling-1]  >>> 910a3dd7-e7fa-4da7-9ed4-170794c94a72
2025-12-18 12:48:07,676 INFO com.kit.migrator.datamigrator.service.BeneficiaryESWriter [scheduling-1]  ## ES Migration done for 910a3dd7-e7fa-4da7-9ed4-170794c94a72 
2025-12-18 12:48:07,677 INFO com.kit.migrator.datamigrator.service.BeneficiaryESWriter [scheduling-1]  >>> 1e2f06c7-1c87-4ce2-8ed0-605235a8433c
2025-12-18 12:48:07,994 INFO com.kit.migrator.datamigrator.service.BeneficiaryESWriter [scheduling-1]  ## ES Migration done for 1e2f06c7-1c87-4ce2-8ed0-605235a8433c 
2025-12-18 12:48:07,995 INFO com.kit.migrator.datamigrator.service.BeneficiaryESWriter [scheduling-1]  >>> c2b14962-b8e9-4f32-9cd6-ef9a368ad5ad
2025-12-18 12:48:08,309 INFO com.kit.migrator.datamigrator.service.BeneficiaryESWriter [scheduling-1]  ## ES Migration done for c2b14962-b8e9-4f32-9cd6-ef9a368ad5ad 
2025-12-18 12:48:08,310 INFO com.kit.migrator.datamigrator.service.BeneficiaryESWriter [scheduling-1]  >>> f3d44c66-5b60-4fc9-af05-6643af155422
2025-12-18 12:48:08,588 INFO com.kit.migrator.datamigrator.service.BeneficiaryESWriter [scheduling-1]  ## ES Migration done for f3d44c66-5b60-4fc9-af05-6643af155422 
2025-12-18 12:48:08,589 INFO com.kit.migrator.datamigrator.service.BeneficiaryESWriter [scheduling-1]  >>> 7470ef96-0ef5-480b-8aa9-605665b10bec
2025-12-18 12:48:08,876 INFO com.kit.migrator.datamigrator.service.BeneficiaryESWriter [scheduling-1]  ## ES Migration done for 7470ef96-0ef5-480b-8aa9-605665b10bec 
2025-12-18 12:48:08,878 INFO com.kit.migrator.datamigrator.service.BeneficiaryESWriter [scheduling-1]  >>> 9ee9bd8b-ce01-4f95-acae-3a2ba7e9b41e
2025-12-18 12:48:09,171 INFO com.kit.migrator.datamigrator.service.BeneficiaryESWriter [scheduling-1]  ## ES Migration done for 9ee9bd8b-ce01-4f95-acae-3a2ba7e9b41e 
2025-12-18 12:48:09,172 INFO com.kit.migrator.datamigrator.service.BeneficiaryESWriter [scheduling-1]  >>> de8c8e08-8bf0-4a51-8bd0-ecb3340cd81a
2025-12-18 12:48:09,462 INFO com.kit.migrator.datamigrator.service.BeneficiaryESWriter [scheduling-1]  ## ES Migration done for de8c8e08-8bf0-4a51-8bd0-ecb3340cd81a 
2025-12-18 12:48:09,463 INFO com.kit.migrator.datamigrator.service.BeneficiaryESWriter [scheduling-1]  >>> 64dc9655-afea-4ab1-b564-b4b7ac9c2551
2025-12-18 12:48:09,754 INFO com.kit.migrator.datamigrator.service.BeneficiaryESWriter [scheduling-1]  ## ES Migration done for 64dc9655-afea-4ab1-b564-b4b7ac9c2551 
2025-12-18 12:48:09,755 INFO com.kit.migrator.datamigrator.service.BeneficiaryESWriter [scheduling-1]  >>> 93b94c11-4b9a-4730-9059-45ca144fe6d3
2025-12-18 12:48:10,047 INFO com.kit.migrator.datamigrator.service.BeneficiaryESWriter [scheduling-1]  ## ES Migration done for 93b94c11-4b9a-4730-9059-45ca144fe6d3 
2025-12-18 12:48:10,048 INFO com.kit.migrator.datamigrator.service.BeneficiaryESWriter [scheduling-1]  >>> c61e6118-eb9e-4f71-848d-a148e97310ef
2025-12-18 12:48:10,362 INFO com.kit.migrator.datamigrator.service.BeneficiaryESWriter [scheduling-1]  ## ES Migration done for c61e6118-eb9e-4f71-848d-a148e97310ef 
2025-12-18 12:48:10,364 INFO com.kit.migrator.datamigrator.service.BeneficiaryESWriter [scheduling-1]  >>> a4739603-845c-4519-b484-e7a6fa0143ab
2025-12-18 12:48:10,690 INFO com.kit.migrator.datamigrator.service.BeneficiaryESWriter [scheduling-1]  ## ES Migration done for a4739603-845c-4519-b484-e7a6fa0143ab 
2025-12-18 12:48:10,691 INFO com.kit.migrator.datamigrator.service.BeneficiaryESWriter [scheduling-1]  >>> 158d3494-4645-43f9-9519-54dff564b8aa
2025-12-18 12:48:10,980 INFO com.kit.migrator.datamigrator.service.BeneficiaryESWriter [scheduling-1]  ## ES Migration done for 158d3494-4645-43f9-9519-54dff564b8aa 
2025-12-18 12:48:10,981 INFO com.kit.migrator.datamigrator.service.BeneficiaryESWriter [scheduling-1]  >>> 18896f8a-b647-4e16-a756-543fbc37c20a
2025-12-18 12:48:11,428 INFO com.kit.migrator.datamigrator.service.BeneficiaryESWriter [scheduling-1]  ## ES Migration done for 18896f8a-b647-4e16-a756-543fbc37c20a 
2025-12-18 12:48:11,430 INFO com.kit.migrator.datamigrator.service.BeneficiaryESWriter [scheduling-1]  >>> 35b30c00-e139-4b4f-9526-b68b1271365d
2025-12-18 12:48:11,716 INFO com.kit.migrator.datamigrator.service.BeneficiaryESWriter [scheduling-1]  ## ES Migration done for 35b30c00-e139-4b4f-9526-b68b1271365d 
2025-12-18 12:48:11,717 INFO com.kit.migrator.datamigrator.service.BeneficiaryESWriter [scheduling-1]  >>> 75a8fb58-7715-4998-8f17-2959c8eda3b4
2025-12-18 12:48:11,996 INFO com.kit.migrator.datamigrator.service.BeneficiaryESWriter [scheduling-1]  ## ES Migration done for 75a8fb58-7715-4998-8f17-2959c8eda3b4 
2025-12-18 12:48:11,997 INFO com.kit.migrator.datamigrator.service.BeneficiaryESWriter [scheduling-1]  >>> 07f041ab-93ae-47ca-bec7-538400a12fc5
2025-12-18 12:48:12,327 INFO com.kit.migrator.datamigrator.service.BeneficiaryESWriter [scheduling-1]  ## ES Migration done for 07f041ab-93ae-47ca-bec7-538400a12fc5 
2025-12-18 12:48:12,327 INFO com.kit.migrator.datamigrator.service.BeneficiaryESWriter [scheduling-1]  >>> 8ccabded-217e-498c-be24-f597bc0fe17c
2025-12-18 12:48:12,607 INFO com.kit.migrator.datamigrator.service.BeneficiaryESWriter [scheduling-1]  ## ES Migration done for 8ccabded-217e-498c-be24-f597bc0fe17c 
2025-12-18 12:48:12,607 INFO com.kit.migrator.datamigrator.service.BeneficiaryESWriter [scheduling-1]  >>> efd671b6-c0df-478e-a474-c67d7e1be71b
2025-12-18 12:48:12,931 INFO com.kit.migrator.datamigrator.service.BeneficiaryESWriter [scheduling-1]  ## ES Migration done for efd671b6-c0df-478e-a474-c67d7e1be71b 
2025-12-18 12:48:12,932 INFO com.kit.migrator.datamigrator.service.BeneficiaryESWriter [scheduling-1]  >>> dbb24737-d44d-49c6-aecc-a1d5768c3fe2
2025-12-18 12:48:13,217 INFO com.kit.migrator.datamigrator.service.BeneficiaryESWriter [scheduling-1]  ## ES Migration done for dbb24737-d44d-49c6-aecc-a1d5768c3fe2 
2025-12-18 12:48:13,217 INFO com.kit.migrator.datamigrator.service.BeneficiaryESWriter [scheduling-1]  >>> b4be55c1-bd20-491c-86af-e1e1d7d0946b
2025-12-18 12:48:13,500 INFO com.kit.migrator.datamigrator.service.BeneficiaryESWriter [scheduling-1]  ## ES Migration done for b4be55c1-bd20-491c-86af-e1e1d7d0946b 
2025-12-18 12:48:13,501 INFO com.kit.migrator.datamigrator.service.BeneficiaryESWriter [scheduling-1]  >>> 772f5d14-a507-450f-a8f7-ac2c69014822
2025-12-18 12:48:13,790 INFO com.kit.migrator.datamigrator.service.BeneficiaryESWriter [scheduling-1]  ## ES Migration done for 772f5d14-a507-450f-a8f7-ac2c69014822 
2025-12-18 12:48:13,790 INFO com.kit.migrator.datamigrator.service.BeneficiaryESWriter [scheduling-1]  >>> 2f740d96-a2d0-4c1f-b3cf-bc00b2048d30
2025-12-18 12:48:14,075 INFO com.kit.migrator.datamigrator.service.BeneficiaryESWriter [scheduling-1]  ## ES Migration done for 2f740d96-a2d0-4c1f-b3cf-bc00b2048d30 
2025-12-18 12:48:14,076 INFO com.kit.migrator.datamigrator.service.BeneficiaryESWriter [scheduling-1]  >>> 0d58cd88-8dd2-4c5f-97c9-cdb2d6d797cb
2025-12-18 12:48:14,359 INFO com.kit.migrator.datamigrator.service.BeneficiaryESWriter [scheduling-1]  ## ES Migration done for 0d58cd88-8dd2-4c5f-97c9-cdb2d6d797cb 
2025-12-18 12:48:14,359 INFO com.kit.migrator.datamigrator.service.BeneficiaryESWriter [scheduling-1]  >>> 2a92eef6-2478-4cb7-a83c-055d3ae0927a
2025-12-18 12:48:14,649 INFO com.kit.migrator.datamigrator.service.BeneficiaryESWriter [scheduling-1]  ## ES Migration done for 2a92eef6-2478-4cb7-a83c-055d3ae0927a 
2025-12-18 12:48:14,650 INFO com.kit.migrator.datamigrator.service.BeneficiaryESWriter [scheduling-1]  >>> 029c7dab-1bce-4912-8ca6-5cdbeabb059c
2025-12-18 12:48:14,935 INFO com.kit.migrator.datamigrator.service.BeneficiaryESWriter [scheduling-1]  ## ES Migration done for 029c7dab-1bce-4912-8ca6-5cdbeabb059c 
2025-12-18 12:48:14,936 INFO com.kit.migrator.datamigrator.service.BeneficiaryESWriter [scheduling-1]  >>> 2c8fdc62-c999-408c-ab44-fcdc34663be8
2025-12-18 12:48:15,211 INFO com.kit.migrator.datamigrator.service.BeneficiaryESWriter [scheduling-1]  ## ES Migration done for 2c8fdc62-c999-408c-ab44-fcdc34663be8 
2025-12-18 12:48:15,212 INFO com.kit.migrator.datamigrator.service.BeneficiaryESWriter [scheduling-1]  >>> c1c32dcb-61bd-49f6-a40f-0cb8f6e2e577
2025-12-18 12:48:15,536 INFO com.kit.migrator.datamigrator.service.BeneficiaryESWriter [scheduling-1]  ## ES Migration done for c1c32dcb-61bd-49f6-a40f-0cb8f6e2e577 
2025-12-18 12:48:15,537 INFO com.kit.migrator.datamigrator.service.BeneficiaryESWriter [scheduling-1]  >>> f89b096b-6bfe-4702-a7a3-48af1fa74129
2025-12-18 12:48:15,815 INFO com.kit.migrator.datamigrator.service.BeneficiaryESWriter [scheduling-1]  ## ES Migration done for f89b096b-6bfe-4702-a7a3-48af1fa74129 
2025-12-18 12:48:15,816 INFO com.kit.migrator.datamigrator.service.BeneficiaryESWriter [scheduling-1]  >>> e7365e95-7e13-49a7-a9b0-4db7ddabec33
2025-12-18 12:48:16,095 INFO com.kit.migrator.datamigrator.service.BeneficiaryESWriter [scheduling-1]  ## ES Migration done for e7365e95-7e13-49a7-a9b0-4db7ddabec33 
2025-12-18 12:48:16,095 INFO com.kit.migrator.datamigrator.service.BeneficiaryESWriter [scheduling-1]  >>> 02d4df02-5048-4080-b316-cac0dd4a6b3b
2025-12-18 12:48:16,378 INFO com.kit.migrator.datamigrator.service.BeneficiaryESWriter [scheduling-1]  ## ES Migration done for 02d4df02-5048-4080-b316-cac0dd4a6b3b 
2025-12-18 12:48:16,379 INFO com.kit.migrator.datamigrator.service.BeneficiaryESWriter [scheduling-1]  >>> cef1aad6-3b5d-4ab6-8d6d-50c01a65123f
2025-12-18 12:48:16,637 INFO com.kit.migrator.datamigrator.service.BeneficiaryESWriter [scheduling-1]  ## ES Migration done for cef1aad6-3b5d-4ab6-8d6d-50c01a65123f 
2025-12-18 12:48:16,638 INFO com.kit.migrator.datamigrator.service.BeneficiaryESWriter [scheduling-1]  >>> c1ded348-888b-478e-892a-099ea0c5e45c
2025-12-18 12:48:16,916 INFO com.kit.migrator.datamigrator.service.BeneficiaryESWriter [scheduling-1]  ## ES Migration done for c1ded348-888b-478e-892a-099ea0c5e45c 
2025-12-18 12:48:16,918 INFO com.kit.migrator.datamigrator.service.BeneficiaryESWriter [scheduling-1]  >>> e173db77-bf99-4604-a2ae-fc08b8013a9c
2025-12-18 12:48:17,211 INFO com.kit.migrator.datamigrator.service.BeneficiaryESWriter [scheduling-1]  ## ES Migration done for e173db77-bf99-4604-a2ae-fc08b8013a9c 
2025-12-18 12:48:17,212 INFO com.kit.migrator.datamigrator.service.BeneficiaryESWriter [scheduling-1]  >>> 7513469e-ea49-4d22-9024-1f57a0baa43c
2025-12-18 12:48:17,505 INFO com.kit.migrator.datamigrator.service.BeneficiaryESWriter [scheduling-1]  ## ES Migration done for 7513469e-ea49-4d22-9024-1f57a0baa43c 
2025-12-18 12:48:17,506 INFO com.kit.migrator.datamigrator.service.BeneficiaryESWriter [scheduling-1]  >>> e93c0bed-e974-4c4e-9681-48989422e91b
2025-12-18 12:48:17,791 INFO com.kit.migrator.datamigrator.service.BeneficiaryESWriter [scheduling-1]  ## ES Migration done for e93c0bed-e974-4c4e-9681-48989422e91b 
2025-12-18 12:48:17,792 INFO com.kit.migrator.datamigrator.service.BeneficiaryESWriter [scheduling-1]  >>> 0b62ebbf-06d9-4da5-874a-5f2a408b4a3a
2025-12-18 12:48:18,085 INFO com.kit.migrator.datamigrator.service.BeneficiaryESWriter [scheduling-1]  ## ES Migration done for 0b62ebbf-06d9-4da5-874a-5f2a408b4a3a 
2025-12-18 12:48:18,086 INFO com.kit.migrator.datamigrator.service.BeneficiaryESWriter [scheduling-1]  >>> 89225752-1954-47dc-8c98-9f38b77bf07b
2025-12-18 12:48:18,371 INFO com.kit.migrator.datamigrator.service.BeneficiaryESWriter [scheduling-1]  ## ES Migration done for 89225752-1954-47dc-8c98-9f38b77bf07b 
2025-12-18 12:48:18,371 INFO com.kit.migrator.datamigrator.service.BeneficiaryESWriter [scheduling-1]  >>> 36d84fd5-ba1d-4b37-8bbf-969ee4be1bf2
2025-12-18 12:48:18,636 INFO com.kit.migrator.datamigrator.service.BeneficiaryESWriter [scheduling-1]  ## ES Migration done for 36d84fd5-ba1d-4b37-8bbf-969ee4be1bf2 
2025-12-18 12:48:18,637 INFO com.kit.migrator.datamigrator.service.BeneficiaryESWriter [scheduling-1]  >>> abda4570-71a7-4e71-88d1-0f08a6263560
2025-12-18 12:48:18,938 INFO com.kit.migrator.datamigrator.service.BeneficiaryESWriter [scheduling-1]  ## ES Migration done for abda4570-71a7-4e71-88d1-0f08a6263560 
2025-12-18 12:48:18,939 INFO com.kit.migrator.datamigrator.service.BeneficiaryESWriter [scheduling-1]  >>> e8b98fbe-645c-4186-8039-d17b1f386a7a
2025-12-18 12:48:19,234 INFO com.kit.migrator.datamigrator.service.BeneficiaryESWriter [scheduling-1]  ## ES Migration done for e8b98fbe-645c-4186-8039-d17b1f386a7a 
2025-12-18 12:48:19,235 INFO com.kit.migrator.datamigrator.service.BeneficiaryESWriter [scheduling-1]  >>> c8f8e66e-874c-4bac-b87e-9a3d0a9c9947
2025-12-18 12:48:19,529 INFO com.kit.migrator.datamigrator.service.BeneficiaryESWriter [scheduling-1]  ## ES Migration done for c8f8e66e-874c-4bac-b87e-9a3d0a9c9947 
2025-12-18 12:48:19,532 INFO com.kit.migrator.datamigrator.service.BeneficiaryESWriter [scheduling-1]  >>> 285d7514-3ac5-48ff-9feb-97537599ddb2
2025-12-18 12:48:19,825 INFO com.kit.migrator.datamigrator.service.BeneficiaryESWriter [scheduling-1]  ## ES Migration done for 285d7514-3ac5-48ff-9feb-97537599ddb2 
2025-12-18 12:48:19,826 INFO com.kit.migrator.datamigrator.service.BeneficiaryESWriter [scheduling-1]  >>> 9e89edda-3856-488c-a52d-c37daa0b25f1
2025-12-18 12:48:20,107 INFO com.kit.migrator.datamigrator.service.BeneficiaryESWriter [scheduling-1]  ## ES Migration done for 9e89edda-3856-488c-a52d-c37daa0b25f1 
2025-12-18 12:48:20,107 INFO com.kit.migrator.datamigrator.service.BeneficiaryESWriter [scheduling-1]  >>> df58cef1-4c8e-45a7-9148-be7c4d798bee
2025-12-18 12:48:20,371 INFO com.kit.migrator.datamigrator.service.BeneficiaryESWriter [scheduling-1]  ## ES Migration done for df58cef1-4c8e-45a7-9148-be7c4d798bee 
2025-12-18 12:48:20,372 INFO com.kit.migrator.datamigrator.service.BeneficiaryESWriter [scheduling-1]  >>> 25ec7ce6-c6cf-4ece-8da0-a7b483dd4faf
2025-12-18 12:48:20,656 INFO com.kit.migrator.datamigrator.service.BeneficiaryESWriter [scheduling-1]  ## ES Migration done for 25ec7ce6-c6cf-4ece-8da0-a7b483dd4faf 
2025-12-18 12:48:20,657 INFO com.kit.migrator.datamigrator.service.BeneficiaryESWriter [scheduling-1]  >>> 3519e46d-45a2-452b-8cbf-7739528694ee
2025-12-18 12:48:20,927 INFO com.kit.migrator.datamigrator.service.BeneficiaryESWriter [scheduling-1]  ## ES Migration done for 3519e46d-45a2-452b-8cbf-7739528694ee 
2025-12-18 12:48:20,927 INFO com.kit.migrator.datamigrator.service.BeneficiaryESWriter [scheduling-1]  >>> d74d26b2-8225-4341-9da5-b1f01c5a0b49
2025-12-18 12:48:21,212 INFO com.kit.migrator.datamigrator.service.BeneficiaryESWriter [scheduling-1]  ## ES Migration done for d74d26b2-8225-4341-9da5-b1f01c5a0b49 
2025-12-18 12:48:21,213 INFO com.kit.migrator.datamigrator.service.BeneficiaryESWriter [scheduling-1]  >>> db8142de-34c9-479d-b186-827d5fae88d7
2025-12-18 12:48:21,470 INFO com.kit.migrator.datamigrator.service.BeneficiaryESWriter [scheduling-1]  ## ES Migration done for db8142de-34c9-479d-b186-827d5fae88d7 
2025-12-18 12:48:21,472 INFO com.kit.migrator.datamigrator.service.BeneficiaryESWriter [scheduling-1]  >>> 1638d20e-4d2d-4558-bac1-15f1467b79d9
2025-12-18 12:48:21,746 INFO com.kit.migrator.datamigrator.service.BeneficiaryESWriter [scheduling-1]  ## ES Migration done for 1638d20e-4d2d-4558-bac1-15f1467b79d9 
2025-12-18 12:48:21,747 INFO com.kit.migrator.datamigrator.service.BeneficiaryESWriter [scheduling-1]  >>> 74a3ce86-7a45-4c2a-abb9-4da45bd6fed3
2025-12-18 12:48:22,036 INFO com.kit.migrator.datamigrator.service.BeneficiaryESWriter [scheduling-1]  ## ES Migration done for 74a3ce86-7a45-4c2a-abb9-4da45bd6fed3 
2025-12-18 12:48:22,037 INFO com.kit.migrator.datamigrator.service.BeneficiaryESWriter [scheduling-1]  >>> befe9637-6cf3-425b-b025-36605faa0a6a
2025-12-18 12:48:22,315 INFO com.kit.migrator.datamigrator.service.BeneficiaryESWriter [scheduling-1]  ## ES Migration done for befe9637-6cf3-425b-b025-36605faa0a6a 
2025-12-18 12:48:22,315 INFO com.kit.migrator.datamigrator.service.BeneficiaryESWriter [scheduling-1]  >>> b3925d5b-4d16-4aa1-a464-0363c7ddaa5f
2025-12-18 12:48:22,595 INFO com.kit.migrator.datamigrator.service.BeneficiaryESWriter [scheduling-1]  ## ES Migration done for b3925d5b-4d16-4aa1-a464-0363c7ddaa5f 
2025-12-18 12:48:22,597 INFO com.kit.migrator.datamigrator.service.BeneficiaryESWriter [scheduling-1]  >>> c6a70a9e-0b6e-4700-9f94-0bf6f0062365
2025-12-18 12:48:22,879 INFO com.kit.migrator.datamigrator.service.BeneficiaryESWriter [scheduling-1]  ## ES Migration done for c6a70a9e-0b6e-4700-9f94-0bf6f0062365 
2025-12-18 12:48:22,880 INFO com.kit.migrator.datamigrator.service.BeneficiaryESWriter [scheduling-1]  >>> be16c1d9-69ec-4088-a6aa-72c7184cd003
2025-12-18 12:48:23,169 INFO com.kit.migrator.datamigrator.service.BeneficiaryESWriter [scheduling-1]  ## ES Migration done for be16c1d9-69ec-4088-a6aa-72c7184cd003 
2025-12-18 12:48:23,170 INFO com.kit.migrator.datamigrator.service.BeneficiaryESWriter [scheduling-1]  >>> 7bd400ed-8d44-4ec0-8806-3038d7a7aa95
2025-12-18 12:48:23,492 INFO com.kit.migrator.datamigrator.service.BeneficiaryESWriter [scheduling-1]  ## ES Migration done for 7bd400ed-8d44-4ec0-8806-3038d7a7aa95 
2025-12-18 12:48:23,493 INFO com.kit.migrator.datamigrator.service.BeneficiaryESWriter [scheduling-1]  >>> b9ee1c4a-3d26-402e-868f-99fda236e543
2025-12-18 12:48:23,795 INFO com.kit.migrator.datamigrator.service.BeneficiaryESWriter [scheduling-1]  ## ES Migration done for b9ee1c4a-3d26-402e-868f-99fda236e543 
2025-12-18 12:48:23,796 INFO com.kit.migrator.datamigrator.service.BeneficiaryESWriter [scheduling-1]  >>> 7b32586b-a675-46ae-bb02-7ce09097cd0f
2025-12-18 12:48:24,090 INFO com.kit.migrator.datamigrator.service.BeneficiaryESWriter [scheduling-1]  ## ES Migration done for 7b32586b-a675-46ae-bb02-7ce09097cd0f 
2025-12-18 12:48:24,091 INFO com.kit.migrator.datamigrator.service.BeneficiaryESWriter [scheduling-1]  >>> e2db49ee-eb04-448c-a81c-f307edb24528
2025-12-18 12:48:24,375 INFO com.kit.migrator.datamigrator.service.BeneficiaryESWriter [scheduling-1]  ## ES Migration done for e2db49ee-eb04-448c-a81c-f307edb24528 
2025-12-18 12:48:24,376 INFO com.kit.migrator.datamigrator.service.BeneficiaryESWriter [scheduling-1]  >>> d0ce8a7c-a35b-4c1b-9267-ff0b2aa46f3d
2025-12-18 12:48:24,667 INFO com.kit.migrator.datamigrator.service.BeneficiaryESWriter [scheduling-1]  ## ES Migration done for d0ce8a7c-a35b-4c1b-9267-ff0b2aa46f3d 
2025-12-18 12:48:24,667 INFO com.kit.migrator.datamigrator.service.BeneficiaryESWriter [scheduling-1]  >>> 805c9c1f-bd30-4d1f-a255-89864aa75f42
2025-12-18 12:48:24,953 INFO com.kit.migrator.datamigrator.service.BeneficiaryESWriter [scheduling-1]  ## ES Migration done for 805c9c1f-bd30-4d1f-a255-89864aa75f42 
2025-12-18 12:48:24,954 INFO com.kit.migrator.datamigrator.service.BeneficiaryESWriter [scheduling-1]  >>> 8c9be82c-5d7d-4ff1-a546-aa3faaaac51f
2025-12-18 12:48:25,255 INFO com.kit.migrator.datamigrator.service.BeneficiaryESWriter [scheduling-1]  ## ES Migration done for 8c9be82c-5d7d-4ff1-a546-aa3faaaac51f 
2025-12-18 12:48:25,256 INFO com.kit.migrator.datamigrator.service.BeneficiaryESWriter [scheduling-1]  >>> 83c295ba-0072-4c2a-aec0-ed2b76feba4e
2025-12-18 12:48:25,536 INFO com.kit.migrator.datamigrator.service.BeneficiaryESWriter [scheduling-1]  ## ES Migration done for 83c295ba-0072-4c2a-aec0-ed2b76feba4e 
2025-12-18 12:48:25,537 INFO com.kit.migrator.datamigrator.service.BeneficiaryESWriter [scheduling-1]  >>> bb1559b4-ea12-4c5c-829c-a8ba2211a9e1
2025-12-18 12:48:25,834 INFO com.kit.migrator.datamigrator.service.BeneficiaryESWriter [scheduling-1]  ## ES Migration done for bb1559b4-ea12-4c5c-829c-a8ba2211a9e1 
2025-12-18 12:48:25,835 INFO com.kit.migrator.datamigrator.service.BeneficiaryESWriter [scheduling-1]  >>> cde1b527-a4c8-495e-9466-1eb942879cbd
2025-12-18 12:48:26,096 INFO com.kit.migrator.datamigrator.service.BeneficiaryESWriter [scheduling-1]  ## ES Migration done for cde1b527-a4c8-495e-9466-1eb942879cbd 
2025-12-18 12:48:26,098 INFO com.kit.migrator.datamigrator.service.BeneficiaryESWriter [scheduling-1]  >>> 72462a92-c51a-40e9-8628-4e6b3f1e2547
2025-12-18 12:48:26,394 INFO com.kit.migrator.datamigrator.service.BeneficiaryESWriter [scheduling-1]  ## ES Migration done for 72462a92-c51a-40e9-8628-4e6b3f1e2547 
2025-12-18 12:48:26,395 INFO com.kit.migrator.datamigrator.service.BeneficiaryESWriter [scheduling-1]  >>> 81b92168-f6a8-4d12-97d9-369d1013aedc
2025-12-18 12:48:26,678 INFO com.kit.migrator.datamigrator.service.BeneficiaryESWriter [scheduling-1]  ## ES Migration done for 81b92168-f6a8-4d12-97d9-369d1013aedc 
2025-12-18 12:48:26,679 INFO com.kit.migrator.datamigrator.service.BeneficiaryESWriter [scheduling-1]  >>> a6337dfc-f7f4-454e-9cb1-d2e741c218b8
2025-12-18 12:48:26,971 INFO com.kit.migrator.datamigrator.service.BeneficiaryESWriter [scheduling-1]  ## ES Migration done for a6337dfc-f7f4-454e-9cb1-d2e741c218b8 
2025-12-18 12:48:26,972 INFO com.kit.migrator.datamigrator.service.BeneficiaryESWriter [scheduling-1]  >>> 2d3db92c-c3b8-4030-ae1b-df4258a6c8d8
2025-12-18 12:48:27,260 INFO com.kit.migrator.datamigrator.service.BeneficiaryESWriter [scheduling-1]  ## ES Migration done for 2d3db92c-c3b8-4030-ae1b-df4258a6c8d8 
2025-12-18 12:48:27,261 INFO com.kit.migrator.datamigrator.service.BeneficiaryESWriter [scheduling-1]  >>> 112b052d-ef8a-4a61-b963-e3bc47169330
2025-12-18 12:48:27,550 INFO com.kit.migrator.datamigrator.service.BeneficiaryESWriter [scheduling-1]  ## ES Migration done for 112b052d-ef8a-4a61-b963-e3bc47169330 
2025-12-18 12:48:27,550 INFO com.kit.migrator.datamigrator.service.BeneficiaryESWriter [scheduling-1]  >>> 00c36391-053f-4c63-8916-629cff465515
2025-12-18 12:48:27,834 INFO com.kit.migrator.datamigrator.service.BeneficiaryESWriter [scheduling-1]  ## ES Migration done for 00c36391-053f-4c63-8916-629cff465515 
2025-12-18 12:48:27,836 INFO com.kit.migrator.datamigrator.service.BeneficiaryESWriter [scheduling-1]  >>> 142d9e63-3810-468c-ab21-3c1bcfc869ab
2025-12-18 12:48:28,135 INFO com.kit.migrator.datamigrator.service.BeneficiaryESWriter [scheduling-1]  ## ES Migration done for 142d9e63-3810-468c-ab21-3c1bcfc869ab 
2025-12-18 12:48:28,136 INFO com.kit.migrator.datamigrator.service.BeneficiaryESWriter [scheduling-1]  >>> 2a2e4b06-4f07-4abc-b141-5d1185aaa019
2025-12-18 12:48:28,420 INFO com.kit.migrator.datamigrator.service.BeneficiaryESWriter [scheduling-1]  ## ES Migration done for 2a2e4b06-4f07-4abc-b141-5d1185aaa019 
2025-12-18 12:48:28,421 INFO com.kit.migrator.datamigrator.service.BeneficiaryESWriter [scheduling-1]  >>> 09d15b43-96ff-4f9e-8569-7727e58b607a
2025-12-18 12:48:28,683 INFO com.kit.migrator.datamigrator.service.BeneficiaryESWriter [scheduling-1]  ## ES Migration done for 09d15b43-96ff-4f9e-8569-7727e58b607a 
2025-12-18 12:48:28,684 INFO com.kit.migrator.datamigrator.service.BeneficiaryESWriter [scheduling-1]  >>> 343e8c6a-d898-408a-b69e-7e3dc3139464
2025-12-18 12:48:28,962 INFO com.kit.migrator.datamigrator.service.BeneficiaryESWriter [scheduling-1]  ## ES Migration done for 343e8c6a-d898-408a-b69e-7e3dc3139464 
2025-12-18 12:48:28,964 INFO com.kit.migrator.datamigrator.service.BeneficiaryESWriter [scheduling-1]  >>> 5ddd891d-fbd3-4012-bf9f-58d0eea08e48
2025-12-18 12:48:29,250 INFO com.kit.migrator.datamigrator.service.BeneficiaryESWriter [scheduling-1]  ## ES Migration done for 5ddd891d-fbd3-4012-bf9f-58d0eea08e48 
2025-12-18 12:48:29,251 INFO com.kit.migrator.datamigrator.service.BeneficiaryESWriter [scheduling-1]  >>> f0004463-8301-4a39-b64c-74d1598b8ea2
2025-12-18 12:48:29,528 INFO com.kit.migrator.datamigrator.service.BeneficiaryESWriter [scheduling-1]  ## ES Migration done for f0004463-8301-4a39-b64c-74d1598b8ea2 
2025-12-18 12:48:29,529 INFO com.kit.migrator.datamigrator.service.BeneficiaryESWriter [scheduling-1]  >>> 066e6e10-1d2a-471c-8f8a-2bc2d73011a0
2025-12-18 12:48:29,816 INFO com.kit.migrator.datamigrator.service.BeneficiaryESWriter [scheduling-1]  ## ES Migration done for 066e6e10-1d2a-471c-8f8a-2bc2d73011a0 
2025-12-18 12:48:29,818 INFO com.kit.migrator.datamigrator.service.BeneficiaryESWriter [scheduling-1]  >>> 2bab12cc-6262-4941-b76c-1fc163f158df
2025-12-18 12:48:30,112 INFO com.kit.migrator.datamigrator.service.BeneficiaryESWriter [scheduling-1]  ## ES Migration done for 2bab12cc-6262-4941-b76c-1fc163f158df 
2025-12-18 12:48:30,112 INFO com.kit.migrator.datamigrator.service.BeneficiaryESWriter [scheduling-1]  >>> 3b0e9325-2c11-4329-a03c-b8c873a183c5
2025-12-18 12:48:30,391 INFO com.kit.migrator.datamigrator.service.BeneficiaryESWriter [scheduling-1]  ## ES Migration done for 3b0e9325-2c11-4329-a03c-b8c873a183c5 
2025-12-18 12:48:30,392 INFO com.kit.migrator.datamigrator.service.BeneficiaryESWriter [scheduling-1]  >>> 79d30f63-c94e-4a7c-a715-e084ae336fac
2025-12-18 12:48:30,680 INFO com.kit.migrator.datamigrator.service.BeneficiaryESWriter [scheduling-1]  ## ES Migration done for 79d30f63-c94e-4a7c-a715-e084ae336fac 
2025-12-18 12:48:30,682 INFO com.kit.migrator.datamigrator.service.BeneficiaryESWriter [scheduling-1]  >>> 057d6e60-53de-434d-9699-4811e2650809
2025-12-18 12:48:30,962 INFO com.kit.migrator.datamigrator.service.BeneficiaryESWriter [scheduling-1]  ## ES Migration done for 057d6e60-53de-434d-9699-4811e2650809 
2025-12-18 12:48:30,963 INFO com.kit.migrator.datamigrator.service.BeneficiaryESWriter [scheduling-1]  >>> 7ef49fb3-04db-41fd-89e8-2ed73121be4e
2025-12-18 12:48:31,281 INFO com.kit.migrator.datamigrator.service.BeneficiaryESWriter [scheduling-1]  ## ES Migration done for 7ef49fb3-04db-41fd-89e8-2ed73121be4e 
2025-12-18 12:48:31,283 INFO com.kit.migrator.datamigrator.service.BeneficiaryESWriter [scheduling-1]  >>> 6af74c36-3035-4aaa-82ec-7cf1a1cad56b
2025-12-18 12:48:31,583 INFO com.kit.migrator.datamigrator.service.BeneficiaryESWriter [scheduling-1]  ## ES Migration done for 6af74c36-3035-4aaa-82ec-7cf1a1cad56b 
2025-12-18 12:48:31,585 INFO com.kit.migrator.datamigrator.service.BeneficiaryESWriter [scheduling-1]  >>> fbd0e42e-fcb3-4a07-a657-518cee6dbc7c
2025-12-18 12:48:31,860 INFO com.kit.migrator.datamigrator.service.BeneficiaryESWriter [scheduling-1]  ## ES Migration done for fbd0e42e-fcb3-4a07-a657-518cee6dbc7c 
2025-12-18 12:48:31,861 INFO com.kit.migrator.datamigrator.service.BeneficiaryESWriter [scheduling-1]  >>> 88d9404d-9f7f-4468-84ba-ed0426d5a741
2025-12-18 12:48:32,196 INFO com.kit.migrator.datamigrator.service.BeneficiaryESWriter [scheduling-1]  ## ES Migration done for 88d9404d-9f7f-4468-84ba-ed0426d5a741 
2025-12-18 12:48:32,199 INFO com.kit.migrator.datamigrator.service.BeneficiaryESWriter [scheduling-1]  >>> 9e4c4dfe-780d-4ef4-8f6e-604bee1554ea
2025-12-18 12:48:32,490 INFO com.kit.migrator.datamigrator.service.BeneficiaryESWriter [scheduling-1]  ## ES Migration done for 9e4c4dfe-780d-4ef4-8f6e-604bee1554ea 
2025-12-18 12:48:32,492 INFO com.kit.migrator.datamigrator.service.BeneficiaryESWriter [scheduling-1]  >>> 12d18bec-5298-4db9-81c0-1a5f9fefac13
2025-12-18 12:48:32,735 INFO com.kit.migrator.datamigrator.service.BeneficiaryESWriter [scheduling-1]  ## ES Migration done for 12d18bec-5298-4db9-81c0-1a5f9fefac13 
2025-12-18 12:48:32,736 INFO com.kit.migrator.datamigrator.service.BeneficiaryESWriter [scheduling-1]  >>> 37ad4348-d333-43ba-88bc-2ce95212cc51
2025-12-18 12:48:33,004 INFO com.kit.migrator.datamigrator.service.BeneficiaryESWriter [scheduling-1]  ## ES Migration done for 37ad4348-d333-43ba-88bc-2ce95212cc51 
2025-12-18 12:48:33,006 INFO com.kit.migrator.datamigrator.service.BeneficiaryESWriter [scheduling-1]  >>> ad0c70d2-c302-4614-a6cc-3c78e65d3d59
2025-12-18 12:48:33,303 INFO com.kit.migrator.datamigrator.service.BeneficiaryESWriter [scheduling-1]  ## ES Migration done for ad0c70d2-c302-4614-a6cc-3c78e65d3d59 
2025-12-18 12:48:33,305 INFO com.kit.migrator.datamigrator.service.BeneficiaryESWriter [scheduling-1]  >>> 68b087a3-4506-41bc-9847-56f94ad571d2
2025-12-18 12:48:33,623 INFO com.kit.migrator.datamigrator.service.BeneficiaryESWriter [scheduling-1]  ## ES Migration done for 68b087a3-4506-41bc-9847-56f94ad571d2 
2025-12-18 12:48:33,624 INFO com.kit.migrator.datamigrator.service.BeneficiaryESWriter [scheduling-1]  >>> 5fa720cc-72cd-4b4a-9b81-25658e23a7fb
2025-12-18 12:48:33,880 INFO com.kit.migrator.datamigrator.service.BeneficiaryESWriter [scheduling-1]  ## ES Migration done for 5fa720cc-72cd-4b4a-9b81-25658e23a7fb 
2025-12-18 12:48:33,882 INFO com.kit.migrator.datamigrator.service.BeneficiaryESWriter [scheduling-1]  >>> a68a64a8-c909-4cc2-a27a-99b5e89cbbd5
2025-12-18 12:48:34,180 INFO com.kit.migrator.datamigrator.service.BeneficiaryESWriter [scheduling-1]  ## ES Migration done for a68a64a8-c909-4cc2-a27a-99b5e89cbbd5 
2025-12-18 12:48:34,182 INFO com.kit.migrator.datamigrator.service.BeneficiaryESWriter [scheduling-1]  >>> 7761a830-fc03-4786-bbf7-1ebf6bf6f4fc
2025-12-18 12:48:34,476 INFO com.kit.migrator.datamigrator.service.BeneficiaryESWriter [scheduling-1]  ## ES Migration done for 7761a830-fc03-4786-bbf7-1ebf6bf6f4fc 
2025-12-18 12:48:34,478 INFO com.kit.migrator.datamigrator.service.BeneficiaryESWriter [scheduling-1]  >>> d67ecc0c-80b3-4ba1-8663-9cb790a91ca5
2025-12-18 12:48:34,763 INFO com.kit.migrator.datamigrator.service.BeneficiaryESWriter [scheduling-1]  ## ES Migration done for d67ecc0c-80b3-4ba1-8663-9cb790a91ca5 
2025-12-18 12:48:34,764 INFO com.kit.migrator.datamigrator.service.BeneficiaryESWriter [scheduling-1]  >>> fe6bcb6c-5676-4110-8e9f-312178119902
2025-12-18 12:48:35,047 INFO com.kit.migrator.datamigrator.service.BeneficiaryESWriter [scheduling-1]  ## ES Migration done for fe6bcb6c-5676-4110-8e9f-312178119902 
2025-12-18 12:48:35,048 INFO com.kit.migrator.datamigrator.service.BeneficiaryESWriter [scheduling-1]  >>> 89c9610c-6a2b-46e2-ab76-d7bad0aba049
2025-12-18 12:48:35,319 INFO com.kit.migrator.datamigrator.service.BeneficiaryESWriter [scheduling-1]  ## ES Migration done for 89c9610c-6a2b-46e2-ab76-d7bad0aba049 
2025-12-18 12:48:35,320 INFO com.kit.migrator.datamigrator.service.BeneficiaryESWriter [scheduling-1]  >>> 23213691-e5a1-4a8c-9c95-c43490743d37
2025-12-18 12:48:35,615 INFO com.kit.migrator.datamigrator.service.BeneficiaryESWriter [scheduling-1]  ## ES Migration done for 23213691-e5a1-4a8c-9c95-c43490743d37 
2025-12-18 12:48:35,617 INFO com.kit.migrator.datamigrator.service.BeneficiaryESWriter [scheduling-1]  >>> f78bc6da-682f-4fd9-8bd7-9b8f9cce9e26
2025-12-18 12:48:35,916 INFO com.kit.migrator.datamigrator.service.BeneficiaryESWriter [scheduling-1]  ## ES Migration done for f78bc6da-682f-4fd9-8bd7-9b8f9cce9e26 
2025-12-18 12:48:35,917 INFO com.kit.migrator.datamigrator.service.BeneficiaryESWriter [scheduling-1]  >>> dff5525f-b71d-4c3d-b868-7b54fb4c72b5
2025-12-18 12:48:36,216 INFO com.kit.migrator.datamigrator.service.BeneficiaryESWriter [scheduling-1]  ## ES Migration done for dff5525f-b71d-4c3d-b868-7b54fb4c72b5 
2025-12-18 12:48:36,217 INFO com.kit.migrator.datamigrator.service.BeneficiaryESWriter [scheduling-1]  >>> 74e9c47d-b5f4-4b3e-a95d-aa2cd7163154
2025-12-18 12:48:36,509 INFO com.kit.migrator.datamigrator.service.BeneficiaryESWriter [scheduling-1]  ## ES Migration done for 74e9c47d-b5f4-4b3e-a95d-aa2cd7163154 
2025-12-18 12:48:36,510 INFO com.kit.migrator.datamigrator.service.BeneficiaryESWriter [scheduling-1]  >>> 3f17e77b-b166-4dfd-8df7-05aa46dda789
2025-12-18 12:48:36,768 INFO com.kit.migrator.datamigrator.service.BeneficiaryESWriter [scheduling-1]  ## ES Migration done for 3f17e77b-b166-4dfd-8df7-05aa46dda789 
2025-12-18 12:48:36,769 INFO com.kit.migrator.datamigrator.service.BeneficiaryESWriter [scheduling-1]  >>> 7f6c6982-dc17-481b-98ce-918a00509c43
2025-12-18 12:48:37,070 INFO com.kit.migrator.datamigrator.service.BeneficiaryESWriter [scheduling-1]  ## ES Migration done for 7f6c6982-dc17-481b-98ce-918a00509c43 
2025-12-18 12:48:37,072 INFO com.kit.migrator.datamigrator.service.BeneficiaryESWriter [scheduling-1]  >>> aefd2c57-81cb-488a-8cf9-8d6e24abc986
2025-12-18 12:48:37,380 INFO com.kit.migrator.datamigrator.service.BeneficiaryESWriter [scheduling-1]  ## ES Migration done for aefd2c57-81cb-488a-8cf9-8d6e24abc986 
2025-12-18 12:48:37,380 INFO com.kit.migrator.datamigrator.service.BeneficiaryESWriter [scheduling-1]  >>> 67d3fb10-3c48-47cc-a041-e9f1b0103986
2025-12-18 12:48:37,650 INFO com.kit.migrator.datamigrator.service.BeneficiaryESWriter [scheduling-1]  ## ES Migration done for 67d3fb10-3c48-47cc-a041-e9f1b0103986 
2025-12-18 12:48:37,650 INFO com.kit.migrator.datamigrator.service.BeneficiaryESWriter [scheduling-1]  >>> 9f58998d-8c51-4ebd-aba4-8e58a7e9bfd3
2025-12-18 12:48:37,937 INFO com.kit.migrator.datamigrator.service.BeneficiaryESWriter [scheduling-1]  ## ES Migration done for 9f58998d-8c51-4ebd-aba4-8e58a7e9bfd3 
2025-12-18 12:48:37,938 INFO com.kit.migrator.datamigrator.service.BeneficiaryESWriter [scheduling-1]  >>> f33a5696-45a4-474d-8cf1-e832838e704e
2025-12-18 12:48:38,232 INFO com.kit.migrator.datamigrator.service.BeneficiaryESWriter [scheduling-1]  ## ES Migration done for f33a5696-45a4-474d-8cf1-e832838e704e 
2025-12-18 12:48:38,233 INFO com.kit.migrator.datamigrator.service.BeneficiaryESWriter [scheduling-1]  >>> c8be53c6-f493-428c-82f2-43d0d413104f
2025-12-18 12:48:38,541 INFO com.kit.migrator.datamigrator.service.BeneficiaryESWriter [scheduling-1]  ## ES Migration done for c8be53c6-f493-428c-82f2-43d0d413104f 
2025-12-18 12:48:38,542 INFO com.kit.migrator.datamigrator.service.BeneficiaryESWriter [scheduling-1]  >>> df4d5c38-4645-4efc-bbe4-76d50a34ef7d
2025-12-18 12:48:38,826 INFO com.kit.migrator.datamigrator.service.BeneficiaryESWriter [scheduling-1]  ## ES Migration done for df4d5c38-4645-4efc-bbe4-76d50a34ef7d 
2025-12-18 12:48:38,827 INFO com.kit.migrator.datamigrator.service.BeneficiaryESWriter [scheduling-1]  >>> 0e5abb84-eeed-439f-bba9-9cc6358cacdd
2025-12-18 12:48:39,157 INFO com.kit.migrator.datamigrator.service.BeneficiaryESWriter [scheduling-1]  ## ES Migration done for 0e5abb84-eeed-439f-bba9-9cc6358cacdd 
2025-12-18 12:48:39,158 INFO com.kit.migrator.datamigrator.service.BeneficiaryESWriter [scheduling-1]  >>> 33c9ba4f-72b0-4e41-a424-10c0bcb278da
2025-12-18 12:48:39,454 INFO com.kit.migrator.datamigrator.service.BeneficiaryESWriter [scheduling-1]  ## ES Migration done for 33c9ba4f-72b0-4e41-a424-10c0bcb278da 
2025-12-18 12:48:39,455 INFO com.kit.migrator.datamigrator.service.BeneficiaryESWriter [scheduling-1]  >>> 14680d8c-ebdb-43c7-96ee-838d21634371
2025-12-18 12:48:39,750 INFO com.kit.migrator.datamigrator.service.BeneficiaryESWriter [scheduling-1]  ## ES Migration done for 14680d8c-ebdb-43c7-96ee-838d21634371 
2025-12-18 12:48:39,751 INFO com.kit.migrator.datamigrator.service.BeneficiaryESWriter [scheduling-1]  >>> 89b195f4-f944-458f-9b30-2c3841ee3b8b
2025-12-18 12:48:40,048 INFO com.kit.migrator.datamigrator.service.BeneficiaryESWriter [scheduling-1]  ## ES Migration done for 89b195f4-f944-458f-9b30-2c3841ee3b8b 
2025-12-18 12:48:40,048 INFO com.kit.migrator.datamigrator.service.BeneficiaryESWriter [scheduling-1]  >>> afb575ac-526b-438f-ac02-cecaaa97caf2
2025-12-18 12:48:40,489 INFO com.kit.migrator.datamigrator.service.BeneficiaryESWriter [scheduling-1]  ## ES Migration done for afb575ac-526b-438f-ac02-cecaaa97caf2 
2025-12-18 12:48:40,490 INFO com.kit.migrator.datamigrator.service.BeneficiaryESWriter [scheduling-1]  >>> 51a44fc1-ccac-4048-9a6a-37ade66cbbd8
2025-12-18 12:48:40,775 INFO com.kit.migrator.datamigrator.service.BeneficiaryESWriter [scheduling-1]  ## ES Migration done for 51a44fc1-ccac-4048-9a6a-37ade66cbbd8 
2025-12-18 12:48:40,776 INFO com.kit.migrator.datamigrator.service.BeneficiaryESWriter [scheduling-1]  >>> 1c19a1a2-a015-44a6-86aa-0d8666bd23bd
2025-12-18 12:48:41,127 INFO com.kit.migrator.datamigrator.service.BeneficiaryESWriter [scheduling-1]  ## ES Migration done for 1c19a1a2-a015-44a6-86aa-0d8666bd23bd 
2025-12-18 12:48:41,128 INFO com.kit.migrator.datamigrator.service.BeneficiaryESWriter [scheduling-1]  >>> 1e4ce51f-fdde-4d4b-b35e-1fc156c41a16
2025-12-18 12:48:41,419 INFO com.kit.migrator.datamigrator.service.BeneficiaryESWriter [scheduling-1]  ## ES Migration done for 1e4ce51f-fdde-4d4b-b35e-1fc156c41a16 
2025-12-18 12:48:41,420 INFO com.kit.migrator.datamigrator.service.BeneficiaryESWriter [scheduling-1]  >>> 1ff33b18-8368-4a36-ad80-690a0a083efc
2025-12-18 12:48:41,700 INFO com.kit.migrator.datamigrator.service.BeneficiaryESWriter [scheduling-1]  ## ES Migration done for 1ff33b18-8368-4a36-ad80-690a0a083efc 
2025-12-18 12:48:41,701 INFO com.kit.migrator.datamigrator.service.BeneficiaryESWriter [scheduling-1]  >>> 49cebea1-f54d-4a0d-91e1-4b271b59002e
2025-12-18 12:48:42,020 INFO com.kit.migrator.datamigrator.service.BeneficiaryESWriter [scheduling-1]  ## ES Migration done for 49cebea1-f54d-4a0d-91e1-4b271b59002e 
2025-12-18 12:48:42,022 INFO com.kit.migrator.datamigrator.service.BeneficiaryESWriter [scheduling-1]  >>> 255e012d-e0f2-49e8-b5d5-b449a209277d
2025-12-18 12:48:42,324 INFO com.kit.migrator.datamigrator.service.BeneficiaryESWriter [scheduling-1]  ## ES Migration done for 255e012d-e0f2-49e8-b5d5-b449a209277d 
2025-12-18 12:48:42,324 INFO com.kit.migrator.datamigrator.service.BeneficiaryESWriter [scheduling-1]  >>> bb53e856-6247-48f4-83ca-0caa11b10d52
2025-12-18 12:48:42,629 INFO com.kit.migrator.datamigrator.service.BeneficiaryESWriter [scheduling-1]  ## ES Migration done for bb53e856-6247-48f4-83ca-0caa11b10d52 
2025-12-18 12:48:42,630 INFO com.kit.migrator.datamigrator.service.BeneficiaryESWriter [scheduling-1]  >>> e6d156fa-116a-4662-9721-3af85a45f745
2025-12-18 12:48:42,929 INFO com.kit.migrator.datamigrator.service.BeneficiaryESWriter [scheduling-1]  ## ES Migration done for e6d156fa-116a-4662-9721-3af85a45f745 
2025-12-18 12:48:42,930 INFO com.kit.migrator.datamigrator.service.BeneficiaryESWriter [scheduling-1]  >>> fba4a60d-91f0-4c58-912d-d0e5391c6413
2025-12-18 12:48:43,210 INFO com.kit.migrator.datamigrator.service.BeneficiaryESWriter [scheduling-1]  ## ES Migration done for fba4a60d-91f0-4c58-912d-d0e5391c6413 
2025-12-18 12:48:43,211 INFO com.kit.migrator.datamigrator.service.BeneficiaryESWriter [scheduling-1]  >>> fc7e7fe1-c071-4ff8-8c6a-c792aee3afc1
2025-12-18 12:48:43,511 INFO com.kit.migrator.datamigrator.service.BeneficiaryESWriter [scheduling-1]  ## ES Migration done for fc7e7fe1-c071-4ff8-8c6a-c792aee3afc1 
2025-12-18 12:48:43,512 INFO com.kit.migrator.datamigrator.service.BeneficiaryESWriter [scheduling-1]  >>> 784204f1-0092-4256-aca3-b4c131614e40
2025-12-18 12:48:43,786 INFO com.kit.migrator.datamigrator.service.BeneficiaryESWriter [scheduling-1]  ## ES Migration done for 784204f1-0092-4256-aca3-b4c131614e40 
2025-12-18 12:48:43,787 INFO com.kit.migrator.datamigrator.service.BeneficiaryESWriter [scheduling-1]  >>> 32ea9048-3c93-47e4-b9ba-20f090d1d8f6
2025-12-18 12:48:44,060 INFO com.kit.migrator.datamigrator.service.BeneficiaryESWriter [scheduling-1]  ## ES Migration done for 32ea9048-3c93-47e4-b9ba-20f090d1d8f6 
2025-12-18 12:48:44,061 INFO com.kit.migrator.datamigrator.service.BeneficiaryESWriter [scheduling-1]  >>> 83ffc985-8157-41bc-9992-2a539d73ed98
2025-12-18 12:48:44,381 INFO com.kit.migrator.datamigrator.service.BeneficiaryESWriter [scheduling-1]  ## ES Migration done for 83ffc985-8157-41bc-9992-2a539d73ed98 
2025-12-18 12:48:44,383 INFO com.kit.migrator.datamigrator.service.BeneficiaryESWriter [scheduling-1]  >>> 68e51f9a-1a15-46e3-9e0f-bfb5cf845de3
2025-12-18 12:48:44,790 INFO com.kit.migrator.datamigrator.service.BeneficiaryESWriter [scheduling-1]  ## ES Migration done for 68e51f9a-1a15-46e3-9e0f-bfb5cf845de3 
2025-12-18 12:48:44,791 INFO com.kit.migrator.datamigrator.service.BeneficiaryESWriter [scheduling-1]  >>> 2c4f9887-32a7-48fc-b517-e8512b2a8868
2025-12-18 12:48:45,074 INFO com.kit.migrator.datamigrator.service.BeneficiaryESWriter [scheduling-1]  ## ES Migration done for 2c4f9887-32a7-48fc-b517-e8512b2a8868 
2025-12-18 12:48:45,075 INFO com.kit.migrator.datamigrator.service.BeneficiaryESWriter [scheduling-1]  >>> ddef395e-0246-4c26-bf0b-f5654488df67
2025-12-18 12:48:45,360 INFO com.kit.migrator.datamigrator.service.BeneficiaryESWriter [scheduling-1]  ## ES Migration done for ddef395e-0246-4c26-bf0b-f5654488df67 
2025-12-18 12:48:45,362 INFO com.kit.migrator.datamigrator.service.BeneficiaryESWriter [scheduling-1]  >>> 2ef6d7cd-afbb-47cb-95c0-8d24f035cd94
2025-12-18 12:48:45,664 INFO com.kit.migrator.datamigrator.service.BeneficiaryESWriter [scheduling-1]  ## ES Migration done for 2ef6d7cd-afbb-47cb-95c0-8d24f035cd94 
2025-12-18 12:48:45,665 INFO com.kit.migrator.datamigrator.service.BeneficiaryESWriter [scheduling-1]  >>> e3b48d05-d3bf-4769-9a42-399e9fe1d991
2025-12-18 12:48:45,958 INFO com.kit.migrator.datamigrator.service.BeneficiaryESWriter [scheduling-1]  ## ES Migration done for e3b48d05-d3bf-4769-9a42-399e9fe1d991 
2025-12-18 12:48:45,959 INFO com.kit.migrator.datamigrator.service.BeneficiaryESWriter [scheduling-1]  >>> edf34ff7-eba7-4d57-9f89-fed76538fedd
2025-12-18 12:48:46,331 INFO com.kit.migrator.datamigrator.service.BeneficiaryESWriter [scheduling-1]  ## ES Migration done for edf34ff7-eba7-4d57-9f89-fed76538fedd 
2025-12-18 12:48:46,332 INFO com.kit.migrator.datamigrator.service.BeneficiaryESWriter [scheduling-1]  >>> a52a5afe-cfab-43ec-b755-255bfb44f1bb
2025-12-18 12:48:46,642 INFO com.kit.migrator.datamigrator.service.BeneficiaryESWriter [scheduling-1]  ## ES Migration done for a52a5afe-cfab-43ec-b755-255bfb44f1bb 
2025-12-18 12:48:46,642 INFO com.kit.migrator.datamigrator.service.BeneficiaryESWriter [scheduling-1]  >>> 402cb706-68fa-4ad2-98e6-f48847dd1f30
2025-12-18 12:48:46,941 INFO com.kit.migrator.datamigrator.service.BeneficiaryESWriter [scheduling-1]  ## ES Migration done for 402cb706-68fa-4ad2-98e6-f48847dd1f30 
2025-12-18 12:48:46,942 INFO com.kit.migrator.datamigrator.service.BeneficiaryESWriter [scheduling-1]  >>> 4ca65a06-02b1-4c5b-991f-a73284ab6be7
2025-12-18 12:48:47,219 INFO com.kit.migrator.datamigrator.service.BeneficiaryESWriter [scheduling-1]  ## ES Migration done for 4ca65a06-02b1-4c5b-991f-a73284ab6be7 
2025-12-18 12:48:47,220 INFO com.kit.migrator.datamigrator.service.BeneficiaryESWriter [scheduling-1]  >>> acec3fb6-af27-4346-b9ae-29aa1744396b
2025-12-18 12:48:47,521 INFO com.kit.migrator.datamigrator.service.BeneficiaryESWriter [scheduling-1]  ## ES Migration done for acec3fb6-af27-4346-b9ae-29aa1744396b 
2025-12-18 12:48:47,522 INFO com.kit.migrator.datamigrator.service.BeneficiaryESWriter [scheduling-1]  >>> 81b3a6d4-a169-4d4a-ae9b-c9ea75df57b8
2025-12-18 12:48:47,964 INFO com.kit.migrator.datamigrator.service.BeneficiaryESWriter [scheduling-1]  ## ES Migration done for 81b3a6d4-a169-4d4a-ae9b-c9ea75df57b8 
2025-12-18 12:48:47,966 INFO com.kit.migrator.datamigrator.service.BeneficiaryESWriter [scheduling-1]  >>> 72550d34-0a18-47b0-ab1f-0c16fd1b6815
2025-12-18 12:48:48,270 INFO com.kit.migrator.datamigrator.service.BeneficiaryESWriter [scheduling-1]  ## ES Migration done for 72550d34-0a18-47b0-ab1f-0c16fd1b6815 
2025-12-18 12:48:48,271 INFO com.kit.migrator.datamigrator.service.BeneficiaryESWriter [scheduling-1]  >>> 06886d21-0144-4803-bf60-eb3d18dbc4e9
2025-12-18 12:48:48,549 INFO com.kit.migrator.datamigrator.service.BeneficiaryESWriter [scheduling-1]  ## ES Migration done for 06886d21-0144-4803-bf60-eb3d18dbc4e9 
2025-12-18 12:48:48,549 INFO com.kit.migrator.datamigrator.service.BeneficiaryESWriter [scheduling-1]  >>> b99f6554-fd7f-45ed-9a2a-bc6ada0e2eb3
2025-12-18 12:48:48,791 INFO com.kit.migrator.datamigrator.service.BeneficiaryESWriter [scheduling-1]  ## ES Migration done for b99f6554-fd7f-45ed-9a2a-bc6ada0e2eb3 
2025-12-18 12:48:48,792 INFO com.kit.migrator.datamigrator.service.BeneficiaryESWriter [scheduling-1]  >>> c9b044c2-07a8-4ffe-ad8d-e218a9bd191f
2025-12-18 12:48:49,091 INFO com.kit.migrator.datamigrator.service.BeneficiaryESWriter [scheduling-1]  ## ES Migration done for c9b044c2-07a8-4ffe-ad8d-e218a9bd191f 
2025-12-18 12:48:49,092 INFO com.kit.migrator.datamigrator.service.BeneficiaryESWriter [scheduling-1]  >>> 42040840-d1a9-41b3-90c6-7c8fe1b7c706
2025-12-18 12:48:49,375 INFO com.kit.migrator.datamigrator.service.BeneficiaryESWriter [scheduling-1]  ## ES Migration done for 42040840-d1a9-41b3-90c6-7c8fe1b7c706 
2025-12-18 12:48:49,376 INFO com.kit.migrator.datamigrator.service.BeneficiaryESWriter [scheduling-1]  >>> 5f1fbdce-23cc-4f49-8193-2d68ed43b5e0
2025-12-18 12:48:49,681 INFO com.kit.migrator.datamigrator.service.BeneficiaryESWriter [scheduling-1]  ## ES Migration done for 5f1fbdce-23cc-4f49-8193-2d68ed43b5e0 
2025-12-18 12:48:49,682 INFO com.kit.migrator.datamigrator.service.BeneficiaryESWriter [scheduling-1]  >>> 9b26b2ac-fd53-4108-b7e8-66acf14fa545
2025-12-18 12:48:49,978 INFO com.kit.migrator.datamigrator.service.BeneficiaryESWriter [scheduling-1]  ## ES Migration done for 9b26b2ac-fd53-4108-b7e8-66acf14fa545 
2025-12-18 12:48:49,979 INFO com.kit.migrator.datamigrator.service.BeneficiaryESWriter [scheduling-1]  >>> ffd91725-dd87-4f38-8c67-7a6d2aaabeea
2025-12-18 12:48:50,422 INFO com.kit.migrator.datamigrator.service.BeneficiaryESWriter [scheduling-1]  ## ES Migration done for ffd91725-dd87-4f38-8c67-7a6d2aaabeea 
2025-12-18 12:48:50,424 INFO com.kit.migrator.datamigrator.service.BeneficiaryESWriter [scheduling-1]  >>> 0408991e-435d-4776-b892-b721c143bcb5
2025-12-18 12:48:50,720 INFO com.kit.migrator.datamigrator.service.BeneficiaryESWriter [scheduling-1]  ## ES Migration done for 0408991e-435d-4776-b892-b721c143bcb5 
2025-12-18 12:48:50,721 INFO com.kit.migrator.datamigrator.service.BeneficiaryESWriter [scheduling-1]  >>> bf86ab58-06da-4a4e-9dda-ae593c2c4968
2025-12-18 12:48:51,006 INFO com.kit.migrator.datamigrator.service.BeneficiaryESWriter [scheduling-1]  ## ES Migration done for bf86ab58-06da-4a4e-9dda-ae593c2c4968 
2025-12-18 12:48:51,008 INFO com.kit.migrator.datamigrator.service.BeneficiaryESWriter [scheduling-1]  >>> be14e9fc-99e9-42f1-82a5-f2c02cfb0a2c
2025-12-18 12:48:51,304 INFO com.kit.migrator.datamigrator.service.BeneficiaryESWriter [scheduling-1]  ## ES Migration done for be14e9fc-99e9-42f1-82a5-f2c02cfb0a2c 
2025-12-18 12:48:51,305 INFO com.kit.migrator.datamigrator.service.BeneficiaryESWriter [scheduling-1]  >>> c851b819-2cb7-44c5-870c-3f24b1fd6a96
2025-12-18 12:48:51,583 INFO com.kit.migrator.datamigrator.service.BeneficiaryESWriter [scheduling-1]  ## ES Migration done for c851b819-2cb7-44c5-870c-3f24b1fd6a96 
2025-12-18 12:48:51,584 INFO com.kit.migrator.datamigrator.service.BeneficiaryESWriter [scheduling-1]  >>> 97c91fb6-a06e-41a0-9c18-1f05a0f385c3
2025-12-18 12:48:51,870 INFO com.kit.migrator.datamigrator.service.BeneficiaryESWriter [scheduling-1]  ## ES Migration done for 97c91fb6-a06e-41a0-9c18-1f05a0f385c3 
2025-12-18 12:48:51,871 INFO com.kit.migrator.datamigrator.service.BeneficiaryESWriter [scheduling-1]  >>> 1fd47466-b89e-4102-8c79-9ba6094c3c10
2025-12-18 12:48:52,172 INFO com.kit.migrator.datamigrator.service.BeneficiaryESWriter [scheduling-1]  ## ES Migration done for 1fd47466-b89e-4102-8c79-9ba6094c3c10 
2025-12-18 12:48:52,173 INFO com.kit.migrator.datamigrator.service.BeneficiaryESWriter [scheduling-1]  >>> d3e400d2-b112-4989-83e9-d0d40fc71b61
2025-12-18 12:48:52,465 INFO com.kit.migrator.datamigrator.service.BeneficiaryESWriter [scheduling-1]  ## ES Migration done for d3e400d2-b112-4989-83e9-d0d40fc71b61 
2025-12-18 12:48:52,465 INFO com.kit.migrator.datamigrator.service.BeneficiaryESWriter [scheduling-1]  >>> 1606cac0-cc82-4390-8679-66d960c62ba4
2025-12-18 12:48:52,747 INFO com.kit.migrator.datamigrator.service.BeneficiaryESWriter [scheduling-1]  ## ES Migration done for 1606cac0-cc82-4390-8679-66d960c62ba4 
2025-12-18 12:48:52,748 INFO com.kit.migrator.datamigrator.service.BeneficiaryESWriter [scheduling-1]  >>> 9157e0a9-3f73-4fec-b72b-d72789d37d7f
2025-12-18 12:48:53,072 INFO com.kit.migrator.datamigrator.service.BeneficiaryESWriter [scheduling-1]  ## ES Migration done for 9157e0a9-3f73-4fec-b72b-d72789d37d7f 
2025-12-18 12:48:53,073 INFO com.kit.migrator.datamigrator.service.BeneficiaryESWriter [scheduling-1]  >>> a1f3a801-3798-4841-a0f0-4475ba4cdc82
2025-12-18 12:48:53,330 INFO com.kit.migrator.datamigrator.service.BeneficiaryESWriter [scheduling-1]  ## ES Migration done for a1f3a801-3798-4841-a0f0-4475ba4cdc82 
2025-12-18 12:48:53,330 INFO com.kit.migrator.datamigrator.service.BeneficiaryESWriter [scheduling-1]  >>> f2afb559-bc1c-4e9d-8793-632034ee8625
2025-12-18 12:48:53,615 INFO com.kit.migrator.datamigrator.service.BeneficiaryESWriter [scheduling-1]  ## ES Migration done for f2afb559-bc1c-4e9d-8793-632034ee8625 
2025-12-18 12:48:53,617 INFO com.kit.migrator.datamigrator.service.BeneficiaryESWriter [scheduling-1]  >>> b6d0a6ae-2fce-45bd-8aa6-e143cc20b3ab
2025-12-18 12:48:53,895 INFO com.kit.migrator.datamigrator.service.BeneficiaryESWriter [scheduling-1]  ## ES Migration done for b6d0a6ae-2fce-45bd-8aa6-e143cc20b3ab 
2025-12-18 12:48:53,897 INFO com.kit.migrator.datamigrator.service.BeneficiaryESWriter [scheduling-1]  >>> fbfdec93-645b-4e89-a660-75eeaf8f8a00
2025-12-18 12:48:54,186 INFO com.kit.migrator.datamigrator.service.BeneficiaryESWriter [scheduling-1]  ## ES Migration done for fbfdec93-645b-4e89-a660-75eeaf8f8a00 
2025-12-18 12:48:54,188 INFO com.kit.migrator.datamigrator.service.BeneficiaryESWriter [scheduling-1]  >>> 0d17d3ee-d15b-4d8e-93e5-b3086ddcd3b9
2025-12-18 12:48:54,469 INFO com.kit.migrator.datamigrator.service.BeneficiaryESWriter [scheduling-1]  ## ES Migration done for 0d17d3ee-d15b-4d8e-93e5-b3086ddcd3b9 
2025-12-18 12:48:54,470 INFO com.kit.migrator.datamigrator.service.BeneficiaryESWriter [scheduling-1]  >>> a56194ed-3f52-4355-91f7-e49e039718c7
2025-12-18 12:48:54,755 INFO com.kit.migrator.datamigrator.service.BeneficiaryESWriter [scheduling-1]  ## ES Migration done for a56194ed-3f52-4355-91f7-e49e039718c7 
2025-12-18 12:48:54,756 INFO com.kit.migrator.datamigrator.service.BeneficiaryESWriter [scheduling-1]  >>> 4fe53ed3-b72c-4ea3-9adf-a6cc32bedd06
2025-12-18 12:48:55,132 INFO com.kit.migrator.datamigrator.service.BeneficiaryESWriter [scheduling-1]  ## ES Migration done for 4fe53ed3-b72c-4ea3-9adf-a6cc32bedd06 
2025-12-18 12:48:55,133 INFO com.kit.migrator.datamigrator.service.BeneficiaryESWriter [scheduling-1]  >>> 7d064272-4139-4a41-ad98-1a65745b100e
2025-12-18 12:48:55,541 INFO com.kit.migrator.datamigrator.service.BeneficiaryESWriter [scheduling-1]  ## ES Migration done for 7d064272-4139-4a41-ad98-1a65745b100e 
2025-12-18 12:48:55,543 INFO com.kit.migrator.datamigrator.service.BeneficiaryESWriter [scheduling-1]  >>> ade74387-7067-4ccb-9638-bb2ef33265c3
2025-12-18 12:48:55,829 INFO com.kit.migrator.datamigrator.service.BeneficiaryESWriter [scheduling-1]  ## ES Migration done for ade74387-7067-4ccb-9638-bb2ef33265c3 
2025-12-18 12:48:55,830 INFO com.kit.migrator.datamigrator.service.BeneficiaryESWriter [scheduling-1]  >>> faea7d06-bfe5-4334-80cb-08d62c0fa497
2025-12-18 12:48:56,175 INFO com.kit.migrator.datamigrator.service.BeneficiaryESWriter [scheduling-1]  ## ES Migration done for faea7d06-bfe5-4334-80cb-08d62c0fa497 
2025-12-18 12:48:56,177 INFO com.kit.migrator.datamigrator.service.BeneficiaryESWriter [scheduling-1]  >>> bd90c995-6063-4a10-9d52-986df1073c9b
2025-12-18 12:48:56,481 INFO com.kit.migrator.datamigrator.service.BeneficiaryESWriter [scheduling-1]  ## ES Migration done for bd90c995-6063-4a10-9d52-986df1073c9b 
2025-12-18 12:48:56,481 INFO com.kit.migrator.datamigrator.service.BeneficiaryESWriter [scheduling-1]  >>> 02ed55cb-3410-4ae7-b8a5-a53e737a0020
2025-12-18 12:48:56,770 INFO com.kit.migrator.datamigrator.service.BeneficiaryESWriter [scheduling-1]  ## ES Migration done for 02ed55cb-3410-4ae7-b8a5-a53e737a0020 
2025-12-18 12:48:56,771 INFO com.kit.migrator.datamigrator.service.BeneficiaryESWriter [scheduling-1]  >>> 9d4b501b-30e6-45ef-8483-2cea5b485559
2025-12-18 12:48:57,060 INFO com.kit.migrator.datamigrator.service.BeneficiaryESWriter [scheduling-1]  ## ES Migration done for 9d4b501b-30e6-45ef-8483-2cea5b485559 
2025-12-18 12:48:57,061 INFO com.kit.migrator.datamigrator.service.BeneficiaryESWriter [scheduling-1]  >>> 1fafd5d0-0de9-4f6e-8ef3-d569c1355616
2025-12-18 12:48:57,389 INFO com.kit.migrator.datamigrator.service.BeneficiaryESWriter [scheduling-1]  ## ES Migration done for 1fafd5d0-0de9-4f6e-8ef3-d569c1355616 
2025-12-18 12:48:57,391 INFO com.kit.migrator.datamigrator.service.BeneficiaryESWriter [scheduling-1]  >>> 530676b3-1d94-4702-bb58-47c1822c00e4
2025-12-18 12:48:57,680 INFO com.kit.migrator.datamigrator.service.BeneficiaryESWriter [scheduling-1]  ## ES Migration done for 530676b3-1d94-4702-bb58-47c1822c00e4 
2025-12-18 12:48:57,682 INFO com.kit.migrator.datamigrator.service.BeneficiaryESWriter [scheduling-1]  >>> 76e682f5-3a35-4b53-9a07-52da3f7e9f34
2025-12-18 12:48:57,971 INFO com.kit.migrator.datamigrator.service.BeneficiaryESWriter [scheduling-1]  ## ES Migration done for 76e682f5-3a35-4b53-9a07-52da3f7e9f34 
2025-12-18 12:48:57,972 INFO com.kit.migrator.datamigrator.service.BeneficiaryESWriter [scheduling-1]  >>> ce14338d-5501-4662-b3c8-bd767e37585e
2025-12-18 12:48:58,252 INFO com.kit.migrator.datamigrator.service.BeneficiaryESWriter [scheduling-1]  ## ES Migration done for ce14338d-5501-4662-b3c8-bd767e37585e 
2025-12-18 12:48:58,253 INFO com.kit.migrator.datamigrator.service.BeneficiaryESWriter [scheduling-1]  >>> c0deaab1-fc9f-451c-a8ad-6078a99d0d32
2025-12-18 12:48:58,516 INFO com.kit.migrator.datamigrator.service.BeneficiaryESWriter [scheduling-1]  ## ES Migration done for c0deaab1-fc9f-451c-a8ad-6078a99d0d32 
2025-12-18 12:48:58,517 INFO com.kit.migrator.datamigrator.service.BeneficiaryESWriter [scheduling-1]  >>> b84a9fa5-10f9-414f-ab31-160c562d92c8
2025-12-18 12:48:58,751 INFO com.kit.migrator.datamigrator.service.BeneficiaryESWriter [scheduling-1]  ## ES Migration done for b84a9fa5-10f9-414f-ab31-160c562d92c8 
2025-12-18 12:48:58,752 INFO com.kit.migrator.datamigrator.service.BeneficiaryESWriter [scheduling-1]  >>> f2451cdf-b5ff-4340-a04e-8e9e1a204d35
2025-12-18 12:48:59,036 INFO com.kit.migrator.datamigrator.service.BeneficiaryESWriter [scheduling-1]  ## ES Migration done for f2451cdf-b5ff-4340-a04e-8e9e1a204d35 
2025-12-18 12:48:59,037 INFO com.kit.migrator.datamigrator.service.BeneficiaryESWriter [scheduling-1]  >>> bf616d5d-ccc3-42e6-a9aa-0ac07239e1c5
2025-12-18 12:48:59,326 INFO com.kit.migrator.datamigrator.service.BeneficiaryESWriter [scheduling-1]  ## ES Migration done for bf616d5d-ccc3-42e6-a9aa-0ac07239e1c5 
2025-12-18 12:48:59,328 INFO com.kit.migrator.datamigrator.service.BeneficiaryESWriter [scheduling-1]  >>> fd432373-381f-4d84-b717-47f0434e8dd8
2025-12-18 12:48:59,616 INFO com.kit.migrator.datamigrator.service.BeneficiaryESWriter [scheduling-1]  ## ES Migration done for fd432373-381f-4d84-b717-47f0434e8dd8 
2025-12-18 12:48:59,616 INFO com.kit.migrator.datamigrator.service.BeneficiaryESWriter [scheduling-1]  >>> e75e3059-f369-461f-8821-3a3467ed0d5e
2025-12-18 12:48:59,904 INFO com.kit.migrator.datamigrator.service.BeneficiaryESWriter [scheduling-1]  ## ES Migration done for e75e3059-f369-461f-8821-3a3467ed0d5e 
2025-12-18 12:48:59,905 INFO com.kit.migrator.datamigrator.service.BeneficiaryESWriter [scheduling-1]  >>> 0453157a-a67a-494b-a620-82f7da45e730
2025-12-18 12:49:00,252 INFO com.kit.migrator.datamigrator.service.BeneficiaryESWriter [scheduling-1]  ## ES Migration done for 0453157a-a67a-494b-a620-82f7da45e730 
2025-12-18 12:49:00,254 INFO com.kit.migrator.datamigrator.service.BeneficiaryESWriter [scheduling-1]  >>> 1d805358-a6c3-4140-83c8-785f38f58e09
2025-12-18 12:49:00,540 INFO com.kit.migrator.datamigrator.service.BeneficiaryESWriter [scheduling-1]  ## ES Migration done for 1d805358-a6c3-4140-83c8-785f38f58e09 
2025-12-18 12:49:00,542 INFO com.kit.migrator.datamigrator.service.BeneficiaryESWriter [scheduling-1]  >>> 9ed2d0fe-dee4-498e-b6b9-79898706c93d
2025-12-18 12:49:00,832 INFO com.kit.migrator.datamigrator.service.BeneficiaryESWriter [scheduling-1]  ## ES Migration done for 9ed2d0fe-dee4-498e-b6b9-79898706c93d 
2025-12-18 12:50:42,552 INFO com.kit.migrator.datamigrator.service.BeneficiaryESWriter [scheduling-1]  >>> b8a2eab1-8a94-4808-97a5-6799b92509de
2025-12-18 12:50:42,962 INFO com.kit.migrator.datamigrator.service.BeneficiaryESWriter [scheduling-1]  ## ES Migration done for b8a2eab1-8a94-4808-97a5-6799b92509de 
2025-12-18 12:50:42,963 INFO com.kit.migrator.datamigrator.service.BeneficiaryESWriter [scheduling-1]  >>> 28a2b42f-bc52-407c-ba2a-2c8b2c0c855f
2025-12-18 12:50:43,246 INFO com.kit.migrator.datamigrator.service.BeneficiaryESWriter [scheduling-1]  ## ES Migration done for 28a2b42f-bc52-407c-ba2a-2c8b2c0c855f 
2025-12-18 12:50:43,247 INFO com.kit.migrator.datamigrator.service.BeneficiaryESWriter [scheduling-1]  >>> 3a471c3d-1431-45a7-ab77-165d2e713cb4
2025-12-18 12:50:43,572 INFO com.kit.migrator.datamigrator.service.BeneficiaryESWriter [scheduling-1]  ## ES Migration done for 3a471c3d-1431-45a7-ab77-165d2e713cb4 
2025-12-18 12:50:43,573 INFO com.kit.migrator.datamigrator.service.BeneficiaryESWriter [scheduling-1]  >>> 66fc5257-f462-4655-9533-9c74c0bf2b41
2025-12-18 12:50:43,872 INFO com.kit.migrator.datamigrator.service.BeneficiaryESWriter [scheduling-1]  ## ES Migration done for 66fc5257-f462-4655-9533-9c74c0bf2b41 
2025-12-18 12:50:43,873 INFO com.kit.migrator.datamigrator.service.BeneficiaryESWriter [scheduling-1]  >>> ee3c6884-78ad-416f-b94d-bcc88e638b37
2025-12-18 12:50:44,292 INFO com.kit.migrator.datamigrator.service.BeneficiaryESWriter [scheduling-1]  ## ES Migration done for ee3c6884-78ad-416f-b94d-bcc88e638b37 
2025-12-18 12:50:44,293 INFO com.kit.migrator.datamigrator.service.BeneficiaryESWriter [scheduling-1]  >>> 27501ea3-1a3c-4d10-834f-4a64e54dd0da
2025-12-18 12:50:44,610 INFO com.kit.migrator.datamigrator.service.BeneficiaryESWriter [scheduling-1]  ## ES Migration done for 27501ea3-1a3c-4d10-834f-4a64e54dd0da 
2025-12-18 12:50:44,611 INFO com.kit.migrator.datamigrator.service.BeneficiaryESWriter [scheduling-1]  >>> 8ddd9676-a490-4d8d-97cf-3fdb68d6802c
2025-12-18 12:50:45,005 INFO com.kit.migrator.datamigrator.service.BeneficiaryESWriter [scheduling-1]  ## ES Migration done for 8ddd9676-a490-4d8d-97cf-3fdb68d6802c 
2025-12-18 12:50:45,006 INFO com.kit.migrator.datamigrator.service.BeneficiaryESWriter [scheduling-1]  >>> 4beed971-c4a8-4305-8eb0-02f86344e68b
2025-12-18 12:50:45,296 INFO com.kit.migrator.datamigrator.service.BeneficiaryESWriter [scheduling-1]  ## ES Migration done for 4beed971-c4a8-4305-8eb0-02f86344e68b 
2025-12-18 12:50:45,297 INFO com.kit.migrator.datamigrator.service.BeneficiaryESWriter [scheduling-1]  >>> 607c1ae3-4280-411f-b95e-7df796d1e7ca
2025-12-18 12:50:45,602 INFO com.kit.migrator.datamigrator.service.BeneficiaryESWriter [scheduling-1]  ## ES Migration done for 607c1ae3-4280-411f-b95e-7df796d1e7ca 
2025-12-18 12:50:45,603 INFO com.kit.migrator.datamigrator.service.BeneficiaryESWriter [scheduling-1]  >>> b15a4963-5b84-4962-927b-b96ea9f34c3d
2025-12-18 12:50:45,879 INFO com.kit.migrator.datamigrator.service.BeneficiaryESWriter [scheduling-1]  ## ES Migration done for b15a4963-5b84-4962-927b-b96ea9f34c3d 
2025-12-18 12:50:45,880 INFO com.kit.migrator.datamigrator.service.BeneficiaryESWriter [scheduling-1]  >>> 8267a068-8bd7-4200-893b-7d2a4fe6e7c6
2025-12-18 12:50:46,178 INFO com.kit.migrator.datamigrator.service.BeneficiaryESWriter [scheduling-1]  ## ES Migration done for 8267a068-8bd7-4200-893b-7d2a4fe6e7c6 
2025-12-18 12:50:46,179 INFO com.kit.migrator.datamigrator.service.BeneficiaryESWriter [scheduling-1]  >>> 5b3f490f-a5a4-44a1-98ef-386e863dbdfd
2025-12-18 12:50:46,543 INFO com.kit.migrator.datamigrator.service.BeneficiaryESWriter [scheduling-1]  ## ES Migration done for 5b3f490f-a5a4-44a1-98ef-386e863dbdfd 
2025-12-18 12:50:46,543 INFO com.kit.migrator.datamigrator.service.BeneficiaryESWriter [scheduling-1]  >>> 2c3cfb12-8182-4fe0-8bdc-b713e85a2dd2
2025-12-18 12:50:46,831 INFO com.kit.migrator.datamigrator.service.BeneficiaryESWriter [scheduling-1]  ## ES Migration done for 2c3cfb12-8182-4fe0-8bdc-b713e85a2dd2 
2025-12-18 12:50:46,833 INFO com.kit.migrator.datamigrator.service.BeneficiaryESWriter [scheduling-1]  >>> bfdee06f-219c-4cf6-ae36-ede672cee39b
2025-12-18 12:50:47,130 INFO com.kit.migrator.datamigrator.service.BeneficiaryESWriter [scheduling-1]  ## ES Migration done for bfdee06f-219c-4cf6-ae36-ede672cee39b 
2025-12-18 12:50:47,130 INFO com.kit.migrator.datamigrator.service.BeneficiaryESWriter [scheduling-1]  >>> c710e040-b599-4c7f-b3e9-2ac23e75a101
2025-12-18 12:50:47,467 INFO com.kit.migrator.datamigrator.service.BeneficiaryESWriter [scheduling-1]  ## ES Migration done for c710e040-b599-4c7f-b3e9-2ac23e75a101 
2025-12-18 12:50:47,468 INFO com.kit.migrator.datamigrator.service.BeneficiaryESWriter [scheduling-1]  >>> f5ecba19-29d0-4249-822b-d006beb263a3
2025-12-18 12:50:47,759 INFO com.kit.migrator.datamigrator.service.BeneficiaryESWriter [scheduling-1]  ## ES Migration done for f5ecba19-29d0-4249-822b-d006beb263a3 
2025-12-18 12:50:47,760 INFO com.kit.migrator.datamigrator.service.BeneficiaryESWriter [scheduling-1]  >>> aff6a9a3-b4ff-403a-b4bc-d576c2860f4f
2025-12-18 12:50:48,070 INFO com.kit.migrator.datamigrator.service.BeneficiaryESWriter [scheduling-1]  ## ES Migration done for aff6a9a3-b4ff-403a-b4bc-d576c2860f4f 
2025-12-18 12:50:48,071 INFO com.kit.migrator.datamigrator.service.BeneficiaryESWriter [scheduling-1]  >>> 706e68bc-f91e-4169-9e53-80fc7f27799b
2025-12-18 12:50:48,349 INFO com.kit.migrator.datamigrator.service.BeneficiaryESWriter [scheduling-1]  ## ES Migration done for 706e68bc-f91e-4169-9e53-80fc7f27799b 
2025-12-18 12:50:48,349 INFO com.kit.migrator.datamigrator.service.BeneficiaryESWriter [scheduling-1]  >>> 5dea4016-05ff-4ac5-9778-d659975cb4a7
2025-12-18 12:50:48,625 INFO com.kit.migrator.datamigrator.service.BeneficiaryESWriter [scheduling-1]  ## ES Migration done for 5dea4016-05ff-4ac5-9778-d659975cb4a7 
2025-12-18 12:50:48,625 INFO com.kit.migrator.datamigrator.service.BeneficiaryESWriter [scheduling-1]  >>> 27683c58-7bbb-43fb-b3ab-8bf1e8f60803
2025-12-18 12:50:49,002 INFO com.kit.migrator.datamigrator.service.BeneficiaryESWriter [scheduling-1]  ## ES Migration done for 27683c58-7bbb-43fb-b3ab-8bf1e8f60803 
2025-12-18 12:50:49,003 INFO com.kit.migrator.datamigrator.service.BeneficiaryESWriter [scheduling-1]  >>> be85e029-7e2f-4ff1-881c-55285d608c93
2025-12-18 12:50:49,299 INFO com.kit.migrator.datamigrator.service.BeneficiaryESWriter [scheduling-1]  ## ES Migration done for be85e029-7e2f-4ff1-881c-55285d608c93 
2025-12-18 12:50:49,301 INFO com.kit.migrator.datamigrator.service.BeneficiaryESWriter [scheduling-1]  >>> 927cc958-b683-454a-bf08-9b2f7a22d487
2025-12-18 12:50:49,602 INFO com.kit.migrator.datamigrator.service.BeneficiaryESWriter [scheduling-1]  ## ES Migration done for 927cc958-b683-454a-bf08-9b2f7a22d487 
2025-12-18 12:50:49,603 INFO com.kit.migrator.datamigrator.service.BeneficiaryESWriter [scheduling-1]  >>> 30dc48c0-ddaa-4d23-ab44-54d2f23361d5
2025-12-18 12:50:49,890 INFO com.kit.migrator.datamigrator.service.BeneficiaryESWriter [scheduling-1]  ## ES Migration done for 30dc48c0-ddaa-4d23-ab44-54d2f23361d5 
2025-12-18 12:50:49,892 INFO com.kit.migrator.datamigrator.service.BeneficiaryESWriter [scheduling-1]  >>> 53580eb4-0c62-4e9d-a83a-d22fcb295b44
2025-12-18 12:50:50,176 INFO com.kit.migrator.datamigrator.service.BeneficiaryESWriter [scheduling-1]  ## ES Migration done for 53580eb4-0c62-4e9d-a83a-d22fcb295b44 
2025-12-18 12:50:50,177 INFO com.kit.migrator.datamigrator.service.BeneficiaryESWriter [scheduling-1]  >>> 1ba1d441-2c07-4255-b76b-b4eb6fb42604
2025-12-18 12:50:50,537 INFO com.kit.migrator.datamigrator.service.BeneficiaryESWriter [scheduling-1]  ## ES Migration done for 1ba1d441-2c07-4255-b76b-b4eb6fb42604 
2025-12-18 12:50:50,538 INFO com.kit.migrator.datamigrator.service.BeneficiaryESWriter [scheduling-1]  >>> 54fd2b2a-add1-4cf3-800b-7719a8351956
2025-12-18 12:50:50,818 INFO com.kit.migrator.datamigrator.service.BeneficiaryESWriter [scheduling-1]  ## ES Migration done for 54fd2b2a-add1-4cf3-800b-7719a8351956 
2025-12-18 12:50:50,819 INFO com.kit.migrator.datamigrator.service.BeneficiaryESWriter [scheduling-1]  >>> 6b91063d-8fd5-4f2f-81db-c7a5ffa7a31d
2025-12-18 12:50:51,090 INFO com.kit.migrator.datamigrator.service.BeneficiaryESWriter [scheduling-1]  ## ES Migration done for 6b91063d-8fd5-4f2f-81db-c7a5ffa7a31d 
2025-12-18 12:50:51,091 INFO com.kit.migrator.datamigrator.service.BeneficiaryESWriter [scheduling-1]  >>> 21505032-6cec-4396-a259-f9af03a9caea
2025-12-18 12:50:51,394 INFO com.kit.migrator.datamigrator.service.BeneficiaryESWriter [scheduling-1]  ## ES Migration done for 21505032-6cec-4396-a259-f9af03a9caea 
2025-12-18 12:50:51,396 INFO com.kit.migrator.datamigrator.service.BeneficiaryESWriter [scheduling-1]  >>> 196a7d8c-9b46-4cf1-b218-15de263b39a0
2025-12-18 12:50:51,684 INFO com.kit.migrator.datamigrator.service.BeneficiaryESWriter [scheduling-1]  ## ES Migration done for 196a7d8c-9b46-4cf1-b218-15de263b39a0 
2025-12-18 12:50:51,686 INFO com.kit.migrator.datamigrator.service.BeneficiaryESWriter [scheduling-1]  >>> b3522d5c-dfd8-4147-b86d-b7da71a06ecf
2025-12-18 12:50:51,995 INFO com.kit.migrator.datamigrator.service.BeneficiaryESWriter [scheduling-1]  ## ES Migration done for b3522d5c-dfd8-4147-b86d-b7da71a06ecf 
2025-12-18 12:50:51,996 INFO com.kit.migrator.datamigrator.service.BeneficiaryESWriter [scheduling-1]  >>> 55dd9714-668b-487f-8107-c7ddb3c2bf5b
2025-12-18 12:50:52,289 INFO com.kit.migrator.datamigrator.service.BeneficiaryESWriter [scheduling-1]  ## ES Migration done for 55dd9714-668b-487f-8107-c7ddb3c2bf5b 
2025-12-18 12:50:52,290 INFO com.kit.migrator.datamigrator.service.BeneficiaryESWriter [scheduling-1]  >>> 8a1b3350-dd28-42bd-8373-faea43706487
2025-12-18 12:50:52,590 INFO com.kit.migrator.datamigrator.service.BeneficiaryESWriter [scheduling-1]  ## ES Migration done for 8a1b3350-dd28-42bd-8373-faea43706487 
2025-12-18 12:50:52,592 INFO com.kit.migrator.datamigrator.service.BeneficiaryESWriter [scheduling-1]  >>> d65d6aee-7ca8-4f7f-9ced-9c5356265409
2025-12-18 12:50:52,890 INFO com.kit.migrator.datamigrator.service.BeneficiaryESWriter [scheduling-1]  ## ES Migration done for d65d6aee-7ca8-4f7f-9ced-9c5356265409 
2025-12-18 12:50:52,890 INFO com.kit.migrator.datamigrator.service.BeneficiaryESWriter [scheduling-1]  >>> e8af6eda-1d97-42e5-aaec-88bac6a782b0
2025-12-18 12:50:53,177 INFO com.kit.migrator.datamigrator.service.BeneficiaryESWriter [scheduling-1]  ## ES Migration done for e8af6eda-1d97-42e5-aaec-88bac6a782b0 
2025-12-18 12:50:53,179 INFO com.kit.migrator.datamigrator.service.BeneficiaryESWriter [scheduling-1]  >>> 24fdf819-39d1-4a0d-a3d6-95325b8750f7
2025-12-18 12:50:53,462 INFO com.kit.migrator.datamigrator.service.BeneficiaryESWriter [scheduling-1]  ## ES Migration done for 24fdf819-39d1-4a0d-a3d6-95325b8750f7 
2025-12-18 12:50:53,464 INFO com.kit.migrator.datamigrator.service.BeneficiaryESWriter [scheduling-1]  >>> 454bfebd-5660-4763-a7c4-b03db530faca
2025-12-18 12:50:53,743 INFO com.kit.migrator.datamigrator.service.BeneficiaryESWriter [scheduling-1]  ## ES Migration done for 454bfebd-5660-4763-a7c4-b03db530faca 
2025-12-18 12:50:53,744 INFO com.kit.migrator.datamigrator.service.BeneficiaryESWriter [scheduling-1]  >>> a79bfd38-24f3-412c-b0c3-a3167f746068
2025-12-18 12:50:54,051 INFO com.kit.migrator.datamigrator.service.BeneficiaryESWriter [scheduling-1]  ## ES Migration done for a79bfd38-24f3-412c-b0c3-a3167f746068 
2025-12-18 12:50:54,052 INFO com.kit.migrator.datamigrator.service.BeneficiaryESWriter [scheduling-1]  >>> 0e84755b-c9d5-44ad-be88-2d847b9e1f64
2025-12-18 12:50:54,429 INFO com.kit.migrator.datamigrator.service.BeneficiaryESWriter [scheduling-1]  ## ES Migration done for 0e84755b-c9d5-44ad-be88-2d847b9e1f64 
2025-12-18 12:50:54,430 INFO com.kit.migrator.datamigrator.service.BeneficiaryESWriter [scheduling-1]  >>> 88fa4783-d420-49c5-805f-91d0ebfc68c5
2025-12-18 12:50:54,839 INFO com.kit.migrator.datamigrator.service.BeneficiaryESWriter [scheduling-1]  ## ES Migration done for 88fa4783-d420-49c5-805f-91d0ebfc68c5 
2025-12-18 12:50:54,840 INFO com.kit.migrator.datamigrator.service.BeneficiaryESWriter [scheduling-1]  >>> 040a2c90-bfda-467f-99b9-c13c1f6bd649
2025-12-18 12:50:55,131 INFO com.kit.migrator.datamigrator.service.BeneficiaryESWriter [scheduling-1]  ## ES Migration done for 040a2c90-bfda-467f-99b9-c13c1f6bd649 
2025-12-18 12:50:55,132 INFO com.kit.migrator.datamigrator.service.BeneficiaryESWriter [scheduling-1]  >>> 53f5f87b-94bd-45ad-b666-215dc188eecc
2025-12-18 12:50:55,441 INFO com.kit.migrator.datamigrator.service.BeneficiaryESWriter [scheduling-1]  ## ES Migration done for 53f5f87b-94bd-45ad-b666-215dc188eecc 
2025-12-18 12:50:55,442 INFO com.kit.migrator.datamigrator.service.BeneficiaryESWriter [scheduling-1]  >>> 37a368a0-2fee-440e-9ee7-d073238dcd34
2025-12-18 12:50:55,730 INFO com.kit.migrator.datamigrator.service.BeneficiaryESWriter [scheduling-1]  ## ES Migration done for 37a368a0-2fee-440e-9ee7-d073238dcd34 
2025-12-18 12:50:55,731 INFO com.kit.migrator.datamigrator.service.BeneficiaryESWriter [scheduling-1]  >>> 39b433a1-6157-456e-b2c5-612277b7a078
2025-12-18 12:50:56,015 INFO com.kit.migrator.datamigrator.service.BeneficiaryESWriter [scheduling-1]  ## ES Migration done for 39b433a1-6157-456e-b2c5-612277b7a078 
2025-12-18 12:50:56,015 INFO com.kit.migrator.datamigrator.service.BeneficiaryESWriter [scheduling-1]  >>> 44aa7ee3-7209-4913-b0ac-351e6b0334a1
2025-12-18 12:50:56,295 INFO com.kit.migrator.datamigrator.service.BeneficiaryESWriter [scheduling-1]  ## ES Migration done for 44aa7ee3-7209-4913-b0ac-351e6b0334a1 
2025-12-18 12:50:56,298 INFO com.kit.migrator.datamigrator.service.BeneficiaryESWriter [scheduling-1]  >>> 78c0752e-4870-49d8-ad60-b64bb101aeec
2025-12-18 12:50:56,341 ERROR com.kit.migrator.datamigrator.DataMigratorApplication [scheduling-1] Failed to run
org.springframework.jdbc.BadSqlGrammarException: PreparedStatementCallback; bad SQL grammar [SELECT JOB_INSTANCE_ID, JOB_NAME from BATCH_JOB_INSTANCE where JOB_NAME = ? and JOB_KEY = ?]; nested exception is com.microsoft.sqlserver.jdbc.SQLServerException: Invalid object name 'BATCH_JOB_INSTANCE'.
	at org.springframework.jdbc.support.SQLErrorCodeSQLExceptionTranslator.doTranslate(SQLErrorCodeSQLExceptionTranslator.java:239)
	at org.springframework.jdbc.support.AbstractFallbackSQLExceptionTranslator.translate(AbstractFallbackSQLExceptionTranslator.java:70)
	at org.springframework.jdbc.core.JdbcTemplate.translateException(JdbcTemplate.java:1541)
	at org.springframework.jdbc.core.JdbcTemplate.execute(JdbcTemplate.java:667)
	at org.springframework.jdbc.core.JdbcTemplate.query(JdbcTemplate.java:713)
	at org.springframework.jdbc.core.JdbcTemplate.query(JdbcTemplate.java:744)
	at org.springframework.jdbc.core.JdbcTemplate.query(JdbcTemplate.java:757)
	at org.springframework.jdbc.core.JdbcTemplate.query(JdbcTemplate.java:815)
	at org.springframework.batch.core.repository.dao.JdbcJobInstanceDao.getJobInstance(JdbcJobInstanceDao.java:151)
	at org.springframework.batch.core.repository.support.SimpleJobRepository.getLastJobExecution(SimpleJobRepository.java:266)
	at sun.reflect.NativeMethodAccessorImpl.invoke0(Native Method)
	at sun.reflect.NativeMethodAccessorImpl.invoke(NativeMethodAccessorImpl.java:62)
	at sun.reflect.DelegatingMethodAccessorImpl.invoke(DelegatingMethodAccessorImpl.java:43)
	at java.lang.reflect.Method.invoke(Method.java:498)
	at org.springframework.aop.support.AopUtils.invokeJoinpointUsingReflection(AopUtils.java:344)
	at org.springframework.aop.framework.ReflectiveMethodInvocation.invokeJoinpoint(ReflectiveMethodInvocation.java:198)
	at org.springframework.aop.framework.ReflectiveMethodInvocation.proceed(ReflectiveMethodInvocation.java:163)
	at org.springframework.transaction.interceptor.TransactionInterceptor$1.proceedWithInvocation(TransactionInterceptor.java:123)
	at org.springframework.transaction.interceptor.TransactionAspectSupport.invokeWithinTransaction(TransactionAspectSupport.java:388)
	at org.springframework.transaction.interceptor.TransactionInterceptor.invoke(TransactionInterceptor.java:119)
	at org.springframework.aop.framework.ReflectiveMethodInvocation.proceed(ReflectiveMethodInvocation.java:186)
	at org.springframework.aop.framework.JdkDynamicAopProxy.invoke(JdkDynamicAopProxy.java:215)
	at com.sun.proxy.$Proxy88.getLastJobExecution(Unknown Source)
	at org.springframework.batch.core.launch.support.SimpleJobLauncher.run(SimpleJobLauncher.java:104)
	at sun.reflect.NativeMethodAccessorImpl.invoke0(Native Method)
	at sun.reflect.NativeMethodAccessorImpl.invoke(NativeMethodAccessorImpl.java:62)
	at sun.reflect.DelegatingMethodAccessorImpl.invoke(DelegatingMethodAccessorImpl.java:43)
	at java.lang.reflect.Method.invoke(Method.java:498)
	at org.springframework.aop.support.AopUtils.invokeJoinpointUsingReflection(AopUtils.java:344)
	at org.springframework.aop.framework.ReflectiveMethodInvocation.invokeJoinpoint(ReflectiveMethodInvocation.java:198)
	at org.springframework.aop.framework.ReflectiveMethodInvocation.proceed(ReflectiveMethodInvocation.java:163)
	at org.springframework.batch.core.configuration.annotation.SimpleBatchConfiguration$PassthruAdvice.invoke(SimpleBatchConfiguration.java:128)
	at org.springframework.aop.framework.ReflectiveMethodInvocation.proceed(ReflectiveMethodInvocation.java:186)
	at org.springframework.aop.framework.JdkDynamicAopProxy.invoke(JdkDynamicAopProxy.java:215)
	at com.sun.proxy.$Proxy90.run(Unknown Source)
	at com.kit.migrator.datamigrator.DataMigratorApplication.launchJob(DataMigratorApplication.java:62)
	at com.kit.migrator.datamigrator.DataMigratorApplication.runJob(DataMigratorApplication.java:52)
	at sun.reflect.NativeMethodAccessorImpl.invoke0(Native Method)
	at sun.reflect.NativeMethodAccessorImpl.invoke(NativeMethodAccessorImpl.java:62)
	at sun.reflect.DelegatingMethodAccessorImpl.invoke(DelegatingMethodAccessorImpl.java:43)
	at java.lang.reflect.Method.invoke(Method.java:498)
	at org.springframework.scheduling.support.ScheduledMethodRunnable.run(ScheduledMethodRunnable.java:84)
	at org.springframework.scheduling.support.DelegatingErrorHandlingRunnable.run(DelegatingErrorHandlingRunnable.java:54)
	at java.util.concurrent.Executors$RunnableAdapter.call(Executors.java:511)
	at java.util.concurrent.FutureTask.runAndReset(FutureTask.java:308)
	at java.util.concurrent.ScheduledThreadPoolExecutor$ScheduledFutureTask.access$301(ScheduledThreadPoolExecutor.java:180)
	at java.util.concurrent.ScheduledThreadPoolExecutor$ScheduledFutureTask.run(ScheduledThreadPoolExecutor.java:294)
	at java.util.concurrent.ThreadPoolExecutor.runWorker(ThreadPoolExecutor.java:1149)
	at java.util.concurrent.ThreadPoolExecutor$Worker.run(ThreadPoolExecutor.java:624)
	at java.lang.Thread.run(Thread.java:750)
Caused by: com.microsoft.sqlserver.jdbc.SQLServerException: Invalid object name 'BATCH_JOB_INSTANCE'.
	at com.microsoft.sqlserver.jdbc.SQLServerException.makeFromDatabaseError(SQLServerException.java:262)
	at com.microsoft.sqlserver.jdbc.SQLServerStatement.getNextResult(SQLServerStatement.java:1632)
	at com.microsoft.sqlserver.jdbc.SQLServerPreparedStatement.doExecutePreparedStatement(SQLServerPreparedStatement.java:602)
	at com.microsoft.sqlserver.jdbc.SQLServerPreparedStatement$PrepStmtExecCmd.doExecute(SQLServerPreparedStatement.java:524)
	at com.microsoft.sqlserver.jdbc.TDSCommand.execute(IOBuffer.java:7375)
	at com.microsoft.sqlserver.jdbc.SQLServerConnection.executeCommand(SQLServerConnection.java:3206)
	at com.microsoft.sqlserver.jdbc.SQLServerStatement.executeCommand(SQLServerStatement.java:247)
	at com.microsoft.sqlserver.jdbc.SQLServerStatement.executeStatement(SQLServerStatement.java:222)
	at com.microsoft.sqlserver.jdbc.SQLServerPreparedStatement.executeQuery(SQLServerPreparedStatement.java:446)
	at com.zaxxer.hikari.pool.ProxyPreparedStatement.executeQuery(ProxyPreparedStatement.java:52)
	at com.zaxxer.hikari.pool.HikariProxyPreparedStatement.executeQuery(HikariProxyPreparedStatement.java)
	at org.springframework.jdbc.core.JdbcTemplate$1.doInPreparedStatement(JdbcTemplate.java:722)
	at org.springframework.jdbc.core.JdbcTemplate.execute(JdbcTemplate.java:651)
	... 46 common frames omitted
2025-12-18 12:50:56,684 INFO com.kit.migrator.datamigrator.service.BeneficiaryESWriter [scheduling-1]  ## ES Migration done for 78c0752e-4870-49d8-ad60-b64bb101aeec 
2025-12-18 12:50:56,685 INFO com.kit.migrator.datamigrator.service.BeneficiaryESWriter [scheduling-1]  >>> c54d2d38-9dbe-4138-a9ec-9a7a8e9cb3f0
2025-12-18 12:50:56,997 INFO com.kit.migrator.datamigrator.service.BeneficiaryESWriter [scheduling-1]  ## ES Migration done for c54d2d38-9dbe-4138-a9ec-9a7a8e9cb3f0 
2025-12-18 12:50:56,998 INFO com.kit.migrator.datamigrator.service.BeneficiaryESWriter [scheduling-1]  >>> 50570480-bf98-4c43-abff-dd0a8ef069b0
2025-12-18 12:50:57,291 INFO com.kit.migrator.datamigrator.service.BeneficiaryESWriter [scheduling-1]  ## ES Migration done for 50570480-bf98-4c43-abff-dd0a8ef069b0 
2025-12-18 12:50:57,291 INFO com.kit.migrator.datamigrator.service.BeneficiaryESWriter [scheduling-1]  >>> 6e170037-376a-4f85-a395-fce96a74aedb
2025-12-18 12:50:57,579 INFO com.kit.migrator.datamigrator.service.BeneficiaryESWriter [scheduling-1]  ## ES Migration done for 6e170037-376a-4f85-a395-fce96a74aedb 
2025-12-18 12:50:57,580 INFO com.kit.migrator.datamigrator.service.BeneficiaryESWriter [scheduling-1]  >>> 46552a7c-ddfb-4b5a-af5b-a26ebe7f8401
2025-12-18 12:50:57,855 INFO com.kit.migrator.datamigrator.service.BeneficiaryESWriter [scheduling-1]  ## ES Migration done for 46552a7c-ddfb-4b5a-af5b-a26ebe7f8401 
2025-12-18 12:50:57,856 INFO com.kit.migrator.datamigrator.service.BeneficiaryESWriter [scheduling-1]  >>> d3c4ddff-075d-4b6f-8f75-ddc9b42f442f
2025-12-18 12:50:58,153 INFO com.kit.migrator.datamigrator.service.BeneficiaryESWriter [scheduling-1]  ## ES Migration done for d3c4ddff-075d-4b6f-8f75-ddc9b42f442f 
2025-12-18 12:50:58,155 INFO com.kit.migrator.datamigrator.service.BeneficiaryESWriter [scheduling-1]  >>> 1de71988-d293-4825-bbfb-5a8c4f85a42f
2025-12-18 12:50:58,474 INFO com.kit.migrator.datamigrator.service.BeneficiaryESWriter [scheduling-1]  ## ES Migration done for 1de71988-d293-4825-bbfb-5a8c4f85a42f 
2025-12-18 12:50:58,475 INFO com.kit.migrator.datamigrator.service.BeneficiaryESWriter [scheduling-1]  >>> 65ee0573-989b-4d79-840e-ba42eaf1929e
2025-12-18 12:50:58,783 INFO com.kit.migrator.datamigrator.service.BeneficiaryESWriter [scheduling-1]  ## ES Migration done for 65ee0573-989b-4d79-840e-ba42eaf1929e 
2025-12-18 12:50:58,785 INFO com.kit.migrator.datamigrator.service.BeneficiaryESWriter [scheduling-1]  >>> 390ba0cb-69af-4001-b467-2131a4dda25a
2025-12-18 12:50:59,075 INFO com.kit.migrator.datamigrator.service.BeneficiaryESWriter [scheduling-1]  ## ES Migration done for 390ba0cb-69af-4001-b467-2131a4dda25a 
2025-12-18 12:50:59,076 INFO com.kit.migrator.datamigrator.service.BeneficiaryESWriter [scheduling-1]  >>> 7bd8ae71-1886-4bf4-8830-b7245d58c7fa
2025-12-18 12:50:59,380 INFO com.kit.migrator.datamigrator.service.BeneficiaryESWriter [scheduling-1]  ## ES Migration done for 7bd8ae71-1886-4bf4-8830-b7245d58c7fa 
2025-12-18 12:50:59,381 INFO com.kit.migrator.datamigrator.service.BeneficiaryESWriter [scheduling-1]  >>> 73294b4e-198d-4b40-a1de-82c9b6183c1b
2025-12-18 12:50:59,676 INFO com.kit.migrator.datamigrator.service.BeneficiaryESWriter [scheduling-1]  ## ES Migration done for 73294b4e-198d-4b40-a1de-82c9b6183c1b 
2025-12-18 12:50:59,678 INFO com.kit.migrator.datamigrator.service.BeneficiaryESWriter [scheduling-1]  >>> 71c5bf2a-80bd-4224-90a5-29a39b13bd07
2025-12-18 12:50:59,974 INFO com.kit.migrator.datamigrator.service.BeneficiaryESWriter [scheduling-1]  ## ES Migration done for 71c5bf2a-80bd-4224-90a5-29a39b13bd07 
2025-12-18 12:50:59,976 INFO com.kit.migrator.datamigrator.service.BeneficiaryESWriter [scheduling-1]  >>> 104c5819-7eca-4544-8dc4-3e2870d38dce
2025-12-18 12:51:00,268 INFO com.kit.migrator.datamigrator.service.BeneficiaryESWriter [scheduling-1]  ## ES Migration done for 104c5819-7eca-4544-8dc4-3e2870d38dce 
2025-12-18 12:51:00,270 INFO com.kit.migrator.datamigrator.service.BeneficiaryESWriter [scheduling-1]  >>> 7114e7e9-bbb8-4474-b915-40c6b8630f85
2025-12-18 12:51:00,676 INFO com.kit.migrator.datamigrator.service.BeneficiaryESWriter [scheduling-1]  ## ES Migration done for 7114e7e9-bbb8-4474-b915-40c6b8630f85 
2025-12-18 12:51:00,678 INFO com.kit.migrator.datamigrator.service.BeneficiaryESWriter [scheduling-1]  >>> d59b3de8-46d0-4b90-83df-96b02a6f4415
2025-12-18 12:51:00,970 INFO com.kit.migrator.datamigrator.service.BeneficiaryESWriter [scheduling-1]  ## ES Migration done for d59b3de8-46d0-4b90-83df-96b02a6f4415 
2025-12-18 12:51:00,971 INFO com.kit.migrator.datamigrator.service.BeneficiaryESWriter [scheduling-1]  >>> d4e385d6-f480-44f5-a2e9-b31b67147bb9
2025-12-18 12:51:01,289 INFO com.kit.migrator.datamigrator.service.BeneficiaryESWriter [scheduling-1]  ## ES Migration done for d4e385d6-f480-44f5-a2e9-b31b67147bb9 
2025-12-18 12:51:01,290 INFO com.kit.migrator.datamigrator.service.BeneficiaryESWriter [scheduling-1]  >>> 2ed4e3d1-9c45-4482-ad8f-45547a4a99ac
2025-12-18 12:51:01,578 INFO com.kit.migrator.datamigrator.service.BeneficiaryESWriter [scheduling-1]  ## ES Migration done for 2ed4e3d1-9c45-4482-ad8f-45547a4a99ac 
2025-12-18 12:51:01,579 INFO com.kit.migrator.datamigrator.service.BeneficiaryESWriter [scheduling-1]  >>> a6a27177-9d41-481d-8163-7056750bdcc0
2025-12-18 12:51:01,864 INFO com.kit.migrator.datamigrator.service.BeneficiaryESWriter [scheduling-1]  ## ES Migration done for a6a27177-9d41-481d-8163-7056750bdcc0 
2025-12-18 12:51:01,864 INFO com.kit.migrator.datamigrator.service.BeneficiaryESWriter [scheduling-1]  >>> 20fb91d8-ea5b-43e1-a3a4-e255410b6d9e
2025-12-18 12:51:02,141 INFO com.kit.migrator.datamigrator.service.BeneficiaryESWriter [scheduling-1]  ## ES Migration done for 20fb91d8-ea5b-43e1-a3a4-e255410b6d9e 
2025-12-18 12:51:02,142 INFO com.kit.migrator.datamigrator.service.BeneficiaryESWriter [scheduling-1]  >>> 0072554f-1c93-4531-a606-ce04949194a9
2025-12-18 12:51:02,517 INFO com.kit.migrator.datamigrator.service.BeneficiaryESWriter [scheduling-1]  ## ES Migration done for 0072554f-1c93-4531-a606-ce04949194a9 
2025-12-18 12:51:02,519 INFO com.kit.migrator.datamigrator.service.BeneficiaryESWriter [scheduling-1]  >>> 0ddff380-77f4-467a-b2dc-a506b054d5ab
2025-12-18 12:51:02,804 INFO com.kit.migrator.datamigrator.service.BeneficiaryESWriter [scheduling-1]  ## ES Migration done for 0ddff380-77f4-467a-b2dc-a506b054d5ab 
2025-12-18 12:51:02,805 INFO com.kit.migrator.datamigrator.service.BeneficiaryESWriter [scheduling-1]  >>> bdacba87-2914-4454-bc22-e6621471dcca
2025-12-18 12:51:03,110 INFO com.kit.migrator.datamigrator.service.BeneficiaryESWriter [scheduling-1]  ## ES Migration done for bdacba87-2914-4454-bc22-e6621471dcca 
2025-12-18 12:51:03,112 INFO com.kit.migrator.datamigrator.service.BeneficiaryESWriter [scheduling-1]  >>> f935f142-914c-4cda-bdcb-ad646232d4ff
2025-12-18 12:51:03,410 INFO com.kit.migrator.datamigrator.service.BeneficiaryESWriter [scheduling-1]  ## ES Migration done for f935f142-914c-4cda-bdcb-ad646232d4ff 
2025-12-18 12:51:03,410 INFO com.kit.migrator.datamigrator.service.BeneficiaryESWriter [scheduling-1]  >>> fa3b5217-e595-4f82-b21c-76dff69ddb51
2025-12-18 12:51:03,709 INFO com.kit.migrator.datamigrator.service.BeneficiaryESWriter [scheduling-1]  ## ES Migration done for fa3b5217-e595-4f82-b21c-76dff69ddb51 
2025-12-18 12:51:03,710 INFO com.kit.migrator.datamigrator.service.BeneficiaryESWriter [scheduling-1]  >>> 504f1aa3-9326-4944-9739-3f2283dedf10
2025-12-18 12:51:04,006 INFO com.kit.migrator.datamigrator.service.BeneficiaryESWriter [scheduling-1]  ## ES Migration done for 504f1aa3-9326-4944-9739-3f2283dedf10 
2025-12-18 12:51:04,007 INFO com.kit.migrator.datamigrator.service.BeneficiaryESWriter [scheduling-1]  >>> 53d8d236-0704-4891-9cab-e4a7126a394b
2025-12-18 12:51:04,304 INFO com.kit.migrator.datamigrator.service.BeneficiaryESWriter [scheduling-1]  ## ES Migration done for 53d8d236-0704-4891-9cab-e4a7126a394b 
2025-12-18 12:51:04,305 INFO com.kit.migrator.datamigrator.service.BeneficiaryESWriter [scheduling-1]  >>> c08a84c2-ec90-400d-be54-72113208a681
2025-12-18 12:51:04,669 INFO com.kit.migrator.datamigrator.service.BeneficiaryESWriter [scheduling-1]  ## ES Migration done for c08a84c2-ec90-400d-be54-72113208a681 
2025-12-18 12:51:04,671 INFO com.kit.migrator.datamigrator.service.BeneficiaryESWriter [scheduling-1]  >>> 2d93c1b3-2868-496e-9fbf-4bf66a6f3388
2025-12-18 12:51:04,955 INFO com.kit.migrator.datamigrator.service.BeneficiaryESWriter [scheduling-1]  ## ES Migration done for 2d93c1b3-2868-496e-9fbf-4bf66a6f3388 
2025-12-18 12:51:04,956 INFO com.kit.migrator.datamigrator.service.BeneficiaryESWriter [scheduling-1]  >>> adad15f3-073c-4ac9-98bb-fe5043469d77
2025-12-18 12:51:05,250 INFO com.kit.migrator.datamigrator.service.BeneficiaryESWriter [scheduling-1]  ## ES Migration done for adad15f3-073c-4ac9-98bb-fe5043469d77 
2025-12-18 12:51:05,251 INFO com.kit.migrator.datamigrator.service.BeneficiaryESWriter [scheduling-1]  >>> c4f0c500-ac2f-419a-9ef1-960c075eafcb
2025-12-18 12:51:05,579 INFO com.kit.migrator.datamigrator.service.BeneficiaryESWriter [scheduling-1]  ## ES Migration done for c4f0c500-ac2f-419a-9ef1-960c075eafcb 
2025-12-18 12:51:05,580 INFO com.kit.migrator.datamigrator.service.BeneficiaryESWriter [scheduling-1]  >>> 31fe3927-a81e-4581-8a8d-52b6dab2fdf3
2025-12-18 12:51:05,872 INFO com.kit.migrator.datamigrator.service.BeneficiaryESWriter [scheduling-1]  ## ES Migration done for 31fe3927-a81e-4581-8a8d-52b6dab2fdf3 
2025-12-18 12:51:05,873 INFO com.kit.migrator.datamigrator.service.BeneficiaryESWriter [scheduling-1]  >>> d3910e19-118e-4562-9980-62e785f389d9
2025-12-18 12:51:06,229 INFO com.kit.migrator.datamigrator.service.BeneficiaryESWriter [scheduling-1]  ## ES Migration done for d3910e19-118e-4562-9980-62e785f389d9 
2025-12-18 12:51:06,230 INFO com.kit.migrator.datamigrator.service.BeneficiaryESWriter [scheduling-1]  >>> 4248fb65-a63f-4669-b9e2-5b4d1c45181c
2025-12-18 12:51:06,613 INFO com.kit.migrator.datamigrator.service.BeneficiaryESWriter [scheduling-1]  ## ES Migration done for 4248fb65-a63f-4669-b9e2-5b4d1c45181c 
2025-12-18 12:51:06,614 INFO com.kit.migrator.datamigrator.service.BeneficiaryESWriter [scheduling-1]  >>> 73704842-aae7-4d2d-82d9-62822615d101
2025-12-18 12:51:06,877 INFO com.kit.migrator.datamigrator.service.BeneficiaryESWriter [scheduling-1]  ## ES Migration done for 73704842-aae7-4d2d-82d9-62822615d101 
2025-12-18 12:51:06,878 INFO com.kit.migrator.datamigrator.service.BeneficiaryESWriter [scheduling-1]  >>> 97a0d6a4-4962-4b03-9a1e-c852b198af28
2025-12-18 12:51:07,166 INFO com.kit.migrator.datamigrator.service.BeneficiaryESWriter [scheduling-1]  ## ES Migration done for 97a0d6a4-4962-4b03-9a1e-c852b198af28 
2025-12-18 12:51:07,167 INFO com.kit.migrator.datamigrator.service.BeneficiaryESWriter [scheduling-1]  >>> 4a084561-aa65-434d-ac19-15efdb280b7f
2025-12-18 12:51:07,456 INFO com.kit.migrator.datamigrator.service.BeneficiaryESWriter [scheduling-1]  ## ES Migration done for 4a084561-aa65-434d-ac19-15efdb280b7f 
2025-12-18 12:51:07,457 INFO com.kit.migrator.datamigrator.service.BeneficiaryESWriter [scheduling-1]  >>> 3d15c316-f7d6-477e-a50e-c39a31523733
2025-12-18 12:51:07,750 INFO com.kit.migrator.datamigrator.service.BeneficiaryESWriter [scheduling-1]  ## ES Migration done for 3d15c316-f7d6-477e-a50e-c39a31523733 
2025-12-18 12:51:07,752 INFO com.kit.migrator.datamigrator.service.BeneficiaryESWriter [scheduling-1]  >>> 23168a2e-8a94-4aa4-b810-de39449e1686
2025-12-18 12:51:08,079 INFO com.kit.migrator.datamigrator.service.BeneficiaryESWriter [scheduling-1]  ## ES Migration done for 23168a2e-8a94-4aa4-b810-de39449e1686 
2025-12-18 12:51:08,080 INFO com.kit.migrator.datamigrator.service.BeneficiaryESWriter [scheduling-1]  >>> 3be23026-2767-4355-8dc0-48456f7e6163
2025-12-18 12:51:08,456 INFO com.kit.migrator.datamigrator.service.BeneficiaryESWriter [scheduling-1]  ## ES Migration done for 3be23026-2767-4355-8dc0-48456f7e6163 
2025-12-18 12:51:08,458 INFO com.kit.migrator.datamigrator.service.BeneficiaryESWriter [scheduling-1]  >>> 9e3ea153-94ea-4a3a-928d-561dbc007f3c
2025-12-18 12:51:08,745 INFO com.kit.migrator.datamigrator.service.BeneficiaryESWriter [scheduling-1]  ## ES Migration done for 9e3ea153-94ea-4a3a-928d-561dbc007f3c 
2025-12-18 12:51:08,747 INFO com.kit.migrator.datamigrator.service.BeneficiaryESWriter [scheduling-1]  >>> 31d53a8c-e1a2-4ac6-a974-9fdfc9b6253f
2025-12-18 12:51:09,071 INFO com.kit.migrator.datamigrator.service.BeneficiaryESWriter [scheduling-1]  ## ES Migration done for 31d53a8c-e1a2-4ac6-a974-9fdfc9b6253f 
2025-12-18 12:51:09,072 INFO com.kit.migrator.datamigrator.service.BeneficiaryESWriter [scheduling-1]  >>> 990e1f23-e1ce-4407-b395-a802572f3733
2025-12-18 12:51:09,349 INFO com.kit.migrator.datamigrator.service.BeneficiaryESWriter [scheduling-1]  ## ES Migration done for 990e1f23-e1ce-4407-b395-a802572f3733 
2025-12-18 12:51:09,351 INFO com.kit.migrator.datamigrator.service.BeneficiaryESWriter [scheduling-1]  >>> 44e479aa-2b3b-4ac5-bad7-c77a1ffac755
2025-12-18 12:51:09,641 INFO com.kit.migrator.datamigrator.service.BeneficiaryESWriter [scheduling-1]  ## ES Migration done for 44e479aa-2b3b-4ac5-bad7-c77a1ffac755 
2025-12-18 12:51:09,642 INFO com.kit.migrator.datamigrator.service.BeneficiaryESWriter [scheduling-1]  >>> 515e95dc-0422-4263-a972-2f6e0be5e25f
2025-12-18 12:51:09,939 INFO com.kit.migrator.datamigrator.service.BeneficiaryESWriter [scheduling-1]  ## ES Migration done for 515e95dc-0422-4263-a972-2f6e0be5e25f 
2025-12-18 12:51:09,940 INFO com.kit.migrator.datamigrator.service.BeneficiaryESWriter [scheduling-1]  >>> 2565c271-32c4-4752-b826-59a8099bd880
2025-12-18 12:51:10,240 INFO com.kit.migrator.datamigrator.service.BeneficiaryESWriter [scheduling-1]  ## ES Migration done for 2565c271-32c4-4752-b826-59a8099bd880 
2025-12-18 12:51:10,241 INFO com.kit.migrator.datamigrator.service.BeneficiaryESWriter [scheduling-1]  >>> ed80e833-54d4-433e-8cdf-257ab1576eee
2025-12-18 12:51:10,531 INFO com.kit.migrator.datamigrator.service.BeneficiaryESWriter [scheduling-1]  ## ES Migration done for ed80e833-54d4-433e-8cdf-257ab1576eee 
2025-12-18 12:51:10,532 INFO com.kit.migrator.datamigrator.service.BeneficiaryESWriter [scheduling-1]  >>> 7b3d7adb-a0ea-489b-9dbe-f0a4b137904b
2025-12-18 12:51:10,826 INFO com.kit.migrator.datamigrator.service.BeneficiaryESWriter [scheduling-1]  ## ES Migration done for 7b3d7adb-a0ea-489b-9dbe-f0a4b137904b 
2025-12-18 12:51:10,827 INFO com.kit.migrator.datamigrator.service.BeneficiaryESWriter [scheduling-1]  >>> 71bdf7b6-6773-45e1-8ac8-9a464d8486d3
2025-12-18 12:51:11,118 INFO com.kit.migrator.datamigrator.service.BeneficiaryESWriter [scheduling-1]  ## ES Migration done for 71bdf7b6-6773-45e1-8ac8-9a464d8486d3 
2025-12-18 12:51:11,119 INFO com.kit.migrator.datamigrator.service.BeneficiaryESWriter [scheduling-1]  >>> 63baffcd-3e33-42e6-97f5-4312ab81a9e0
2025-12-18 12:51:11,393 INFO com.kit.migrator.datamigrator.service.BeneficiaryESWriter [scheduling-1]  ## ES Migration done for 63baffcd-3e33-42e6-97f5-4312ab81a9e0 
2025-12-18 12:51:11,394 INFO com.kit.migrator.datamigrator.service.BeneficiaryESWriter [scheduling-1]  >>> f83775f0-c161-4379-b792-033ea30dee54
2025-12-18 12:51:11,675 INFO com.kit.migrator.datamigrator.service.BeneficiaryESWriter [scheduling-1]  ## ES Migration done for f83775f0-c161-4379-b792-033ea30dee54 
2025-12-18 12:51:11,676 INFO com.kit.migrator.datamigrator.service.BeneficiaryESWriter [scheduling-1]  >>> c7f07771-7871-42dd-b26e-32b214ce20ae
2025-12-18 12:51:11,959 INFO com.kit.migrator.datamigrator.service.BeneficiaryESWriter [scheduling-1]  ## ES Migration done for c7f07771-7871-42dd-b26e-32b214ce20ae 
2025-12-18 12:51:11,960 INFO com.kit.migrator.datamigrator.service.BeneficiaryESWriter [scheduling-1]  >>> e9474812-de57-42a7-8397-bd6257a83db9
2025-12-18 12:51:12,244 INFO com.kit.migrator.datamigrator.service.BeneficiaryESWriter [scheduling-1]  ## ES Migration done for e9474812-de57-42a7-8397-bd6257a83db9 
2025-12-18 12:51:12,245 INFO com.kit.migrator.datamigrator.service.BeneficiaryESWriter [scheduling-1]  >>> 63caadab-cc66-4be8-8402-b04b4d91e4af
2025-12-18 12:51:12,552 INFO com.kit.migrator.datamigrator.service.BeneficiaryESWriter [scheduling-1]  ## ES Migration done for 63caadab-cc66-4be8-8402-b04b4d91e4af 
2025-12-18 12:51:12,553 INFO com.kit.migrator.datamigrator.service.BeneficiaryESWriter [scheduling-1]  >>> 869d6887-8a7e-44e4-a3fa-dca876f932dd
2025-12-18 12:51:12,836 INFO com.kit.migrator.datamigrator.service.BeneficiaryESWriter [scheduling-1]  ## ES Migration done for 869d6887-8a7e-44e4-a3fa-dca876f932dd 
2025-12-18 12:51:12,837 INFO com.kit.migrator.datamigrator.service.BeneficiaryESWriter [scheduling-1]  >>> 5065e413-5f2a-484e-a4fa-11a1cd2d25a9
2025-12-18 12:51:13,167 INFO com.kit.migrator.datamigrator.service.BeneficiaryESWriter [scheduling-1]  ## ES Migration done for 5065e413-5f2a-484e-a4fa-11a1cd2d25a9 
2025-12-18 12:51:13,168 INFO com.kit.migrator.datamigrator.service.BeneficiaryESWriter [scheduling-1]  >>> 0150c0e7-b28c-456c-b523-a2f5c2519612
2025-12-18 12:51:13,476 INFO com.kit.migrator.datamigrator.service.BeneficiaryESWriter [scheduling-1]  ## ES Migration done for 0150c0e7-b28c-456c-b523-a2f5c2519612 
2025-12-18 12:51:13,476 INFO com.kit.migrator.datamigrator.service.BeneficiaryESWriter [scheduling-1]  >>> 1bf59960-4c89-4f0d-86a3-d672fa83c964
2025-12-18 12:51:13,767 INFO com.kit.migrator.datamigrator.service.BeneficiaryESWriter [scheduling-1]  ## ES Migration done for 1bf59960-4c89-4f0d-86a3-d672fa83c964 
2025-12-18 12:51:13,768 INFO com.kit.migrator.datamigrator.service.BeneficiaryESWriter [scheduling-1]  >>> 3d13564c-746a-4a9f-8a97-f4ca708b83e2
2025-12-18 12:51:14,054 INFO com.kit.migrator.datamigrator.service.BeneficiaryESWriter [scheduling-1]  ## ES Migration done for 3d13564c-746a-4a9f-8a97-f4ca708b83e2 
2025-12-18 12:51:14,055 INFO com.kit.migrator.datamigrator.service.BeneficiaryESWriter [scheduling-1]  >>> 389f3b51-5f35-4946-a974-251ace07a228
2025-12-18 12:51:14,396 INFO com.kit.migrator.datamigrator.service.BeneficiaryESWriter [scheduling-1]  ## ES Migration done for 389f3b51-5f35-4946-a974-251ace07a228 
2025-12-18 12:51:14,398 INFO com.kit.migrator.datamigrator.service.BeneficiaryESWriter [scheduling-1]  >>> 86f13ef4-8de3-45c3-8314-b0da20121e69
2025-12-18 12:51:14,811 INFO com.kit.migrator.datamigrator.service.BeneficiaryESWriter [scheduling-1]  ## ES Migration done for 86f13ef4-8de3-45c3-8314-b0da20121e69 
2025-12-18 12:51:14,812 INFO com.kit.migrator.datamigrator.service.BeneficiaryESWriter [scheduling-1]  >>> 965b9474-1dd1-46bb-80de-77f3471a80c7
2025-12-18 12:51:15,108 INFO com.kit.migrator.datamigrator.service.BeneficiaryESWriter [scheduling-1]  ## ES Migration done for 965b9474-1dd1-46bb-80de-77f3471a80c7 
2025-12-18 12:51:15,111 INFO com.kit.migrator.datamigrator.service.BeneficiaryESWriter [scheduling-1]  >>> 729424b4-4e30-4129-babd-ed3fa7faeb41
2025-12-18 12:51:15,522 INFO com.kit.migrator.datamigrator.service.BeneficiaryESWriter [scheduling-1]  ## ES Migration done for 729424b4-4e30-4129-babd-ed3fa7faeb41 
2025-12-18 12:51:15,523 INFO com.kit.migrator.datamigrator.service.BeneficiaryESWriter [scheduling-1]  >>> a4c93a2e-98a5-4027-835e-46aa9b887234
2025-12-18 12:51:15,811 INFO com.kit.migrator.datamigrator.service.BeneficiaryESWriter [scheduling-1]  ## ES Migration done for a4c93a2e-98a5-4027-835e-46aa9b887234 
2025-12-18 12:51:15,812 INFO com.kit.migrator.datamigrator.service.BeneficiaryESWriter [scheduling-1]  >>> 5da8902a-f1b2-41f3-a324-01cfdd8971a3
2025-12-18 12:51:16,093 INFO com.kit.migrator.datamigrator.service.BeneficiaryESWriter [scheduling-1]  ## ES Migration done for 5da8902a-f1b2-41f3-a324-01cfdd8971a3 
2025-12-18 12:51:16,093 INFO com.kit.migrator.datamigrator.service.BeneficiaryESWriter [scheduling-1]  >>> 01bcf17c-82f6-45f1-ab6d-5f1d308f16c7
2025-12-18 12:51:16,444 INFO com.kit.migrator.datamigrator.service.BeneficiaryESWriter [scheduling-1]  ## ES Migration done for 01bcf17c-82f6-45f1-ab6d-5f1d308f16c7 
2025-12-18 12:51:16,445 INFO com.kit.migrator.datamigrator.service.BeneficiaryESWriter [scheduling-1]  >>> b341d9b7-d753-4725-9b57-afcb32af21ac
2025-12-18 12:51:16,853 INFO com.kit.migrator.datamigrator.service.BeneficiaryESWriter [scheduling-1]  ## ES Migration done for b341d9b7-d753-4725-9b57-afcb32af21ac 
2025-12-18 12:51:16,854 INFO com.kit.migrator.datamigrator.service.BeneficiaryESWriter [scheduling-1]  >>> 1d8d7eae-0625-4b82-8fa9-08640576824b
2025-12-18 12:51:17,160 INFO com.kit.migrator.datamigrator.service.BeneficiaryESWriter [scheduling-1]  ## ES Migration done for 1d8d7eae-0625-4b82-8fa9-08640576824b 
2025-12-18 12:51:17,162 INFO com.kit.migrator.datamigrator.service.BeneficiaryESWriter [scheduling-1]  >>> 9d4a0fbd-a395-4e6e-919a-809ce8340f0b
2025-12-18 12:51:17,452 INFO com.kit.migrator.datamigrator.service.BeneficiaryESWriter [scheduling-1]  ## ES Migration done for 9d4a0fbd-a395-4e6e-919a-809ce8340f0b 
2025-12-18 12:51:17,454 INFO com.kit.migrator.datamigrator.service.BeneficiaryESWriter [scheduling-1]  >>> 2f4d95fb-0c6b-4324-98e5-946e2cba92cb
2025-12-18 12:51:17,752 INFO com.kit.migrator.datamigrator.service.BeneficiaryESWriter [scheduling-1]  ## ES Migration done for 2f4d95fb-0c6b-4324-98e5-946e2cba92cb 
2025-12-18 12:51:17,753 INFO com.kit.migrator.datamigrator.service.BeneficiaryESWriter [scheduling-1]  >>> 06d24636-4eb7-4b88-851a-fbecdcf73ca4
2025-12-18 12:51:18,053 INFO com.kit.migrator.datamigrator.service.BeneficiaryESWriter [scheduling-1]  ## ES Migration done for 06d24636-4eb7-4b88-851a-fbecdcf73ca4 
2025-12-18 12:51:18,055 INFO com.kit.migrator.datamigrator.service.BeneficiaryESWriter [scheduling-1]  >>> c60c277c-2adc-4639-b5b6-8a4d2bb999ff
2025-12-18 12:51:18,389 INFO com.kit.migrator.datamigrator.service.BeneficiaryESWriter [scheduling-1]  ## ES Migration done for c60c277c-2adc-4639-b5b6-8a4d2bb999ff 
2025-12-18 12:51:18,391 INFO com.kit.migrator.datamigrator.service.BeneficiaryESWriter [scheduling-1]  >>> d35fd728-34c8-4933-a5af-164745e8bc4b
2025-12-18 12:51:18,802 INFO com.kit.migrator.datamigrator.service.BeneficiaryESWriter [scheduling-1]  ## ES Migration done for d35fd728-34c8-4933-a5af-164745e8bc4b 
2025-12-18 12:51:18,804 INFO com.kit.migrator.datamigrator.service.BeneficiaryESWriter [scheduling-1]  >>> a80beede-9e55-4d10-bbfc-248331162b76
2025-12-18 12:51:19,081 INFO com.kit.migrator.datamigrator.service.BeneficiaryESWriter [scheduling-1]  ## ES Migration done for a80beede-9e55-4d10-bbfc-248331162b76 
2025-12-18 12:51:19,082 INFO com.kit.migrator.datamigrator.service.BeneficiaryESWriter [scheduling-1]  >>> 1b00494a-bfad-422f-84ae-72cea3606d74
2025-12-18 12:51:19,515 INFO com.kit.migrator.datamigrator.service.BeneficiaryESWriter [scheduling-1]  ## ES Migration done for 1b00494a-bfad-422f-84ae-72cea3606d74 
2025-12-18 12:51:19,517 INFO com.kit.migrator.datamigrator.service.BeneficiaryESWriter [scheduling-1]  >>> 4f937132-27a8-4c56-8d8b-716d292d2db3
2025-12-18 12:51:19,800 INFO com.kit.migrator.datamigrator.service.BeneficiaryESWriter [scheduling-1]  ## ES Migration done for 4f937132-27a8-4c56-8d8b-716d292d2db3 
2025-12-18 12:51:19,801 INFO com.kit.migrator.datamigrator.service.BeneficiaryESWriter [scheduling-1]  >>> 56e0b60e-ddad-4aed-8b4d-a43e7ba0ee5f
2025-12-18 12:51:20,132 INFO com.kit.migrator.datamigrator.service.BeneficiaryESWriter [scheduling-1]  ## ES Migration done for 56e0b60e-ddad-4aed-8b4d-a43e7ba0ee5f 
2025-12-18 12:51:20,133 INFO com.kit.migrator.datamigrator.service.BeneficiaryESWriter [scheduling-1]  >>> 37749526-2975-4386-80fe-30d7df17c7a0
2025-12-18 12:51:20,427 INFO com.kit.migrator.datamigrator.service.BeneficiaryESWriter [scheduling-1]  ## ES Migration done for 37749526-2975-4386-80fe-30d7df17c7a0 
2025-12-18 12:51:20,429 INFO com.kit.migrator.datamigrator.service.BeneficiaryESWriter [scheduling-1]  >>> f597733e-9918-4ad5-ba24-df5d5a8b2459
2025-12-18 12:51:20,850 INFO com.kit.migrator.datamigrator.service.BeneficiaryESWriter [scheduling-1]  ## ES Migration done for f597733e-9918-4ad5-ba24-df5d5a8b2459 
2025-12-18 12:51:20,851 INFO com.kit.migrator.datamigrator.service.BeneficiaryESWriter [scheduling-1]  >>> 45e7f644-d0f2-4d2a-a26e-6c97038839d3
2025-12-18 12:51:21,147 INFO com.kit.migrator.datamigrator.service.BeneficiaryESWriter [scheduling-1]  ## ES Migration done for 45e7f644-d0f2-4d2a-a26e-6c97038839d3 
2025-12-18 12:51:21,149 INFO com.kit.migrator.datamigrator.service.BeneficiaryESWriter [scheduling-1]  >>> 1b70ce0f-690a-4239-82f0-bc15b40b2f77
2025-12-18 12:51:21,444 INFO com.kit.migrator.datamigrator.service.BeneficiaryESWriter [scheduling-1]  ## ES Migration done for 1b70ce0f-690a-4239-82f0-bc15b40b2f77 
2025-12-18 12:51:21,445 INFO com.kit.migrator.datamigrator.service.BeneficiaryESWriter [scheduling-1]  >>> 3e49b420-0b15-4296-8bde-54f4d6fdcef9
2025-12-18 12:51:21,738 INFO com.kit.migrator.datamigrator.service.BeneficiaryESWriter [scheduling-1]  ## ES Migration done for 3e49b420-0b15-4296-8bde-54f4d6fdcef9 
2025-12-18 12:51:21,740 INFO com.kit.migrator.datamigrator.service.BeneficiaryESWriter [scheduling-1]  >>> dc1054ba-4732-4756-b4d4-db15ef70c52a
2025-12-18 12:51:22,039 INFO com.kit.migrator.datamigrator.service.BeneficiaryESWriter [scheduling-1]  ## ES Migration done for dc1054ba-4732-4756-b4d4-db15ef70c52a 
2025-12-18 12:51:22,040 INFO com.kit.migrator.datamigrator.service.BeneficiaryESWriter [scheduling-1]  >>> b39c6b6c-0b03-4205-baa0-fa06f0fd665a
2025-12-18 12:51:22,350 INFO com.kit.migrator.datamigrator.service.BeneficiaryESWriter [scheduling-1]  ## ES Migration done for b39c6b6c-0b03-4205-baa0-fa06f0fd665a 
2025-12-18 12:51:22,351 INFO com.kit.migrator.datamigrator.service.BeneficiaryESWriter [scheduling-1]  >>> 3fe939a6-7162-4e87-a079-ac725074d2db
2025-12-18 12:51:22,690 INFO com.kit.migrator.datamigrator.service.BeneficiaryESWriter [scheduling-1]  ## ES Migration done for 3fe939a6-7162-4e87-a079-ac725074d2db 
2025-12-18 12:51:22,691 INFO com.kit.migrator.datamigrator.service.BeneficiaryESWriter [scheduling-1]  >>> 220b5efb-3f91-4b64-a32e-7dadb2f3bf33
2025-12-18 12:51:23,101 INFO com.kit.migrator.datamigrator.service.BeneficiaryESWriter [scheduling-1]  ## ES Migration done for 220b5efb-3f91-4b64-a32e-7dadb2f3bf33 
2025-12-18 12:51:23,102 INFO com.kit.migrator.datamigrator.service.BeneficiaryESWriter [scheduling-1]  >>> d338b978-2b4d-4c36-9847-dfc1b0fc883f
2025-12-18 12:51:23,396 INFO com.kit.migrator.datamigrator.service.BeneficiaryESWriter [scheduling-1]  ## ES Migration done for d338b978-2b4d-4c36-9847-dfc1b0fc883f 
2025-12-18 12:51:23,397 INFO com.kit.migrator.datamigrator.service.BeneficiaryESWriter [scheduling-1]  >>> 581c9439-54e3-4c84-a288-d4f416ffb403
2025-12-18 12:51:23,692 INFO com.kit.migrator.datamigrator.service.BeneficiaryESWriter [scheduling-1]  ## ES Migration done for 581c9439-54e3-4c84-a288-d4f416ffb403 
2025-12-18 12:51:23,693 INFO com.kit.migrator.datamigrator.service.BeneficiaryESWriter [scheduling-1]  >>> 95e419b8-164e-47fc-9b2e-0f9f1a3c4041
2025-12-18 12:51:23,974 INFO com.kit.migrator.datamigrator.service.BeneficiaryESWriter [scheduling-1]  ## ES Migration done for 95e419b8-164e-47fc-9b2e-0f9f1a3c4041 
2025-12-18 12:51:23,975 INFO com.kit.migrator.datamigrator.service.BeneficiaryESWriter [scheduling-1]  >>> 0974728e-3f8c-4d5c-b7eb-3b599b7a8964
2025-12-18 12:51:24,261 INFO com.kit.migrator.datamigrator.service.BeneficiaryESWriter [scheduling-1]  ## ES Migration done for 0974728e-3f8c-4d5c-b7eb-3b599b7a8964 
2025-12-18 12:51:24,262 INFO com.kit.migrator.datamigrator.service.BeneficiaryESWriter [scheduling-1]  >>> cbc7fee5-5409-434f-b603-9bf45af1f488
2025-12-18 12:51:24,556 INFO com.kit.migrator.datamigrator.service.BeneficiaryESWriter [scheduling-1]  ## ES Migration done for cbc7fee5-5409-434f-b603-9bf45af1f488 
2025-12-18 12:51:24,558 INFO com.kit.migrator.datamigrator.service.BeneficiaryESWriter [scheduling-1]  >>> 5b43947a-a4cd-4225-9fb1-cc62fa5a9c2f
2025-12-18 12:51:24,849 INFO com.kit.migrator.datamigrator.service.BeneficiaryESWriter [scheduling-1]  ## ES Migration done for 5b43947a-a4cd-4225-9fb1-cc62fa5a9c2f 
2025-12-18 12:51:24,850 INFO com.kit.migrator.datamigrator.service.BeneficiaryESWriter [scheduling-1]  >>> d9d01ea0-603a-4897-8aab-7c9eba8dd1bc
2025-12-18 12:51:25,174 INFO com.kit.migrator.datamigrator.service.BeneficiaryESWriter [scheduling-1]  ## ES Migration done for d9d01ea0-603a-4897-8aab-7c9eba8dd1bc 
2025-12-18 12:51:25,175 INFO com.kit.migrator.datamigrator.service.BeneficiaryESWriter [scheduling-1]  >>> 3339057d-8c2a-4ccd-8019-1afa91f3627b
2025-12-18 12:51:25,474 INFO com.kit.migrator.datamigrator.service.BeneficiaryESWriter [scheduling-1]  ## ES Migration done for 3339057d-8c2a-4ccd-8019-1afa91f3627b 
2025-12-18 12:51:25,476 INFO com.kit.migrator.datamigrator.service.BeneficiaryESWriter [scheduling-1]  >>> 51de5f23-8151-49bb-90df-5b36d761e980
2025-12-18 12:51:25,755 INFO com.kit.migrator.datamigrator.service.BeneficiaryESWriter [scheduling-1]  ## ES Migration done for 51de5f23-8151-49bb-90df-5b36d761e980 
2025-12-18 12:51:25,756 INFO com.kit.migrator.datamigrator.service.BeneficiaryESWriter [scheduling-1]  >>> 72ffa73f-077e-4e85-85d2-52642901ba62
2025-12-18 12:51:26,046 INFO com.kit.migrator.datamigrator.service.BeneficiaryESWriter [scheduling-1]  ## ES Migration done for 72ffa73f-077e-4e85-85d2-52642901ba62 
2025-12-18 12:51:26,046 INFO com.kit.migrator.datamigrator.service.BeneficiaryESWriter [scheduling-1]  >>> 2a098761-f77f-4e54-b31a-91928dc28ae9
2025-12-18 12:51:26,337 INFO com.kit.migrator.datamigrator.service.BeneficiaryESWriter [scheduling-1]  ## ES Migration done for 2a098761-f77f-4e54-b31a-91928dc28ae9 
2025-12-18 12:51:26,338 INFO com.kit.migrator.datamigrator.service.BeneficiaryESWriter [scheduling-1]  >>> aa761d1d-0c7b-43b2-91e2-851606f5a8be
2025-12-18 12:51:26,638 INFO com.kit.migrator.datamigrator.service.BeneficiaryESWriter [scheduling-1]  ## ES Migration done for aa761d1d-0c7b-43b2-91e2-851606f5a8be 
2025-12-18 12:51:26,639 INFO com.kit.migrator.datamigrator.service.BeneficiaryESWriter [scheduling-1]  >>> 7e5a941a-f2a6-4cd0-82da-1ff6fca90ff8
2025-12-18 12:51:26,925 INFO com.kit.migrator.datamigrator.service.BeneficiaryESWriter [scheduling-1]  ## ES Migration done for 7e5a941a-f2a6-4cd0-82da-1ff6fca90ff8 
2025-12-18 12:51:26,926 INFO com.kit.migrator.datamigrator.service.BeneficiaryESWriter [scheduling-1]  >>> 84eaf334-f022-4e4a-8173-1cefe3da5a66
2025-12-18 12:51:27,215 INFO com.kit.migrator.datamigrator.service.BeneficiaryESWriter [scheduling-1]  ## ES Migration done for 84eaf334-f022-4e4a-8173-1cefe3da5a66 
2025-12-18 12:51:27,217 INFO com.kit.migrator.datamigrator.service.BeneficiaryESWriter [scheduling-1]  >>> b81915f4-ee74-4f42-9ef1-f371bb79a8d2
2025-12-18 12:51:27,524 INFO com.kit.migrator.datamigrator.service.BeneficiaryESWriter [scheduling-1]  ## ES Migration done for b81915f4-ee74-4f42-9ef1-f371bb79a8d2 
2025-12-18 12:51:27,526 INFO com.kit.migrator.datamigrator.service.BeneficiaryESWriter [scheduling-1]  >>> 4d7e551e-d10d-4d9e-9b5f-b705850193d2
2025-12-18 12:51:27,837 INFO com.kit.migrator.datamigrator.service.BeneficiaryESWriter [scheduling-1]  ## ES Migration done for 4d7e551e-d10d-4d9e-9b5f-b705850193d2 
2025-12-18 12:51:27,839 INFO com.kit.migrator.datamigrator.service.BeneficiaryESWriter [scheduling-1]  >>> ab66bf4e-1438-4edc-a344-ed26a0756a44
2025-12-18 12:51:28,137 INFO com.kit.migrator.datamigrator.service.BeneficiaryESWriter [scheduling-1]  ## ES Migration done for ab66bf4e-1438-4edc-a344-ed26a0756a44 
2025-12-18 12:51:28,139 INFO com.kit.migrator.datamigrator.service.BeneficiaryESWriter [scheduling-1]  >>> 7be53be5-fba6-458c-a362-5d23e382ba55
2025-12-18 12:51:28,439 INFO com.kit.migrator.datamigrator.service.BeneficiaryESWriter [scheduling-1]  ## ES Migration done for 7be53be5-fba6-458c-a362-5d23e382ba55 
2025-12-18 12:51:28,440 INFO com.kit.migrator.datamigrator.service.BeneficiaryESWriter [scheduling-1]  >>> 0358b5b8-013e-443d-8fbe-877f06feda0f
2025-12-18 12:51:28,728 INFO com.kit.migrator.datamigrator.service.BeneficiaryESWriter [scheduling-1]  ## ES Migration done for 0358b5b8-013e-443d-8fbe-877f06feda0f 
2025-12-18 12:51:28,729 INFO com.kit.migrator.datamigrator.service.BeneficiaryESWriter [scheduling-1]  >>> ea1b89b0-3966-41a6-92a0-0a4aa92a5ee4
2025-12-18 12:51:29,039 INFO com.kit.migrator.datamigrator.service.BeneficiaryESWriter [scheduling-1]  ## ES Migration done for ea1b89b0-3966-41a6-92a0-0a4aa92a5ee4 
2025-12-18 12:51:29,041 INFO com.kit.migrator.datamigrator.service.BeneficiaryESWriter [scheduling-1]  >>> 6aaf82de-d9e0-4517-85fc-3e142f332fd8
2025-12-18 12:51:29,452 INFO com.kit.migrator.datamigrator.service.BeneficiaryESWriter [scheduling-1]  ## ES Migration done for 6aaf82de-d9e0-4517-85fc-3e142f332fd8 
2025-12-18 12:51:29,453 INFO com.kit.migrator.datamigrator.service.BeneficiaryESWriter [scheduling-1]  >>> f452c15a-0c4a-4238-96f1-26cf675785d2
2025-12-18 12:51:29,757 INFO com.kit.migrator.datamigrator.service.BeneficiaryESWriter [scheduling-1]  ## ES Migration done for f452c15a-0c4a-4238-96f1-26cf675785d2 
2025-12-18 12:51:29,759 INFO com.kit.migrator.datamigrator.service.BeneficiaryESWriter [scheduling-1]  >>> d705e52b-eee0-4d44-8d25-dae65eadd735
2025-12-18 12:51:30,045 INFO com.kit.migrator.datamigrator.service.BeneficiaryESWriter [scheduling-1]  ## ES Migration done for d705e52b-eee0-4d44-8d25-dae65eadd735 
2025-12-18 12:51:30,045 INFO com.kit.migrator.datamigrator.service.BeneficiaryESWriter [scheduling-1]  >>> a2c39660-9953-49e8-9a51-fdd16eb31809
2025-12-18 12:51:30,329 INFO com.kit.migrator.datamigrator.service.BeneficiaryESWriter [scheduling-1]  ## ES Migration done for a2c39660-9953-49e8-9a51-fdd16eb31809 
2025-12-18 12:51:30,330 INFO com.kit.migrator.datamigrator.service.BeneficiaryESWriter [scheduling-1]  >>> bdce2946-92e1-4c36-9574-ae4a2dbdcd7c
2025-12-18 12:51:30,611 INFO com.kit.migrator.datamigrator.service.BeneficiaryESWriter [scheduling-1]  ## ES Migration done for bdce2946-92e1-4c36-9574-ae4a2dbdcd7c 
2025-12-18 12:51:30,612 INFO com.kit.migrator.datamigrator.service.BeneficiaryESWriter [scheduling-1]  >>> 2042d4c3-6413-4f6b-822e-c5081dea33d1
2025-12-18 12:51:30,984 INFO com.kit.migrator.datamigrator.service.BeneficiaryESWriter [scheduling-1]  ## ES Migration done for 2042d4c3-6413-4f6b-822e-c5081dea33d1 
2025-12-18 12:51:30,985 INFO com.kit.migrator.datamigrator.service.BeneficiaryESWriter [scheduling-1]  >>> 5666ee41-fd1a-4447-8bca-fd4ca2357868
2025-12-18 12:51:31,395 INFO com.kit.migrator.datamigrator.service.BeneficiaryESWriter [scheduling-1]  ## ES Migration done for 5666ee41-fd1a-4447-8bca-fd4ca2357868 
2025-12-18 12:51:31,397 INFO com.kit.migrator.datamigrator.service.BeneficiaryESWriter [scheduling-1]  >>> b082bcaf-06bc-4d75-b798-bcf1dd069daa
2025-12-18 12:51:31,687 INFO com.kit.migrator.datamigrator.service.BeneficiaryESWriter [scheduling-1]  ## ES Migration done for b082bcaf-06bc-4d75-b798-bcf1dd069daa 
2025-12-18 12:51:31,689 INFO com.kit.migrator.datamigrator.service.BeneficiaryESWriter [scheduling-1]  >>> c5e0a1fb-6dce-434f-9565-45f2f5635d65
2025-12-18 12:51:31,981 INFO com.kit.migrator.datamigrator.service.BeneficiaryESWriter [scheduling-1]  ## ES Migration done for c5e0a1fb-6dce-434f-9565-45f2f5635d65 
2025-12-18 12:51:31,983 INFO com.kit.migrator.datamigrator.service.BeneficiaryESWriter [scheduling-1]  >>> 23cf7aac-7707-4201-b100-99f640d5a9d0
2025-12-18 12:51:32,269 INFO com.kit.migrator.datamigrator.service.BeneficiaryESWriter [scheduling-1]  ## ES Migration done for 23cf7aac-7707-4201-b100-99f640d5a9d0 
2025-12-18 12:51:32,271 INFO com.kit.migrator.datamigrator.service.BeneficiaryESWriter [scheduling-1]  >>> 2de0fcd8-00f3-4d31-80c8-3262ab4adc22
2025-12-18 12:51:32,555 INFO com.kit.migrator.datamigrator.service.BeneficiaryESWriter [scheduling-1]  ## ES Migration done for 2de0fcd8-00f3-4d31-80c8-3262ab4adc22 
2025-12-18 12:51:32,557 INFO com.kit.migrator.datamigrator.service.BeneficiaryESWriter [scheduling-1]  >>> 556d6aad-dc1e-4a55-98a1-9cb1d63231f8
2025-12-18 12:51:32,853 INFO com.kit.migrator.datamigrator.service.BeneficiaryESWriter [scheduling-1]  ## ES Migration done for 556d6aad-dc1e-4a55-98a1-9cb1d63231f8 
2025-12-18 12:51:32,855 INFO com.kit.migrator.datamigrator.service.BeneficiaryESWriter [scheduling-1]  >>> f0dbbe61-7721-49f6-8712-6bab9dccd965
2025-12-18 12:51:33,146 INFO com.kit.migrator.datamigrator.service.BeneficiaryESWriter [scheduling-1]  ## ES Migration done for f0dbbe61-7721-49f6-8712-6bab9dccd965 
2025-12-18 12:51:33,147 INFO com.kit.migrator.datamigrator.service.BeneficiaryESWriter [scheduling-1]  >>> 381978ce-729e-4394-9b16-d0f47d0bb5d5
2025-12-18 12:51:33,469 INFO com.kit.migrator.datamigrator.service.BeneficiaryESWriter [scheduling-1]  ## ES Migration done for 381978ce-729e-4394-9b16-d0f47d0bb5d5 
2025-12-18 12:51:33,471 INFO com.kit.migrator.datamigrator.service.BeneficiaryESWriter [scheduling-1]  >>> e2bdd6a4-89f1-4540-a09c-53dec280cf20
2025-12-18 12:51:33,764 INFO com.kit.migrator.datamigrator.service.BeneficiaryESWriter [scheduling-1]  ## ES Migration done for e2bdd6a4-89f1-4540-a09c-53dec280cf20 
2025-12-18 12:51:33,765 INFO com.kit.migrator.datamigrator.service.BeneficiaryESWriter [scheduling-1]  >>> f1a39b43-9c27-4cce-9192-7d30d3bb060e
2025-12-18 12:51:34,056 INFO com.kit.migrator.datamigrator.service.BeneficiaryESWriter [scheduling-1]  ## ES Migration done for f1a39b43-9c27-4cce-9192-7d30d3bb060e 
2025-12-18 12:51:34,057 INFO com.kit.migrator.datamigrator.service.BeneficiaryESWriter [scheduling-1]  >>> cc98f9f0-7856-476b-bc1d-e872ba9a4650
2025-12-18 12:51:34,339 INFO com.kit.migrator.datamigrator.service.BeneficiaryESWriter [scheduling-1]  ## ES Migration done for cc98f9f0-7856-476b-bc1d-e872ba9a4650 
2025-12-18 12:51:34,341 INFO com.kit.migrator.datamigrator.service.BeneficiaryESWriter [scheduling-1]  >>> a27e4661-e1bc-4386-9b93-4975b899cef5
2025-12-18 12:51:34,671 INFO com.kit.migrator.datamigrator.service.BeneficiaryESWriter [scheduling-1]  ## ES Migration done for a27e4661-e1bc-4386-9b93-4975b899cef5 
2025-12-18 12:51:34,673 INFO com.kit.migrator.datamigrator.service.BeneficiaryESWriter [scheduling-1]  >>> ccfad30e-ab2c-47d6-abac-5ba7c11ae8f4
2025-12-18 12:51:35,081 INFO com.kit.migrator.datamigrator.service.BeneficiaryESWriter [scheduling-1]  ## ES Migration done for ccfad30e-ab2c-47d6-abac-5ba7c11ae8f4 
2025-12-18 12:51:35,081 INFO com.kit.migrator.datamigrator.service.BeneficiaryESWriter [scheduling-1]  >>> 6886ade7-ee50-4132-9951-8b7889bdb5f6
2025-12-18 12:51:35,386 INFO com.kit.migrator.datamigrator.service.BeneficiaryESWriter [scheduling-1]  ## ES Migration done for 6886ade7-ee50-4132-9951-8b7889bdb5f6 
2025-12-18 12:51:35,387 INFO com.kit.migrator.datamigrator.service.BeneficiaryESWriter [scheduling-1]  >>> 4a4ee350-06f9-4941-b302-8d1812cb2955
2025-12-18 12:51:35,682 INFO com.kit.migrator.datamigrator.service.BeneficiaryESWriter [scheduling-1]  ## ES Migration done for 4a4ee350-06f9-4941-b302-8d1812cb2955 
2025-12-18 12:51:35,684 INFO com.kit.migrator.datamigrator.service.BeneficiaryESWriter [scheduling-1]  >>> a9261d4b-4e72-49d1-b60a-a95ed49e7041
2025-12-18 12:51:35,988 INFO com.kit.migrator.datamigrator.service.BeneficiaryESWriter [scheduling-1]  ## ES Migration done for a9261d4b-4e72-49d1-b60a-a95ed49e7041 
2025-12-18 12:51:35,990 INFO com.kit.migrator.datamigrator.service.BeneficiaryESWriter [scheduling-1]  >>> a1dc6f52-3334-4478-ab2a-00408b0f7a28
2025-12-18 12:51:36,418 INFO com.kit.migrator.datamigrator.service.BeneficiaryESWriter [scheduling-1]  ## ES Migration done for a1dc6f52-3334-4478-ab2a-00408b0f7a28 
2025-12-18 12:51:36,418 INFO com.kit.migrator.datamigrator.service.BeneficiaryESWriter [scheduling-1]  >>> b0100c06-a877-495b-aa45-2f8f1d0a2d84
2025-12-18 12:51:36,696 INFO com.kit.migrator.datamigrator.service.BeneficiaryESWriter [scheduling-1]  ## ES Migration done for b0100c06-a877-495b-aa45-2f8f1d0a2d84 
2025-12-18 12:51:36,697 INFO com.kit.migrator.datamigrator.service.BeneficiaryESWriter [scheduling-1]  >>> fce16d9f-19b5-4abc-b304-e14e397b81d0
2025-12-18 12:51:37,026 INFO com.kit.migrator.datamigrator.service.BeneficiaryESWriter [scheduling-1]  ## ES Migration done for fce16d9f-19b5-4abc-b304-e14e397b81d0 
2025-12-18 12:51:37,028 INFO com.kit.migrator.datamigrator.service.BeneficiaryESWriter [scheduling-1]  >>> 9f96b5dc-7910-4588-9b23-c18706750f4f
2025-12-18 12:51:37,438 INFO com.kit.migrator.datamigrator.service.BeneficiaryESWriter [scheduling-1]  ## ES Migration done for 9f96b5dc-7910-4588-9b23-c18706750f4f 
2025-12-18 12:51:37,439 INFO com.kit.migrator.datamigrator.service.BeneficiaryESWriter [scheduling-1]  >>> 0b679ab4-0f85-4c01-95a0-2a7536a26bd6
2025-12-18 12:51:37,735 INFO com.kit.migrator.datamigrator.service.BeneficiaryESWriter [scheduling-1]  ## ES Migration done for 0b679ab4-0f85-4c01-95a0-2a7536a26bd6 
2025-12-18 12:51:37,736 INFO com.kit.migrator.datamigrator.service.BeneficiaryESWriter [scheduling-1]  >>> 5050b0b1-fad2-4e4a-9b68-4972db6bc0dd
2025-12-18 12:51:38,007 INFO com.kit.migrator.datamigrator.service.BeneficiaryESWriter [scheduling-1]  ## ES Migration done for 5050b0b1-fad2-4e4a-9b68-4972db6bc0dd 
2025-12-18 12:51:38,009 INFO com.kit.migrator.datamigrator.service.BeneficiaryESWriter [scheduling-1]  >>> 525bec53-e623-42c9-9cb3-36b9d0208aee
2025-12-18 12:51:38,309 INFO com.kit.migrator.datamigrator.service.BeneficiaryESWriter [scheduling-1]  ## ES Migration done for 525bec53-e623-42c9-9cb3-36b9d0208aee 
2025-12-18 12:51:38,310 INFO com.kit.migrator.datamigrator.service.BeneficiaryESWriter [scheduling-1]  >>> b4ae5f46-9a9a-468e-9f57-36a44be6eb44
2025-12-18 12:51:38,767 INFO com.kit.migrator.datamigrator.service.BeneficiaryESWriter [scheduling-1]  ## ES Migration done for b4ae5f46-9a9a-468e-9f57-36a44be6eb44 
2025-12-18 12:51:38,769 INFO com.kit.migrator.datamigrator.service.BeneficiaryESWriter [scheduling-1]  >>> 6e8d0fe1-b81c-45a5-986b-6e5bb84fc386
2025-12-18 12:51:39,059 INFO com.kit.migrator.datamigrator.service.BeneficiaryESWriter [scheduling-1]  ## ES Migration done for 6e8d0fe1-b81c-45a5-986b-6e5bb84fc386 
2025-12-18 12:51:39,060 INFO com.kit.migrator.datamigrator.service.BeneficiaryESWriter [scheduling-1]  >>> d2a07d59-da81-4985-8063-8addb578492f
2025-12-18 12:51:39,359 INFO com.kit.migrator.datamigrator.service.BeneficiaryESWriter [scheduling-1]  ## ES Migration done for d2a07d59-da81-4985-8063-8addb578492f 
2025-12-18 12:51:39,361 INFO com.kit.migrator.datamigrator.service.BeneficiaryESWriter [scheduling-1]  >>> fdb91740-0b87-4789-99f2-f0bbd4f0e235
2025-12-18 12:51:39,649 INFO com.kit.migrator.datamigrator.service.BeneficiaryESWriter [scheduling-1]  ## ES Migration done for fdb91740-0b87-4789-99f2-f0bbd4f0e235 
2025-12-18 12:51:39,650 INFO com.kit.migrator.datamigrator.service.BeneficiaryESWriter [scheduling-1]  >>> fface588-1d42-4eea-a0e7-b34fb0ea866e
2025-12-18 12:51:39,971 INFO com.kit.migrator.datamigrator.service.BeneficiaryESWriter [scheduling-1]  ## ES Migration done for fface588-1d42-4eea-a0e7-b34fb0ea866e 
2025-12-18 12:51:39,973 INFO com.kit.migrator.datamigrator.service.BeneficiaryESWriter [scheduling-1]  >>> 6cb5fe79-4ba0-4f31-8e94-d6d431dc2ab3
2025-12-18 12:51:40,302 INFO com.kit.migrator.datamigrator.service.BeneficiaryESWriter [scheduling-1]  ## ES Migration done for 6cb5fe79-4ba0-4f31-8e94-d6d431dc2ab3 
2025-12-18 12:51:40,303 INFO com.kit.migrator.datamigrator.service.BeneficiaryESWriter [scheduling-1]  >>> 151d5a67-67e5-49e4-bbfd-5c55ca0d15b7
2025-12-18 12:51:40,596 INFO com.kit.migrator.datamigrator.service.BeneficiaryESWriter [scheduling-1]  ## ES Migration done for 151d5a67-67e5-49e4-bbfd-5c55ca0d15b7 
2025-12-18 12:51:40,597 INFO com.kit.migrator.datamigrator.service.BeneficiaryESWriter [scheduling-1]  >>> 13c9a3f8-1ed1-4ab2-bfcf-0888b413b20d
2025-12-18 12:51:40,918 INFO com.kit.migrator.datamigrator.service.BeneficiaryESWriter [scheduling-1]  ## ES Migration done for 13c9a3f8-1ed1-4ab2-bfcf-0888b413b20d 
2025-12-18 12:51:40,920 INFO com.kit.migrator.datamigrator.service.BeneficiaryESWriter [scheduling-1]  >>> 18f41e4e-a673-449b-9014-1dd250cfd284
2025-12-18 12:51:41,327 INFO com.kit.migrator.datamigrator.service.BeneficiaryESWriter [scheduling-1]  ## ES Migration done for 18f41e4e-a673-449b-9014-1dd250cfd284 
2025-12-18 12:51:41,328 INFO com.kit.migrator.datamigrator.service.BeneficiaryESWriter [scheduling-1]  >>> 99fcbcbf-9508-47d3-a63d-bf1e7bade487
2025-12-18 12:51:41,617 INFO com.kit.migrator.datamigrator.service.BeneficiaryESWriter [scheduling-1]  ## ES Migration done for 99fcbcbf-9508-47d3-a63d-bf1e7bade487 
2025-12-18 12:51:41,619 INFO com.kit.migrator.datamigrator.service.BeneficiaryESWriter [scheduling-1]  >>> edd6c306-fe29-4e33-a647-5a01a28fe376
2025-12-18 12:51:41,915 INFO com.kit.migrator.datamigrator.service.BeneficiaryESWriter [scheduling-1]  ## ES Migration done for edd6c306-fe29-4e33-a647-5a01a28fe376 
2025-12-18 12:51:41,917 INFO com.kit.migrator.datamigrator.service.BeneficiaryESWriter [scheduling-1]  >>> 445c6b56-4365-432b-bab0-8297b13badc2
2025-12-18 12:51:42,228 INFO com.kit.migrator.datamigrator.service.BeneficiaryESWriter [scheduling-1]  ## ES Migration done for 445c6b56-4365-432b-bab0-8297b13badc2 
2025-12-18 12:51:42,229 INFO com.kit.migrator.datamigrator.service.BeneficiaryESWriter [scheduling-1]  >>> ee75bfca-0edd-44da-b4af-b16546b5657e
2025-12-18 12:51:42,557 INFO com.kit.migrator.datamigrator.service.BeneficiaryESWriter [scheduling-1]  ## ES Migration done for ee75bfca-0edd-44da-b4af-b16546b5657e 
2025-12-18 12:51:42,558 INFO com.kit.migrator.datamigrator.service.BeneficiaryESWriter [scheduling-1]  >>> ad9203ca-2df6-4c44-8ced-b0a65aec91ed
2025-12-18 12:51:42,972 INFO com.kit.migrator.datamigrator.service.BeneficiaryESWriter [scheduling-1]  ## ES Migration done for ad9203ca-2df6-4c44-8ced-b0a65aec91ed 
2025-12-18 12:51:42,973 INFO com.kit.migrator.datamigrator.service.BeneficiaryESWriter [scheduling-1]  >>> 58c0f686-3541-4a1a-b0ba-97d1b45fd04a
2025-12-18 12:51:43,260 INFO com.kit.migrator.datamigrator.service.BeneficiaryESWriter [scheduling-1]  ## ES Migration done for 58c0f686-3541-4a1a-b0ba-97d1b45fd04a 
2025-12-18 12:51:43,261 INFO com.kit.migrator.datamigrator.service.BeneficiaryESWriter [scheduling-1]  >>> 8e7fb64b-e5f1-4432-8b09-29cb6f4dbc48
2025-12-18 12:51:43,548 INFO com.kit.migrator.datamigrator.service.BeneficiaryESWriter [scheduling-1]  ## ES Migration done for 8e7fb64b-e5f1-4432-8b09-29cb6f4dbc48 
2025-12-18 12:51:43,549 INFO com.kit.migrator.datamigrator.service.BeneficiaryESWriter [scheduling-1]  >>> 1feaa6a0-21ce-42fb-9cc0-20229830acb5
2025-12-18 12:51:43,827 INFO com.kit.migrator.datamigrator.service.BeneficiaryESWriter [scheduling-1]  ## ES Migration done for 1feaa6a0-21ce-42fb-9cc0-20229830acb5 
2025-12-18 12:51:43,828 INFO com.kit.migrator.datamigrator.service.BeneficiaryESWriter [scheduling-1]  >>> 54cf52b1-b690-4c1f-8edd-c76f6887e2a3
2025-12-18 12:51:44,112 INFO com.kit.migrator.datamigrator.service.BeneficiaryESWriter [scheduling-1]  ## ES Migration done for 54cf52b1-b690-4c1f-8edd-c76f6887e2a3 
2025-12-18 12:51:44,113 INFO com.kit.migrator.datamigrator.service.BeneficiaryESWriter [scheduling-1]  >>> 566d68fb-e050-4d13-ad69-aa60f1a0fe76
2025-12-18 12:51:44,398 INFO com.kit.migrator.datamigrator.service.BeneficiaryESWriter [scheduling-1]  ## ES Migration done for 566d68fb-e050-4d13-ad69-aa60f1a0fe76 
2025-12-18 12:51:44,403 INFO com.kit.migrator.datamigrator.service.BeneficiaryESWriter [scheduling-1]  >>> 9dc32223-02da-4b47-8fe7-ec7f94d5cf04
2025-12-18 12:51:44,679 INFO com.kit.migrator.datamigrator.service.BeneficiaryESWriter [scheduling-1]  ## ES Migration done for 9dc32223-02da-4b47-8fe7-ec7f94d5cf04 
2025-12-18 12:51:44,680 INFO com.kit.migrator.datamigrator.service.BeneficiaryESWriter [scheduling-1]  >>> 0f523964-b707-49f1-944f-0bcc2e4cf43b
2025-12-18 12:51:44,984 INFO com.kit.migrator.datamigrator.service.BeneficiaryESWriter [scheduling-1]  ## ES Migration done for 0f523964-b707-49f1-944f-0bcc2e4cf43b 
2025-12-18 12:51:44,985 INFO com.kit.migrator.datamigrator.service.BeneficiaryESWriter [scheduling-1]  >>> 73fa6a59-2e95-4abd-a969-d0250ef37381
2025-12-18 12:51:45,256 INFO com.kit.migrator.datamigrator.service.BeneficiaryESWriter [scheduling-1]  ## ES Migration done for 73fa6a59-2e95-4abd-a969-d0250ef37381 
2025-12-18 12:53:56,268 INFO com.kit.migrator.datamigrator.service.BeneficiaryESWriter [scheduling-1]  >>> ff8f1a3e-80d5-48bc-8bb3-9bb47a4f02a2
2025-12-18 12:53:56,566 INFO com.kit.migrator.datamigrator.service.BeneficiaryESWriter [scheduling-1]  ## ES Migration done for ff8f1a3e-80d5-48bc-8bb3-9bb47a4f02a2 
2025-12-18 12:53:56,567 INFO com.kit.migrator.datamigrator.service.BeneficiaryESWriter [scheduling-1]  >>> 26e4b572-1766-4952-9d35-62ba809a8e40
2025-12-18 12:53:56,871 INFO com.kit.migrator.datamigrator.service.BeneficiaryESWriter [scheduling-1]  ## ES Migration done for 26e4b572-1766-4952-9d35-62ba809a8e40 
2025-12-18 12:53:56,872 INFO com.kit.migrator.datamigrator.service.BeneficiaryESWriter [scheduling-1]  >>> 0b49f455-ff74-4147-87cb-eeb2a067ea8a
2025-12-18 12:53:57,169 INFO com.kit.migrator.datamigrator.service.BeneficiaryESWriter [scheduling-1]  ## ES Migration done for 0b49f455-ff74-4147-87cb-eeb2a067ea8a 
2025-12-18 12:53:57,170 INFO com.kit.migrator.datamigrator.service.BeneficiaryESWriter [scheduling-1]  >>> 12ef8180-c056-49e5-9873-923141862398
2025-12-18 12:53:57,549 INFO com.kit.migrator.datamigrator.service.BeneficiaryESWriter [scheduling-1]  ## ES Migration done for 12ef8180-c056-49e5-9873-923141862398 
2025-12-18 12:53:57,550 INFO com.kit.migrator.datamigrator.service.BeneficiaryESWriter [scheduling-1]  >>> c9cdd66b-89dd-4299-9a84-3339d125380f
2025-12-18 12:53:57,881 INFO com.kit.migrator.datamigrator.service.BeneficiaryESWriter [scheduling-1]  ## ES Migration done for c9cdd66b-89dd-4299-9a84-3339d125380f 
2025-12-18 12:53:57,882 INFO com.kit.migrator.datamigrator.service.BeneficiaryESWriter [scheduling-1]  >>> dc7bd302-19cf-4102-a5e0-1916450fa99c
2025-12-18 12:53:58,212 INFO com.kit.migrator.datamigrator.service.BeneficiaryESWriter [scheduling-1]  ## ES Migration done for dc7bd302-19cf-4102-a5e0-1916450fa99c 
2025-12-18 12:53:58,214 INFO com.kit.migrator.datamigrator.service.BeneficiaryESWriter [scheduling-1]  >>> 56c34c7c-d211-476e-9a57-2ed8a254e21e
2025-12-18 12:53:58,628 INFO com.kit.migrator.datamigrator.service.BeneficiaryESWriter [scheduling-1]  ## ES Migration done for 56c34c7c-d211-476e-9a57-2ed8a254e21e 
2025-12-18 12:53:58,629 INFO com.kit.migrator.datamigrator.service.BeneficiaryESWriter [scheduling-1]  >>> 846a64bb-af47-4e91-b681-be5685ce7c2f
2025-12-18 12:53:58,933 INFO com.kit.migrator.datamigrator.service.BeneficiaryESWriter [scheduling-1]  ## ES Migration done for 846a64bb-af47-4e91-b681-be5685ce7c2f 
2025-12-18 12:53:58,934 INFO com.kit.migrator.datamigrator.service.BeneficiaryESWriter [scheduling-1]  >>> 50766078-e3fb-4c60-a595-3bb2ac43a419
2025-12-18 12:53:59,340 INFO com.kit.migrator.datamigrator.service.BeneficiaryESWriter [scheduling-1]  ## ES Migration done for 50766078-e3fb-4c60-a595-3bb2ac43a419 
2025-12-18 12:53:59,342 INFO com.kit.migrator.datamigrator.service.BeneficiaryESWriter [scheduling-1]  >>> 7b8f2d5f-5d38-45c8-8408-f0ba66581775
2025-12-18 12:53:59,642 INFO com.kit.migrator.datamigrator.service.BeneficiaryESWriter [scheduling-1]  ## ES Migration done for 7b8f2d5f-5d38-45c8-8408-f0ba66581775 
2025-12-18 12:53:59,643 INFO com.kit.migrator.datamigrator.service.BeneficiaryESWriter [scheduling-1]  >>> c12744a7-0216-438c-89a8-3191917fb7aa
2025-12-18 12:53:59,938 INFO com.kit.migrator.datamigrator.service.BeneficiaryESWriter [scheduling-1]  ## ES Migration done for c12744a7-0216-438c-89a8-3191917fb7aa 
2025-12-18 12:53:59,940 INFO com.kit.migrator.datamigrator.service.BeneficiaryESWriter [scheduling-1]  >>> b4abaa7c-a46d-4636-a8f9-81aa44f0a6dd
2025-12-18 12:54:00,239 INFO com.kit.migrator.datamigrator.service.BeneficiaryESWriter [scheduling-1]  ## ES Migration done for b4abaa7c-a46d-4636-a8f9-81aa44f0a6dd 
2025-12-18 12:54:00,240 INFO com.kit.migrator.datamigrator.service.BeneficiaryESWriter [scheduling-1]  >>> 131609e5-16da-4574-b217-88c1750039f8
2025-12-18 12:54:00,568 INFO com.kit.migrator.datamigrator.service.BeneficiaryESWriter [scheduling-1]  ## ES Migration done for 131609e5-16da-4574-b217-88c1750039f8 
2025-12-18 12:54:00,569 INFO com.kit.migrator.datamigrator.service.BeneficiaryESWriter [scheduling-1]  >>> 8aae1f0b-c32b-4285-bcb1-f6327630ee3c
2025-12-18 12:54:00,877 INFO com.kit.migrator.datamigrator.service.BeneficiaryESWriter [scheduling-1]  ## ES Migration done for 8aae1f0b-c32b-4285-bcb1-f6327630ee3c 
2025-12-18 12:54:00,878 INFO com.kit.migrator.datamigrator.service.BeneficiaryESWriter [scheduling-1]  >>> 1a3c57b6-2ff2-497f-a512-0ff342532231
2025-12-18 12:54:01,292 INFO com.kit.migrator.datamigrator.service.BeneficiaryESWriter [scheduling-1]  ## ES Migration done for 1a3c57b6-2ff2-497f-a512-0ff342532231 
2025-12-18 12:54:01,294 INFO com.kit.migrator.datamigrator.service.BeneficiaryESWriter [scheduling-1]  >>> 3877fe16-97e1-4a17-925c-40632f5fc0a8
2025-12-18 12:54:01,589 INFO com.kit.migrator.datamigrator.service.BeneficiaryESWriter [scheduling-1]  ## ES Migration done for 3877fe16-97e1-4a17-925c-40632f5fc0a8 
2025-12-18 12:54:01,591 INFO com.kit.migrator.datamigrator.service.BeneficiaryESWriter [scheduling-1]  >>> d5dd83eb-a4d5-4538-ae2e-9503300063bd
2025-12-18 12:54:01,915 INFO com.kit.migrator.datamigrator.service.BeneficiaryESWriter [scheduling-1]  ## ES Migration done for d5dd83eb-a4d5-4538-ae2e-9503300063bd 
2025-12-18 12:54:01,916 INFO com.kit.migrator.datamigrator.service.BeneficiaryESWriter [scheduling-1]  >>> 037b7f34-5af1-4371-90e6-ef90c0720644
2025-12-18 12:54:02,308 INFO com.kit.migrator.datamigrator.service.BeneficiaryESWriter [scheduling-1]  ## ES Migration done for 037b7f34-5af1-4371-90e6-ef90c0720644 
2025-12-18 12:54:02,309 INFO com.kit.migrator.datamigrator.service.BeneficiaryESWriter [scheduling-1]  >>> 161ef487-04d3-4989-9218-6fae2c74a32c
2025-12-18 12:54:02,595 INFO com.kit.migrator.datamigrator.service.BeneficiaryESWriter [scheduling-1]  ## ES Migration done for 161ef487-04d3-4989-9218-6fae2c74a32c 
2025-12-18 12:54:02,596 INFO com.kit.migrator.datamigrator.service.BeneficiaryESWriter [scheduling-1]  >>> 7a49110d-4dfb-4606-8c1f-944d3c0dd7af
2025-12-18 12:54:02,889 INFO com.kit.migrator.datamigrator.service.BeneficiaryESWriter [scheduling-1]  ## ES Migration done for 7a49110d-4dfb-4606-8c1f-944d3c0dd7af 
2025-12-18 12:54:02,890 INFO com.kit.migrator.datamigrator.service.BeneficiaryESWriter [scheduling-1]  >>> 6590732a-3578-4592-8a2d-f5e792e2a47a
2025-12-18 12:54:03,230 INFO com.kit.migrator.datamigrator.service.BeneficiaryESWriter [scheduling-1]  ## ES Migration done for 6590732a-3578-4592-8a2d-f5e792e2a47a 
2025-12-18 12:54:03,231 INFO com.kit.migrator.datamigrator.service.BeneficiaryESWriter [scheduling-1]  >>> c05a3ae3-9f42-4e45-94f4-4b96eaf84953
2025-12-18 12:54:03,549 INFO com.kit.migrator.datamigrator.service.BeneficiaryESWriter [scheduling-1]  ## ES Migration done for c05a3ae3-9f42-4e45-94f4-4b96eaf84953 
2025-12-18 12:54:03,550 INFO com.kit.migrator.datamigrator.service.BeneficiaryESWriter [scheduling-1]  >>> 33dcca91-b876-408b-b86b-1e7573681915
2025-12-18 12:54:03,844 INFO com.kit.migrator.datamigrator.service.BeneficiaryESWriter [scheduling-1]  ## ES Migration done for 33dcca91-b876-408b-b86b-1e7573681915 
2025-12-18 12:54:03,845 INFO com.kit.migrator.datamigrator.service.BeneficiaryESWriter [scheduling-1]  >>> 3fb0d53c-a9d9-4909-811b-0fdeff58954e
2025-12-18 12:54:04,130 INFO com.kit.migrator.datamigrator.service.BeneficiaryESWriter [scheduling-1]  ## ES Migration done for 3fb0d53c-a9d9-4909-811b-0fdeff58954e 
2025-12-18 12:54:04,133 INFO com.kit.migrator.datamigrator.service.BeneficiaryESWriter [scheduling-1]  >>> bd282dc5-75ca-4d19-91ff-d311c74d8681
2025-12-18 12:54:04,412 INFO com.kit.migrator.datamigrator.service.BeneficiaryESWriter [scheduling-1]  ## ES Migration done for bd282dc5-75ca-4d19-91ff-d311c74d8681 
2025-12-18 12:54:04,414 INFO com.kit.migrator.datamigrator.service.BeneficiaryESWriter [scheduling-1]  >>> dd69cc41-dfea-4a95-89da-21cc47f44d07
2025-12-18 12:54:04,704 INFO com.kit.migrator.datamigrator.service.BeneficiaryESWriter [scheduling-1]  ## ES Migration done for dd69cc41-dfea-4a95-89da-21cc47f44d07 
2025-12-18 12:54:04,705 INFO com.kit.migrator.datamigrator.service.BeneficiaryESWriter [scheduling-1]  >>> 4221b1ae-d889-4502-9b48-1fdd9dd42fa6
2025-12-18 12:54:05,013 INFO com.kit.migrator.datamigrator.service.BeneficiaryESWriter [scheduling-1]  ## ES Migration done for 4221b1ae-d889-4502-9b48-1fdd9dd42fa6 
2025-12-18 12:54:05,013 INFO com.kit.migrator.datamigrator.service.BeneficiaryESWriter [scheduling-1]  >>> ccd09df2-3bc3-4f65-b186-8849f8452bcd
2025-12-18 12:54:05,380 INFO com.kit.migrator.datamigrator.service.BeneficiaryESWriter [scheduling-1]  ## ES Migration done for ccd09df2-3bc3-4f65-b186-8849f8452bcd 
2025-12-18 12:54:05,380 INFO com.kit.migrator.datamigrator.service.BeneficiaryESWriter [scheduling-1]  >>> 40366e4f-60c7-4a26-a59b-7040c4c24e67
2025-12-18 12:54:05,675 INFO com.kit.migrator.datamigrator.service.BeneficiaryESWriter [scheduling-1]  ## ES Migration done for 40366e4f-60c7-4a26-a59b-7040c4c24e67 
2025-12-18 12:54:05,677 INFO com.kit.migrator.datamigrator.service.BeneficiaryESWriter [scheduling-1]  >>> 7d26852b-c11f-4334-a6bf-f5ee2781f3dc
2025-12-18 12:54:05,965 INFO com.kit.migrator.datamigrator.service.BeneficiaryESWriter [scheduling-1]  ## ES Migration done for 7d26852b-c11f-4334-a6bf-f5ee2781f3dc 
2025-12-18 12:54:05,965 INFO com.kit.migrator.datamigrator.service.BeneficiaryESWriter [scheduling-1]  >>> 4924179d-5da7-44bb-b700-34bebe6870d5
2025-12-18 12:54:06,249 INFO com.kit.migrator.datamigrator.service.BeneficiaryESWriter [scheduling-1]  ## ES Migration done for 4924179d-5da7-44bb-b700-34bebe6870d5 
2025-12-18 12:54:06,250 INFO com.kit.migrator.datamigrator.service.BeneficiaryESWriter [scheduling-1]  >>> 88e225b5-a9fd-4f44-8e5c-fa3a5a0c1dba
2025-12-18 12:54:06,611 INFO com.kit.migrator.datamigrator.service.BeneficiaryESWriter [scheduling-1]  ## ES Migration done for 88e225b5-a9fd-4f44-8e5c-fa3a5a0c1dba 
2025-12-18 12:54:06,612 INFO com.kit.migrator.datamigrator.service.BeneficiaryESWriter [scheduling-1]  >>> c67b6878-995a-4b41-acd5-9f38a6acf46d
2025-12-18 12:54:07,018 INFO com.kit.migrator.datamigrator.service.BeneficiaryESWriter [scheduling-1]  ## ES Migration done for c67b6878-995a-4b41-acd5-9f38a6acf46d 
2025-12-18 12:54:07,019 INFO com.kit.migrator.datamigrator.service.BeneficiaryESWriter [scheduling-1]  >>> 135d178f-139a-4b7b-99c7-e2e7e3de0bb5
2025-12-18 12:54:07,308 INFO com.kit.migrator.datamigrator.service.BeneficiaryESWriter [scheduling-1]  ## ES Migration done for 135d178f-139a-4b7b-99c7-e2e7e3de0bb5 
2025-12-18 12:54:07,309 INFO com.kit.migrator.datamigrator.service.BeneficiaryESWriter [scheduling-1]  >>> fde29c49-d7d2-4a8d-84f3-e689d744d748
2025-12-18 12:54:07,624 INFO com.kit.migrator.datamigrator.service.BeneficiaryESWriter [scheduling-1]  ## ES Migration done for fde29c49-d7d2-4a8d-84f3-e689d744d748 
2025-12-18 12:54:07,626 INFO com.kit.migrator.datamigrator.service.BeneficiaryESWriter [scheduling-1]  >>> 0db27bf0-568d-4412-9038-2f04939359dd
2025-12-18 12:54:07,945 INFO com.kit.migrator.datamigrator.service.BeneficiaryESWriter [scheduling-1]  ## ES Migration done for 0db27bf0-568d-4412-9038-2f04939359dd 
2025-12-18 12:54:07,946 INFO com.kit.migrator.datamigrator.service.BeneficiaryESWriter [scheduling-1]  >>> a78b494b-6e2e-41f1-a5c3-3a6952da210b
2025-12-18 12:54:08,234 INFO com.kit.migrator.datamigrator.service.BeneficiaryESWriter [scheduling-1]  ## ES Migration done for a78b494b-6e2e-41f1-a5c3-3a6952da210b 
2025-12-18 12:54:08,235 INFO com.kit.migrator.datamigrator.service.BeneficiaryESWriter [scheduling-1]  >>> f5081541-b931-4d85-a504-f7fd804e8c4b
2025-12-18 12:54:08,531 INFO com.kit.migrator.datamigrator.service.BeneficiaryESWriter [scheduling-1]  ## ES Migration done for f5081541-b931-4d85-a504-f7fd804e8c4b 
2025-12-18 12:54:08,532 INFO com.kit.migrator.datamigrator.service.BeneficiaryESWriter [scheduling-1]  >>> 188ff515-ed78-4358-8214-5df58b582bd7
2025-12-18 12:54:08,823 INFO com.kit.migrator.datamigrator.service.BeneficiaryESWriter [scheduling-1]  ## ES Migration done for 188ff515-ed78-4358-8214-5df58b582bd7 
2025-12-18 12:54:08,824 INFO com.kit.migrator.datamigrator.service.BeneficiaryESWriter [scheduling-1]  >>> a3bad761-3db7-4c9a-92ff-5e4103b32e1c
2025-12-18 12:54:09,122 INFO com.kit.migrator.datamigrator.service.BeneficiaryESWriter [scheduling-1]  ## ES Migration done for a3bad761-3db7-4c9a-92ff-5e4103b32e1c 
2025-12-18 12:54:09,123 INFO com.kit.migrator.datamigrator.service.BeneficiaryESWriter [scheduling-1]  >>> 6d363bf4-ce7c-4b33-98a9-27311b7defc8
2025-12-18 12:54:09,425 INFO com.kit.migrator.datamigrator.service.BeneficiaryESWriter [scheduling-1]  ## ES Migration done for 6d363bf4-ce7c-4b33-98a9-27311b7defc8 
2025-12-18 12:54:09,426 INFO com.kit.migrator.datamigrator.service.BeneficiaryESWriter [scheduling-1]  >>> 6ab5b074-5c1e-4614-ae85-e72a4843bfe7
2025-12-18 12:54:09,745 INFO com.kit.migrator.datamigrator.service.BeneficiaryESWriter [scheduling-1]  ## ES Migration done for 6ab5b074-5c1e-4614-ae85-e72a4843bfe7 
2025-12-18 12:54:09,746 INFO com.kit.migrator.datamigrator.service.BeneficiaryESWriter [scheduling-1]  >>> f218d092-5b3d-4fdc-8725-3dc9540e0a09
2025-12-18 12:54:10,038 INFO com.kit.migrator.datamigrator.service.BeneficiaryESWriter [scheduling-1]  ## ES Migration done for f218d092-5b3d-4fdc-8725-3dc9540e0a09 
2025-12-18 12:54:10,039 INFO com.kit.migrator.datamigrator.service.BeneficiaryESWriter [scheduling-1]  >>> 408d0e3f-a3fc-4c54-9e8e-83c9df68eca0
2025-12-18 12:54:10,499 INFO com.kit.migrator.datamigrator.service.BeneficiaryESWriter [scheduling-1]  ## ES Migration done for 408d0e3f-a3fc-4c54-9e8e-83c9df68eca0 
2025-12-18 12:54:10,500 INFO com.kit.migrator.datamigrator.service.BeneficiaryESWriter [scheduling-1]  >>> bdeeca41-019f-4754-929d-504fb0644070
2025-12-18 12:54:10,777 INFO com.kit.migrator.datamigrator.service.BeneficiaryESWriter [scheduling-1]  ## ES Migration done for bdeeca41-019f-4754-929d-504fb0644070 
2025-12-18 12:54:10,778 INFO com.kit.migrator.datamigrator.service.BeneficiaryESWriter [scheduling-1]  >>> d74f5022-8285-42c1-bab8-33c095026387
2025-12-18 12:54:11,115 INFO com.kit.migrator.datamigrator.service.BeneficiaryESWriter [scheduling-1]  ## ES Migration done for d74f5022-8285-42c1-bab8-33c095026387 
2025-12-18 12:54:11,117 INFO com.kit.migrator.datamigrator.service.BeneficiaryESWriter [scheduling-1]  >>> feda7dbf-a9b4-4fe2-92c0-1d2ff09b8466
2025-12-18 12:54:11,390 INFO com.kit.migrator.datamigrator.service.BeneficiaryESWriter [scheduling-1]  ## ES Migration done for feda7dbf-a9b4-4fe2-92c0-1d2ff09b8466 
2025-12-18 12:54:11,391 INFO com.kit.migrator.datamigrator.service.BeneficiaryESWriter [scheduling-1]  >>> 59f1348b-d388-44d6-b987-3775df702484
2025-12-18 12:54:11,690 INFO com.kit.migrator.datamigrator.service.BeneficiaryESWriter [scheduling-1]  ## ES Migration done for 59f1348b-d388-44d6-b987-3775df702484 
2025-12-18 12:54:11,691 INFO com.kit.migrator.datamigrator.service.BeneficiaryESWriter [scheduling-1]  >>> c9d84c6b-4654-491e-ad50-11b4afa21869
2025-12-18 12:54:11,989 INFO com.kit.migrator.datamigrator.service.BeneficiaryESWriter [scheduling-1]  ## ES Migration done for c9d84c6b-4654-491e-ad50-11b4afa21869 
2025-12-18 12:54:11,991 INFO com.kit.migrator.datamigrator.service.BeneficiaryESWriter [scheduling-1]  >>> 11fda702-9133-4ae9-8b26-dfa8334d7dc6
2025-12-18 12:54:12,291 INFO com.kit.migrator.datamigrator.service.BeneficiaryESWriter [scheduling-1]  ## ES Migration done for 11fda702-9133-4ae9-8b26-dfa8334d7dc6 
2025-12-18 12:54:12,293 INFO com.kit.migrator.datamigrator.service.BeneficiaryESWriter [scheduling-1]  >>> 9c0a4a98-d76e-4cc5-bd40-bb900c1b6213
2025-12-18 12:54:12,652 INFO com.kit.migrator.datamigrator.service.BeneficiaryESWriter [scheduling-1]  ## ES Migration done for 9c0a4a98-d76e-4cc5-bd40-bb900c1b6213 
2025-12-18 12:54:12,653 INFO com.kit.migrator.datamigrator.service.BeneficiaryESWriter [scheduling-1]  >>> fcc1e149-88e3-4c13-85b2-228133438417
2025-12-18 12:54:13,016 INFO com.kit.migrator.datamigrator.service.BeneficiaryESWriter [scheduling-1]  ## ES Migration done for fcc1e149-88e3-4c13-85b2-228133438417 
2025-12-18 12:54:13,018 INFO com.kit.migrator.datamigrator.service.BeneficiaryESWriter [scheduling-1]  >>> f8f89c63-174b-4751-adad-b64fa877e804
2025-12-18 12:54:13,329 INFO com.kit.migrator.datamigrator.service.BeneficiaryESWriter [scheduling-1]  ## ES Migration done for f8f89c63-174b-4751-adad-b64fa877e804 
2025-12-18 12:54:13,331 INFO com.kit.migrator.datamigrator.service.BeneficiaryESWriter [scheduling-1]  >>> 582c9068-55fe-49eb-aaf4-836d8e4e37b3
2025-12-18 12:54:13,621 INFO com.kit.migrator.datamigrator.service.BeneficiaryESWriter [scheduling-1]  ## ES Migration done for 582c9068-55fe-49eb-aaf4-836d8e4e37b3 
2025-12-18 12:54:13,622 INFO com.kit.migrator.datamigrator.service.BeneficiaryESWriter [scheduling-1]  >>> aa15d28d-d4b5-4425-94ff-44365e1bc62b
2025-12-18 12:54:13,909 INFO com.kit.migrator.datamigrator.service.BeneficiaryESWriter [scheduling-1]  ## ES Migration done for aa15d28d-d4b5-4425-94ff-44365e1bc62b 
2025-12-18 12:54:13,911 INFO com.kit.migrator.datamigrator.service.BeneficiaryESWriter [scheduling-1]  >>> 70f9639b-ae54-47bb-819c-d6b7d0cb4c41
2025-12-18 12:54:14,289 INFO com.kit.migrator.datamigrator.service.BeneficiaryESWriter [scheduling-1]  ## ES Migration done for 70f9639b-ae54-47bb-819c-d6b7d0cb4c41 
2025-12-18 12:54:14,290 INFO com.kit.migrator.datamigrator.service.BeneficiaryESWriter [scheduling-1]  >>> b11ad1a6-2e41-429b-ab6e-021c44479722
2025-12-18 12:54:14,698 INFO com.kit.migrator.datamigrator.service.BeneficiaryESWriter [scheduling-1]  ## ES Migration done for b11ad1a6-2e41-429b-ab6e-021c44479722 
2025-12-18 12:54:14,699 INFO com.kit.migrator.datamigrator.service.BeneficiaryESWriter [scheduling-1]  >>> 3738f79a-879a-439e-bcf0-f76cf22265ca
2025-12-18 12:54:14,991 INFO com.kit.migrator.datamigrator.service.BeneficiaryESWriter [scheduling-1]  ## ES Migration done for 3738f79a-879a-439e-bcf0-f76cf22265ca 
2025-12-18 12:54:14,992 INFO com.kit.migrator.datamigrator.service.BeneficiaryESWriter [scheduling-1]  >>> f2013a2e-d47b-4bb6-93c3-35e4c57bf53d
2025-12-18 12:54:15,256 INFO com.kit.migrator.datamigrator.service.BeneficiaryESWriter [scheduling-1]  ## ES Migration done for f2013a2e-d47b-4bb6-93c3-35e4c57bf53d 
2025-12-18 12:54:15,257 INFO com.kit.migrator.datamigrator.service.BeneficiaryESWriter [scheduling-1]  >>> d5b5166e-c25a-4f85-a79d-e1e1dd4359a5
2025-12-18 12:54:15,555 INFO com.kit.migrator.datamigrator.service.BeneficiaryESWriter [scheduling-1]  ## ES Migration done for d5b5166e-c25a-4f85-a79d-e1e1dd4359a5 
2025-12-18 12:54:15,557 INFO com.kit.migrator.datamigrator.service.BeneficiaryESWriter [scheduling-1]  >>> a800064c-dc5e-4af6-9787-6284faf50792
2025-12-18 12:54:15,845 INFO com.kit.migrator.datamigrator.service.BeneficiaryESWriter [scheduling-1]  ## ES Migration done for a800064c-dc5e-4af6-9787-6284faf50792 
2025-12-18 12:54:15,846 INFO com.kit.migrator.datamigrator.service.BeneficiaryESWriter [scheduling-1]  >>> 99b01615-62fe-4214-b204-21eabea63ae6
2025-12-18 12:54:16,183 INFO com.kit.migrator.datamigrator.service.BeneficiaryESWriter [scheduling-1]  ## ES Migration done for 99b01615-62fe-4214-b204-21eabea63ae6 
2025-12-18 12:54:16,185 INFO com.kit.migrator.datamigrator.service.BeneficiaryESWriter [scheduling-1]  >>> 07d09d29-66f8-47ed-9046-3f03fa162923
2025-12-18 12:54:16,524 INFO com.kit.migrator.datamigrator.service.BeneficiaryESWriter [scheduling-1]  ## ES Migration done for 07d09d29-66f8-47ed-9046-3f03fa162923 
2025-12-18 12:54:16,525 INFO com.kit.migrator.datamigrator.service.BeneficiaryESWriter [scheduling-1]  >>> f5f7373b-867e-47c8-8460-fabdcc74814f
2025-12-18 12:54:16,853 INFO com.kit.migrator.datamigrator.service.BeneficiaryESWriter [scheduling-1]  ## ES Migration done for f5f7373b-867e-47c8-8460-fabdcc74814f 
2025-12-18 12:54:16,854 INFO com.kit.migrator.datamigrator.service.BeneficiaryESWriter [scheduling-1]  >>> 3e841da2-b3ea-42ac-8ab1-dda6ec34859f
2025-12-18 12:54:17,134 INFO com.kit.migrator.datamigrator.service.BeneficiaryESWriter [scheduling-1]  ## ES Migration done for 3e841da2-b3ea-42ac-8ab1-dda6ec34859f 
2025-12-18 12:54:17,135 INFO com.kit.migrator.datamigrator.service.BeneficiaryESWriter [scheduling-1]  >>> f9d16cb3-878b-40f9-be0d-8235936a589e
2025-12-18 12:54:17,417 INFO com.kit.migrator.datamigrator.service.BeneficiaryESWriter [scheduling-1]  ## ES Migration done for f9d16cb3-878b-40f9-be0d-8235936a589e 
2025-12-18 12:54:17,419 INFO com.kit.migrator.datamigrator.service.BeneficiaryESWriter [scheduling-1]  >>> 860a82c3-0e1b-4270-923a-bccf1d9ca1bb
2025-12-18 12:54:17,720 INFO com.kit.migrator.datamigrator.service.BeneficiaryESWriter [scheduling-1]  ## ES Migration done for 860a82c3-0e1b-4270-923a-bccf1d9ca1bb 
2025-12-18 12:54:17,722 INFO com.kit.migrator.datamigrator.service.BeneficiaryESWriter [scheduling-1]  >>> a1ce0e1c-dc81-497f-951b-5fb694ed81cf
2025-12-18 12:54:18,012 INFO com.kit.migrator.datamigrator.service.BeneficiaryESWriter [scheduling-1]  ## ES Migration done for a1ce0e1c-dc81-497f-951b-5fb694ed81cf 
2025-12-18 12:54:18,013 INFO com.kit.migrator.datamigrator.service.BeneficiaryESWriter [scheduling-1]  >>> 4cdf6d33-e979-4827-b434-4ed10725731d
2025-12-18 12:54:18,292 INFO com.kit.migrator.datamigrator.service.BeneficiaryESWriter [scheduling-1]  ## ES Migration done for 4cdf6d33-e979-4827-b434-4ed10725731d 
2025-12-18 12:54:18,293 INFO com.kit.migrator.datamigrator.service.BeneficiaryESWriter [scheduling-1]  >>> 3ca484ab-352a-49f4-a7b8-05887c726f7f
2025-12-18 12:54:18,594 INFO com.kit.migrator.datamigrator.service.BeneficiaryESWriter [scheduling-1]  ## ES Migration done for 3ca484ab-352a-49f4-a7b8-05887c726f7f 
2025-12-18 12:54:18,595 INFO com.kit.migrator.datamigrator.service.BeneficiaryESWriter [scheduling-1]  >>> f82730e1-d889-4811-8f62-be00f7015746
2025-12-18 12:54:18,932 INFO com.kit.migrator.datamigrator.service.BeneficiaryESWriter [scheduling-1]  ## ES Migration done for f82730e1-d889-4811-8f62-be00f7015746 
2025-12-18 12:54:18,934 INFO com.kit.migrator.datamigrator.service.BeneficiaryESWriter [scheduling-1]  >>> bdacc275-3550-4e73-a9a5-980385d88b72
2025-12-18 12:54:19,229 INFO com.kit.migrator.datamigrator.service.BeneficiaryESWriter [scheduling-1]  ## ES Migration done for bdacc275-3550-4e73-a9a5-980385d88b72 
2025-12-18 12:54:19,230 INFO com.kit.migrator.datamigrator.service.BeneficiaryESWriter [scheduling-1]  >>> 8babf50d-03ae-4db8-bbef-2767db44f998
2025-12-18 12:54:19,539 INFO com.kit.migrator.datamigrator.service.BeneficiaryESWriter [scheduling-1]  ## ES Migration done for 8babf50d-03ae-4db8-bbef-2767db44f998 
2025-12-18 12:54:19,541 INFO com.kit.migrator.datamigrator.service.BeneficiaryESWriter [scheduling-1]  >>> be6bbbc5-492d-4aaf-bb3b-189a452b5af2
2025-12-18 12:54:19,842 INFO com.kit.migrator.datamigrator.service.BeneficiaryESWriter [scheduling-1]  ## ES Migration done for be6bbbc5-492d-4aaf-bb3b-189a452b5af2 
2025-12-18 12:54:19,842 INFO com.kit.migrator.datamigrator.service.BeneficiaryESWriter [scheduling-1]  >>> 02856171-3f7f-4ce8-8b4e-208ac888bb63
2025-12-18 12:54:20,145 INFO com.kit.migrator.datamigrator.service.BeneficiaryESWriter [scheduling-1]  ## ES Migration done for 02856171-3f7f-4ce8-8b4e-208ac888bb63 
2025-12-18 12:54:20,146 INFO com.kit.migrator.datamigrator.service.BeneficiaryESWriter [scheduling-1]  >>> 4e63f96f-d452-4469-8ef5-725f126c93b7
2025-12-18 12:54:20,441 INFO com.kit.migrator.datamigrator.service.BeneficiaryESWriter [scheduling-1]  ## ES Migration done for 4e63f96f-d452-4469-8ef5-725f126c93b7 
2025-12-18 12:54:20,442 INFO com.kit.migrator.datamigrator.service.BeneficiaryESWriter [scheduling-1]  >>> fd269608-3874-43f1-b749-664ed8280b6a
2025-12-18 12:54:20,734 INFO com.kit.migrator.datamigrator.service.BeneficiaryESWriter [scheduling-1]  ## ES Migration done for fd269608-3874-43f1-b749-664ed8280b6a 
2025-12-18 12:54:20,736 INFO com.kit.migrator.datamigrator.service.BeneficiaryESWriter [scheduling-1]  >>> 90990dcb-ab58-49da-acac-6db7e6f965e1
2025-12-18 12:54:21,033 INFO com.kit.migrator.datamigrator.service.BeneficiaryESWriter [scheduling-1]  ## ES Migration done for 90990dcb-ab58-49da-acac-6db7e6f965e1 
2025-12-18 12:54:21,034 INFO com.kit.migrator.datamigrator.service.BeneficiaryESWriter [scheduling-1]  >>> fb02ffc3-d6d6-406d-b170-d7801094834a
2025-12-18 12:54:21,344 INFO com.kit.migrator.datamigrator.service.BeneficiaryESWriter [scheduling-1]  ## ES Migration done for fb02ffc3-d6d6-406d-b170-d7801094834a 
2025-12-18 12:54:21,345 INFO com.kit.migrator.datamigrator.service.BeneficiaryESWriter [scheduling-1]  >>> 03822a1e-09ea-4ac5-9077-006116519eea
2025-12-18 12:54:21,698 INFO com.kit.migrator.datamigrator.service.BeneficiaryESWriter [scheduling-1]  ## ES Migration done for 03822a1e-09ea-4ac5-9077-006116519eea 
2025-12-18 12:54:21,699 INFO com.kit.migrator.datamigrator.service.BeneficiaryESWriter [scheduling-1]  >>> 26fd8ef0-4a40-47fe-a4c2-cf918971185c
2025-12-18 12:54:21,984 INFO com.kit.migrator.datamigrator.service.BeneficiaryESWriter [scheduling-1]  ## ES Migration done for 26fd8ef0-4a40-47fe-a4c2-cf918971185c 
2025-12-18 12:54:21,985 INFO com.kit.migrator.datamigrator.service.BeneficiaryESWriter [scheduling-1]  >>> 54f8608d-0f76-46b1-a54f-9384ee5b1fe1
2025-12-18 12:54:22,377 INFO com.kit.migrator.datamigrator.service.BeneficiaryESWriter [scheduling-1]  ## ES Migration done for 54f8608d-0f76-46b1-a54f-9384ee5b1fe1 
2025-12-18 12:54:22,378 INFO com.kit.migrator.datamigrator.service.BeneficiaryESWriter [scheduling-1]  >>> cf55f8c3-ee20-417a-bd30-44ca909b4ac1
2025-12-18 12:54:22,675 INFO com.kit.migrator.datamigrator.service.BeneficiaryESWriter [scheduling-1]  ## ES Migration done for cf55f8c3-ee20-417a-bd30-44ca909b4ac1 
2025-12-18 12:54:22,676 INFO com.kit.migrator.datamigrator.service.BeneficiaryESWriter [scheduling-1]  >>> 565d9fba-255f-416e-9a98-05d90da677ff
2025-12-18 12:54:23,019 INFO com.kit.migrator.datamigrator.service.BeneficiaryESWriter [scheduling-1]  ## ES Migration done for 565d9fba-255f-416e-9a98-05d90da677ff 
2025-12-18 12:54:23,020 INFO com.kit.migrator.datamigrator.service.BeneficiaryESWriter [scheduling-1]  >>> e141377b-6d1b-43c5-a87e-463512429c59
2025-12-18 12:54:23,314 INFO com.kit.migrator.datamigrator.service.BeneficiaryESWriter [scheduling-1]  ## ES Migration done for e141377b-6d1b-43c5-a87e-463512429c59 
2025-12-18 12:54:23,315 INFO com.kit.migrator.datamigrator.service.BeneficiaryESWriter [scheduling-1]  >>> bfb42e1b-76bf-4adf-8359-7ad0e01c5dd0
2025-12-18 12:54:23,609 INFO com.kit.migrator.datamigrator.service.BeneficiaryESWriter [scheduling-1]  ## ES Migration done for bfb42e1b-76bf-4adf-8359-7ad0e01c5dd0 
2025-12-18 12:54:23,610 INFO com.kit.migrator.datamigrator.service.BeneficiaryESWriter [scheduling-1]  >>> 436bf72f-7e39-40b6-bee5-bfb705a8166f
2025-12-18 12:54:23,909 INFO com.kit.migrator.datamigrator.service.BeneficiaryESWriter [scheduling-1]  ## ES Migration done for 436bf72f-7e39-40b6-bee5-bfb705a8166f 
2025-12-18 12:54:23,910 INFO com.kit.migrator.datamigrator.service.BeneficiaryESWriter [scheduling-1]  >>> 6ff34bc3-5ed8-4788-a727-572abae186a2
2025-12-18 12:54:24,203 INFO com.kit.migrator.datamigrator.service.BeneficiaryESWriter [scheduling-1]  ## ES Migration done for 6ff34bc3-5ed8-4788-a727-572abae186a2 
2025-12-18 12:54:24,205 INFO com.kit.migrator.datamigrator.service.BeneficiaryESWriter [scheduling-1]  >>> 2c633f37-179b-4538-87dc-1b130bad4744
2025-12-18 12:54:24,513 INFO com.kit.migrator.datamigrator.service.BeneficiaryESWriter [scheduling-1]  ## ES Migration done for 2c633f37-179b-4538-87dc-1b130bad4744 
2025-12-18 12:54:24,513 INFO com.kit.migrator.datamigrator.service.BeneficiaryESWriter [scheduling-1]  >>> 9c1ea82b-6357-43a6-9549-15ff920641aa
2025-12-18 12:54:24,801 INFO com.kit.migrator.datamigrator.service.BeneficiaryESWriter [scheduling-1]  ## ES Migration done for 9c1ea82b-6357-43a6-9549-15ff920641aa 
2025-12-18 12:54:24,801 INFO com.kit.migrator.datamigrator.service.BeneficiaryESWriter [scheduling-1]  >>> c93efc52-5bbb-401f-b8d2-8e5c0556b555
2025-12-18 12:54:25,094 INFO com.kit.migrator.datamigrator.service.BeneficiaryESWriter [scheduling-1]  ## ES Migration done for c93efc52-5bbb-401f-b8d2-8e5c0556b555 
2025-12-18 12:54:25,095 INFO com.kit.migrator.datamigrator.service.BeneficiaryESWriter [scheduling-1]  >>> a8283019-de7c-480e-a1cd-785cde0fd1ca
2025-12-18 12:54:25,401 INFO com.kit.migrator.datamigrator.service.BeneficiaryESWriter [scheduling-1]  ## ES Migration done for a8283019-de7c-480e-a1cd-785cde0fd1ca 
2025-12-18 12:54:25,401 INFO com.kit.migrator.datamigrator.service.BeneficiaryESWriter [scheduling-1]  >>> f3aa317d-dcdf-42b4-8db8-f13125ed138e
2025-12-18 12:54:25,679 INFO com.kit.migrator.datamigrator.service.BeneficiaryESWriter [scheduling-1]  ## ES Migration done for f3aa317d-dcdf-42b4-8db8-f13125ed138e 
2025-12-18 12:54:25,680 INFO com.kit.migrator.datamigrator.service.BeneficiaryESWriter [scheduling-1]  >>> e79db07c-5547-42d0-b3b1-c23b4cab8214
2025-12-18 12:54:25,966 INFO com.kit.migrator.datamigrator.service.BeneficiaryESWriter [scheduling-1]  ## ES Migration done for e79db07c-5547-42d0-b3b1-c23b4cab8214 
2025-12-18 12:54:25,966 INFO com.kit.migrator.datamigrator.service.BeneficiaryESWriter [scheduling-1]  >>> 5f18b930-ae7f-4e91-b11e-16b18a80458f
2025-12-18 12:54:26,336 INFO com.kit.migrator.datamigrator.service.BeneficiaryESWriter [scheduling-1]  ## ES Migration done for 5f18b930-ae7f-4e91-b11e-16b18a80458f 
2025-12-18 12:54:26,338 INFO com.kit.migrator.datamigrator.service.BeneficiaryESWriter [scheduling-1]  >>> 48b1f1b1-d656-42d6-a952-459bcdb13740
2025-12-18 12:54:26,634 INFO com.kit.migrator.datamigrator.service.BeneficiaryESWriter [scheduling-1]  ## ES Migration done for 48b1f1b1-d656-42d6-a952-459bcdb13740 
2025-12-18 12:54:26,635 INFO com.kit.migrator.datamigrator.service.BeneficiaryESWriter [scheduling-1]  >>> 51bd8a7d-e2a0-447b-9994-9269694d8a2e
2025-12-18 12:54:26,970 INFO com.kit.migrator.datamigrator.service.BeneficiaryESWriter [scheduling-1]  ## ES Migration done for 51bd8a7d-e2a0-447b-9994-9269694d8a2e 
2025-12-18 12:54:26,971 INFO com.kit.migrator.datamigrator.service.BeneficiaryESWriter [scheduling-1]  >>> a5fad6fb-5176-450d-b082-2e0e6ac29aa8
2025-12-18 12:54:27,303 INFO com.kit.migrator.datamigrator.service.BeneficiaryESWriter [scheduling-1]  ## ES Migration done for a5fad6fb-5176-450d-b082-2e0e6ac29aa8 
2025-12-18 12:54:27,304 INFO com.kit.migrator.datamigrator.service.BeneficiaryESWriter [scheduling-1]  >>> 2b4729d4-36f8-49e1-a13a-700afebaae13
2025-12-18 12:54:27,603 INFO com.kit.migrator.datamigrator.service.BeneficiaryESWriter [scheduling-1]  ## ES Migration done for 2b4729d4-36f8-49e1-a13a-700afebaae13 
2025-12-18 12:54:27,603 INFO com.kit.migrator.datamigrator.service.BeneficiaryESWriter [scheduling-1]  >>> 096a83a0-cd4e-4e9b-9777-b6f309594deb
2025-12-18 12:54:27,918 INFO com.kit.migrator.datamigrator.service.BeneficiaryESWriter [scheduling-1]  ## ES Migration done for 096a83a0-cd4e-4e9b-9777-b6f309594deb 
2025-12-18 12:54:27,920 INFO com.kit.migrator.datamigrator.service.BeneficiaryESWriter [scheduling-1]  >>> 347c6a7e-caea-4a29-a8fb-d362331d79ef
2025-12-18 12:54:28,229 INFO com.kit.migrator.datamigrator.service.BeneficiaryESWriter [scheduling-1]  ## ES Migration done for 347c6a7e-caea-4a29-a8fb-d362331d79ef 
2025-12-18 12:54:28,231 INFO com.kit.migrator.datamigrator.service.BeneficiaryESWriter [scheduling-1]  >>> fad93352-f632-4eaa-ba58-756a43592115
2025-12-18 12:54:28,624 INFO com.kit.migrator.datamigrator.service.BeneficiaryESWriter [scheduling-1]  ## ES Migration done for fad93352-f632-4eaa-ba58-756a43592115 
2025-12-18 12:54:28,625 INFO com.kit.migrator.datamigrator.service.BeneficiaryESWriter [scheduling-1]  >>> b5beaa58-75f0-4e27-bbad-725e08f1299a
2025-12-18 12:54:28,935 INFO com.kit.migrator.datamigrator.service.BeneficiaryESWriter [scheduling-1]  ## ES Migration done for b5beaa58-75f0-4e27-bbad-725e08f1299a 
2025-12-18 12:54:28,936 INFO com.kit.migrator.datamigrator.service.BeneficiaryESWriter [scheduling-1]  >>> 0ff464fc-5ae1-47e9-b976-bb348fac82f5
2025-12-18 12:54:29,228 INFO com.kit.migrator.datamigrator.service.BeneficiaryESWriter [scheduling-1]  ## ES Migration done for 0ff464fc-5ae1-47e9-b976-bb348fac82f5 
2025-12-18 12:54:29,230 INFO com.kit.migrator.datamigrator.service.BeneficiaryESWriter [scheduling-1]  >>> bd56e3ff-9dc0-40ba-8485-9a3612b131b6
2025-12-18 12:54:29,530 INFO com.kit.migrator.datamigrator.service.BeneficiaryESWriter [scheduling-1]  ## ES Migration done for bd56e3ff-9dc0-40ba-8485-9a3612b131b6 
2025-12-18 12:54:29,531 INFO com.kit.migrator.datamigrator.service.BeneficiaryESWriter [scheduling-1]  >>> cf74e1ca-b203-435a-8c0d-1ce5147fb5de
2025-12-18 12:54:29,823 INFO com.kit.migrator.datamigrator.service.BeneficiaryESWriter [scheduling-1]  ## ES Migration done for cf74e1ca-b203-435a-8c0d-1ce5147fb5de 
2025-12-18 12:54:29,824 INFO com.kit.migrator.datamigrator.service.BeneficiaryESWriter [scheduling-1]  >>> 9a871699-9e33-45a2-8a1f-f5cab3343a2e
2025-12-18 12:54:30,262 INFO com.kit.migrator.datamigrator.service.BeneficiaryESWriter [scheduling-1]  ## ES Migration done for 9a871699-9e33-45a2-8a1f-f5cab3343a2e 
2025-12-18 12:54:30,264 INFO com.kit.migrator.datamigrator.service.BeneficiaryESWriter [scheduling-1]  >>> 76ff0885-44d2-49fd-bc50-7f1a130c3b9f
2025-12-18 12:54:30,569 INFO com.kit.migrator.datamigrator.service.BeneficiaryESWriter [scheduling-1]  ## ES Migration done for 76ff0885-44d2-49fd-bc50-7f1a130c3b9f 
2025-12-18 12:54:30,570 INFO com.kit.migrator.datamigrator.service.BeneficiaryESWriter [scheduling-1]  >>> 26fcbad6-0455-4274-bb91-4e8b9994e40e
2025-12-18 12:54:30,876 INFO com.kit.migrator.datamigrator.service.BeneficiaryESWriter [scheduling-1]  ## ES Migration done for 26fcbad6-0455-4274-bb91-4e8b9994e40e 
2025-12-18 12:54:30,877 INFO com.kit.migrator.datamigrator.service.BeneficiaryESWriter [scheduling-1]  >>> 183021be-6cdd-4dfe-84f5-8751200ddd7a
2025-12-18 12:54:31,183 INFO com.kit.migrator.datamigrator.service.BeneficiaryESWriter [scheduling-1]  ## ES Migration done for 183021be-6cdd-4dfe-84f5-8751200ddd7a 
2025-12-18 12:54:31,185 INFO com.kit.migrator.datamigrator.service.BeneficiaryESWriter [scheduling-1]  >>> 1794a29a-b541-47e7-ae5d-aad70f1f700b
2025-12-18 12:54:31,452 INFO com.kit.migrator.datamigrator.service.BeneficiaryESWriter [scheduling-1]  ## ES Migration done for 1794a29a-b541-47e7-ae5d-aad70f1f700b 
2025-12-18 12:54:31,453 INFO com.kit.migrator.datamigrator.service.BeneficiaryESWriter [scheduling-1]  >>> 49647957-ec70-46a2-9462-56a50e214449
2025-12-18 12:54:31,742 INFO com.kit.migrator.datamigrator.service.BeneficiaryESWriter [scheduling-1]  ## ES Migration done for 49647957-ec70-46a2-9462-56a50e214449 
2025-12-18 12:54:31,743 INFO com.kit.migrator.datamigrator.service.BeneficiaryESWriter [scheduling-1]  >>> e21677a1-e4fe-468b-b48f-23320aa3d19c
2025-12-18 12:54:32,052 INFO com.kit.migrator.datamigrator.service.BeneficiaryESWriter [scheduling-1]  ## ES Migration done for e21677a1-e4fe-468b-b48f-23320aa3d19c 
2025-12-18 12:54:32,054 INFO com.kit.migrator.datamigrator.service.BeneficiaryESWriter [scheduling-1]  >>> 9ee1b805-3630-4c38-9156-4b41c67f416f
2025-12-18 12:54:32,414 INFO com.kit.migrator.datamigrator.service.BeneficiaryESWriter [scheduling-1]  ## ES Migration done for 9ee1b805-3630-4c38-9156-4b41c67f416f 
2025-12-18 12:54:32,416 INFO com.kit.migrator.datamigrator.service.BeneficiaryESWriter [scheduling-1]  >>> c235205b-2c7e-44e4-b995-704ad1ab5c2a
2025-12-18 12:54:32,710 INFO com.kit.migrator.datamigrator.service.BeneficiaryESWriter [scheduling-1]  ## ES Migration done for c235205b-2c7e-44e4-b995-704ad1ab5c2a 
2025-12-18 12:54:32,712 INFO com.kit.migrator.datamigrator.service.BeneficiaryESWriter [scheduling-1]  >>> de7b12de-8d6c-4e47-8ce1-0d1bf25e280a
2025-12-18 12:54:33,129 INFO com.kit.migrator.datamigrator.service.BeneficiaryESWriter [scheduling-1]  ## ES Migration done for de7b12de-8d6c-4e47-8ce1-0d1bf25e280a 
2025-12-18 12:54:33,130 INFO com.kit.migrator.datamigrator.service.BeneficiaryESWriter [scheduling-1]  >>> 7a93f5e0-9547-4bd0-979a-aa4a287f97e5
2025-12-18 12:54:33,474 INFO com.kit.migrator.datamigrator.service.BeneficiaryESWriter [scheduling-1]  ## ES Migration done for 7a93f5e0-9547-4bd0-979a-aa4a287f97e5 
2025-12-18 12:54:33,475 INFO com.kit.migrator.datamigrator.service.BeneficiaryESWriter [scheduling-1]  >>> 1651cf9a-e1d3-4a17-b8f1-545ef7f58046
2025-12-18 12:54:33,752 INFO com.kit.migrator.datamigrator.service.BeneficiaryESWriter [scheduling-1]  ## ES Migration done for 1651cf9a-e1d3-4a17-b8f1-545ef7f58046 
2025-12-18 12:54:33,753 INFO com.kit.migrator.datamigrator.service.BeneficiaryESWriter [scheduling-1]  >>> f2c8ce3d-e39a-4bb1-b56e-21d0073fef40
2025-12-18 12:54:34,043 INFO com.kit.migrator.datamigrator.service.BeneficiaryESWriter [scheduling-1]  ## ES Migration done for f2c8ce3d-e39a-4bb1-b56e-21d0073fef40 
2025-12-18 12:54:34,044 INFO com.kit.migrator.datamigrator.service.BeneficiaryESWriter [scheduling-1]  >>> 3fbab1e6-19f9-48f5-83d4-3ac53ebe0831
2025-12-18 12:54:34,343 INFO com.kit.migrator.datamigrator.service.BeneficiaryESWriter [scheduling-1]  ## ES Migration done for 3fbab1e6-19f9-48f5-83d4-3ac53ebe0831 
2025-12-18 12:54:34,344 INFO com.kit.migrator.datamigrator.service.BeneficiaryESWriter [scheduling-1]  >>> 59063362-e3c0-4f0f-a01d-abfa6785eca7
2025-12-18 12:54:34,633 INFO com.kit.migrator.datamigrator.service.BeneficiaryESWriter [scheduling-1]  ## ES Migration done for 59063362-e3c0-4f0f-a01d-abfa6785eca7 
2025-12-18 12:54:34,634 INFO com.kit.migrator.datamigrator.service.BeneficiaryESWriter [scheduling-1]  >>> 3ecf3c67-5dc9-49b6-9715-6bc5c6269885
2025-12-18 12:54:34,924 INFO com.kit.migrator.datamigrator.service.BeneficiaryESWriter [scheduling-1]  ## ES Migration done for 3ecf3c67-5dc9-49b6-9715-6bc5c6269885 
2025-12-18 12:54:34,925 INFO com.kit.migrator.datamigrator.service.BeneficiaryESWriter [scheduling-1]  >>> d7a17888-98d1-44ad-a108-193293719cd1
2025-12-18 12:54:35,209 INFO com.kit.migrator.datamigrator.service.BeneficiaryESWriter [scheduling-1]  ## ES Migration done for d7a17888-98d1-44ad-a108-193293719cd1 
2025-12-18 12:54:35,210 INFO com.kit.migrator.datamigrator.service.BeneficiaryESWriter [scheduling-1]  >>> c8311bd7-cc4b-4608-90ba-7f8675a84eeb
2025-12-18 12:54:35,505 INFO com.kit.migrator.datamigrator.service.BeneficiaryESWriter [scheduling-1]  ## ES Migration done for c8311bd7-cc4b-4608-90ba-7f8675a84eeb 
2025-12-18 12:54:35,505 INFO com.kit.migrator.datamigrator.service.BeneficiaryESWriter [scheduling-1]  >>> 2ef846a4-b8d1-498f-a259-a80ba98ad4e2
2025-12-18 12:54:35,778 INFO com.kit.migrator.datamigrator.service.BeneficiaryESWriter [scheduling-1]  ## ES Migration done for 2ef846a4-b8d1-498f-a259-a80ba98ad4e2 
2025-12-18 12:54:35,780 INFO com.kit.migrator.datamigrator.service.BeneficiaryESWriter [scheduling-1]  >>> 215a59e9-9e91-456e-9fc1-ddc40d04b111
2025-12-18 12:54:36,202 INFO com.kit.migrator.datamigrator.service.BeneficiaryESWriter [scheduling-1]  ## ES Migration done for 215a59e9-9e91-456e-9fc1-ddc40d04b111 
2025-12-18 12:54:36,203 INFO com.kit.migrator.datamigrator.service.BeneficiaryESWriter [scheduling-1]  >>> 8074d363-da63-4195-932e-e1bccec9a50f
2025-12-18 12:54:36,515 INFO com.kit.migrator.datamigrator.service.BeneficiaryESWriter [scheduling-1]  ## ES Migration done for 8074d363-da63-4195-932e-e1bccec9a50f 
2025-12-18 12:54:36,516 INFO com.kit.migrator.datamigrator.service.BeneficiaryESWriter [scheduling-1]  >>> 1d6b28a2-22b2-4135-a4a4-979dd78f3c3d
2025-12-18 12:54:36,918 INFO com.kit.migrator.datamigrator.service.BeneficiaryESWriter [scheduling-1]  ## ES Migration done for 1d6b28a2-22b2-4135-a4a4-979dd78f3c3d 
2025-12-18 12:54:36,919 INFO com.kit.migrator.datamigrator.service.BeneficiaryESWriter [scheduling-1]  >>> f7f8e2f0-b27b-4245-9e77-c365a3ee5ebc
2025-12-18 12:54:37,193 INFO com.kit.migrator.datamigrator.service.BeneficiaryESWriter [scheduling-1]  ## ES Migration done for f7f8e2f0-b27b-4245-9e77-c365a3ee5ebc 
2025-12-18 12:54:37,194 INFO com.kit.migrator.datamigrator.service.BeneficiaryESWriter [scheduling-1]  >>> 5dc825d9-ee7a-444f-9676-91d0c809c5b7
2025-12-18 12:54:37,532 INFO com.kit.migrator.datamigrator.service.BeneficiaryESWriter [scheduling-1]  ## ES Migration done for 5dc825d9-ee7a-444f-9676-91d0c809c5b7 
2025-12-18 12:54:37,533 INFO com.kit.migrator.datamigrator.service.BeneficiaryESWriter [scheduling-1]  >>> 2b53a0bc-4d83-4ea7-89b5-fca353521e84
2025-12-18 12:54:37,838 INFO com.kit.migrator.datamigrator.service.BeneficiaryESWriter [scheduling-1]  ## ES Migration done for 2b53a0bc-4d83-4ea7-89b5-fca353521e84 
2025-12-18 12:54:37,839 INFO com.kit.migrator.datamigrator.service.BeneficiaryESWriter [scheduling-1]  >>> 64d9c004-e941-407e-8c7b-7a182988567f
2025-12-18 12:54:38,132 INFO com.kit.migrator.datamigrator.service.BeneficiaryESWriter [scheduling-1]  ## ES Migration done for 64d9c004-e941-407e-8c7b-7a182988567f 
2025-12-18 12:54:38,133 INFO com.kit.migrator.datamigrator.service.BeneficiaryESWriter [scheduling-1]  >>> 7d1c6a93-d52e-4598-bc0d-c61bdabc6490
2025-12-18 12:54:38,429 INFO com.kit.migrator.datamigrator.service.BeneficiaryESWriter [scheduling-1]  ## ES Migration done for 7d1c6a93-d52e-4598-bc0d-c61bdabc6490 
2025-12-18 12:54:38,429 INFO com.kit.migrator.datamigrator.service.BeneficiaryESWriter [scheduling-1]  >>> 978310e9-8b7c-4d10-9b52-733d615e0039
2025-12-18 12:54:38,760 INFO com.kit.migrator.datamigrator.service.BeneficiaryESWriter [scheduling-1]  ## ES Migration done for 978310e9-8b7c-4d10-9b52-733d615e0039 
2025-12-18 12:54:38,762 INFO com.kit.migrator.datamigrator.service.BeneficiaryESWriter [scheduling-1]  >>> 0be1f67b-4f3c-4d01-a3e1-2c2fffa30ee8
2025-12-18 12:54:39,083 INFO com.kit.migrator.datamigrator.service.BeneficiaryESWriter [scheduling-1]  ## ES Migration done for 0be1f67b-4f3c-4d01-a3e1-2c2fffa30ee8 
2025-12-18 12:54:39,084 INFO com.kit.migrator.datamigrator.service.BeneficiaryESWriter [scheduling-1]  >>> 657d3f61-d72a-4025-9448-4b14becc2f68
2025-12-18 12:54:39,368 INFO com.kit.migrator.datamigrator.service.BeneficiaryESWriter [scheduling-1]  ## ES Migration done for 657d3f61-d72a-4025-9448-4b14becc2f68 
2025-12-18 12:54:39,370 INFO com.kit.migrator.datamigrator.service.BeneficiaryESWriter [scheduling-1]  >>> 73513a2f-45a8-41a1-9510-ce7b5dbaf339
2025-12-18 12:54:39,660 INFO com.kit.migrator.datamigrator.service.BeneficiaryESWriter [scheduling-1]  ## ES Migration done for 73513a2f-45a8-41a1-9510-ce7b5dbaf339 
2025-12-18 12:54:39,661 INFO com.kit.migrator.datamigrator.service.BeneficiaryESWriter [scheduling-1]  >>> 3efa8a1b-6918-401a-b2f4-a65c61bcb869
2025-12-18 12:54:39,961 INFO com.kit.migrator.datamigrator.service.BeneficiaryESWriter [scheduling-1]  ## ES Migration done for 3efa8a1b-6918-401a-b2f4-a65c61bcb869 
2025-12-18 12:54:39,963 INFO com.kit.migrator.datamigrator.service.BeneficiaryESWriter [scheduling-1]  >>> 05a6f19d-21be-459e-a9c3-199e8962d12d
2025-12-18 12:54:40,257 INFO com.kit.migrator.datamigrator.service.BeneficiaryESWriter [scheduling-1]  ## ES Migration done for 05a6f19d-21be-459e-a9c3-199e8962d12d 
2025-12-18 12:54:40,259 INFO com.kit.migrator.datamigrator.service.BeneficiaryESWriter [scheduling-1]  >>> a2462ce1-50cf-4f03-86b6-80d15ce651ba
2025-12-18 12:54:40,604 INFO com.kit.migrator.datamigrator.service.BeneficiaryESWriter [scheduling-1]  ## ES Migration done for a2462ce1-50cf-4f03-86b6-80d15ce651ba 
2025-12-18 12:54:40,605 INFO com.kit.migrator.datamigrator.service.BeneficiaryESWriter [scheduling-1]  >>> 95e8dc73-b017-40bd-bcc2-d44660a97eb4
2025-12-18 12:54:40,903 INFO com.kit.migrator.datamigrator.service.BeneficiaryESWriter [scheduling-1]  ## ES Migration done for 95e8dc73-b017-40bd-bcc2-d44660a97eb4 
2025-12-18 12:54:40,904 INFO com.kit.migrator.datamigrator.service.BeneficiaryESWriter [scheduling-1]  >>> fa0a9aea-35c8-48ac-a71e-4edae17c2041
2025-12-18 12:54:41,222 INFO com.kit.migrator.datamigrator.service.BeneficiaryESWriter [scheduling-1]  ## ES Migration done for fa0a9aea-35c8-48ac-a71e-4edae17c2041 
2025-12-18 12:54:41,223 INFO com.kit.migrator.datamigrator.service.BeneficiaryESWriter [scheduling-1]  >>> 8cf2c1ee-0c17-41f3-b2a1-2f0f2617bcb3
2025-12-18 12:54:41,540 INFO com.kit.migrator.datamigrator.service.BeneficiaryESWriter [scheduling-1]  ## ES Migration done for 8cf2c1ee-0c17-41f3-b2a1-2f0f2617bcb3 
2025-12-18 12:54:41,542 INFO com.kit.migrator.datamigrator.service.BeneficiaryESWriter [scheduling-1]  >>> 67eed3f3-7a85-40e8-a3a2-81ec0e03af53
2025-12-18 12:54:41,829 INFO com.kit.migrator.datamigrator.service.BeneficiaryESWriter [scheduling-1]  ## ES Migration done for 67eed3f3-7a85-40e8-a3a2-81ec0e03af53 
2025-12-18 12:54:41,831 INFO com.kit.migrator.datamigrator.service.BeneficiaryESWriter [scheduling-1]  >>> 80e65cdc-73c6-45fd-bbd3-6b172bb7e648
2025-12-18 12:54:42,243 INFO com.kit.migrator.datamigrator.service.BeneficiaryESWriter [scheduling-1]  ## ES Migration done for 80e65cdc-73c6-45fd-bbd3-6b172bb7e648 
2025-12-18 12:54:42,244 INFO com.kit.migrator.datamigrator.service.BeneficiaryESWriter [scheduling-1]  >>> 135e28be-3441-462f-9edc-a9415c782c6a
2025-12-18 12:54:42,526 INFO com.kit.migrator.datamigrator.service.BeneficiaryESWriter [scheduling-1]  ## ES Migration done for 135e28be-3441-462f-9edc-a9415c782c6a 
2025-12-18 12:54:42,528 INFO com.kit.migrator.datamigrator.service.BeneficiaryESWriter [scheduling-1]  >>> f3e59dd2-c73f-4390-ab71-eb18891c1872
2025-12-18 12:54:42,857 INFO com.kit.migrator.datamigrator.service.BeneficiaryESWriter [scheduling-1]  ## ES Migration done for f3e59dd2-c73f-4390-ab71-eb18891c1872 
2025-12-18 12:54:42,858 INFO com.kit.migrator.datamigrator.service.BeneficiaryESWriter [scheduling-1]  >>> 8cb1e75c-3106-4256-921c-108f2faaca3b
2025-12-18 12:54:43,266 INFO com.kit.migrator.datamigrator.service.BeneficiaryESWriter [scheduling-1]  ## ES Migration done for 8cb1e75c-3106-4256-921c-108f2faaca3b 
2025-12-18 12:54:43,267 INFO com.kit.migrator.datamigrator.service.BeneficiaryESWriter [scheduling-1]  >>> aa0c2c9b-e401-4b69-831e-f470e5ddd1d2
2025-12-18 12:54:43,576 INFO com.kit.migrator.datamigrator.service.BeneficiaryESWriter [scheduling-1]  ## ES Migration done for aa0c2c9b-e401-4b69-831e-f470e5ddd1d2 
2025-12-18 12:54:43,578 INFO com.kit.migrator.datamigrator.service.BeneficiaryESWriter [scheduling-1]  >>> f1b76d66-bb3e-4149-b0a4-fc2866c5bd85
2025-12-18 12:54:43,886 INFO com.kit.migrator.datamigrator.service.BeneficiaryESWriter [scheduling-1]  ## ES Migration done for f1b76d66-bb3e-4149-b0a4-fc2866c5bd85 
2025-12-18 12:54:43,887 INFO com.kit.migrator.datamigrator.service.BeneficiaryESWriter [scheduling-1]  >>> 0fb9e8f2-f52b-4d54-a431-7d5a03dd6952
2025-12-18 12:54:44,291 INFO com.kit.migrator.datamigrator.service.BeneficiaryESWriter [scheduling-1]  ## ES Migration done for 0fb9e8f2-f52b-4d54-a431-7d5a03dd6952 
2025-12-18 12:54:44,292 INFO com.kit.migrator.datamigrator.service.BeneficiaryESWriter [scheduling-1]  >>> 17ad5ae1-1673-4641-b979-0e4d3dd48b7f
2025-12-18 12:54:44,609 INFO com.kit.migrator.datamigrator.service.BeneficiaryESWriter [scheduling-1]  ## ES Migration done for 17ad5ae1-1673-4641-b979-0e4d3dd48b7f 
2025-12-18 12:54:44,610 INFO com.kit.migrator.datamigrator.service.BeneficiaryESWriter [scheduling-1]  >>> ab725e72-2c60-462d-9723-ddf3a14a3233
2025-12-18 12:54:45,007 INFO com.kit.migrator.datamigrator.service.BeneficiaryESWriter [scheduling-1]  ## ES Migration done for ab725e72-2c60-462d-9723-ddf3a14a3233 
2025-12-18 12:54:45,007 INFO com.kit.migrator.datamigrator.service.BeneficiaryESWriter [scheduling-1]  >>> bd503af2-8e97-4dc2-aa39-9c313333a87d
2025-12-18 12:54:45,288 INFO com.kit.migrator.datamigrator.service.BeneficiaryESWriter [scheduling-1]  ## ES Migration done for bd503af2-8e97-4dc2-aa39-9c313333a87d 
2025-12-18 12:54:45,290 INFO com.kit.migrator.datamigrator.service.BeneficiaryESWriter [scheduling-1]  >>> f9dc9be8-c755-4d26-9c00-ed95aa4f7239
2025-12-18 12:54:45,589 INFO com.kit.migrator.datamigrator.service.BeneficiaryESWriter [scheduling-1]  ## ES Migration done for f9dc9be8-c755-4d26-9c00-ed95aa4f7239 
2025-12-18 12:54:45,590 INFO com.kit.migrator.datamigrator.service.BeneficiaryESWriter [scheduling-1]  >>> 6856b236-b819-4209-b634-b329ef9af362
2025-12-18 12:54:45,877 INFO com.kit.migrator.datamigrator.service.BeneficiaryESWriter [scheduling-1]  ## ES Migration done for 6856b236-b819-4209-b634-b329ef9af362 
2025-12-18 12:54:45,878 INFO com.kit.migrator.datamigrator.service.BeneficiaryESWriter [scheduling-1]  >>> de35e319-d8fa-4bf8-a75a-0eca59cfdb07
2025-12-18 12:54:46,225 INFO com.kit.migrator.datamigrator.service.BeneficiaryESWriter [scheduling-1]  ## ES Migration done for de35e319-d8fa-4bf8-a75a-0eca59cfdb07 
2025-12-18 12:54:46,225 INFO com.kit.migrator.datamigrator.service.BeneficiaryESWriter [scheduling-1]  >>> 50cbdaae-8aa0-4be4-a6b4-5f41f6d6ee23
2025-12-18 12:54:46,544 INFO com.kit.migrator.datamigrator.service.BeneficiaryESWriter [scheduling-1]  ## ES Migration done for 50cbdaae-8aa0-4be4-a6b4-5f41f6d6ee23 
2025-12-18 12:54:46,545 INFO com.kit.migrator.datamigrator.service.BeneficiaryESWriter [scheduling-1]  >>> 2ead4af0-4b54-4f40-9514-668f9b5d347a
2025-12-18 12:54:46,850 INFO com.kit.migrator.datamigrator.service.BeneficiaryESWriter [scheduling-1]  ## ES Migration done for 2ead4af0-4b54-4f40-9514-668f9b5d347a 
2025-12-18 12:54:46,851 INFO com.kit.migrator.datamigrator.service.BeneficiaryESWriter [scheduling-1]  >>> 06d0d854-8cba-46d4-8922-0fe9cc657049
2025-12-18 12:54:47,224 INFO com.kit.migrator.datamigrator.service.BeneficiaryESWriter [scheduling-1]  ## ES Migration done for 06d0d854-8cba-46d4-8922-0fe9cc657049 
2025-12-18 12:54:47,225 INFO com.kit.migrator.datamigrator.service.BeneficiaryESWriter [scheduling-1]  >>> e475b75a-2b74-4fa5-ba77-aee34fbca7aa
2025-12-18 12:54:47,542 INFO com.kit.migrator.datamigrator.service.BeneficiaryESWriter [scheduling-1]  ## ES Migration done for e475b75a-2b74-4fa5-ba77-aee34fbca7aa 
2025-12-18 12:54:47,543 INFO com.kit.migrator.datamigrator.service.BeneficiaryESWriter [scheduling-1]  >>> ae19062e-c2dd-45df-8ba5-79fb47fac9ab
2025-12-18 12:54:47,853 INFO com.kit.migrator.datamigrator.service.BeneficiaryESWriter [scheduling-1]  ## ES Migration done for ae19062e-c2dd-45df-8ba5-79fb47fac9ab 
2025-12-18 12:54:47,854 INFO com.kit.migrator.datamigrator.service.BeneficiaryESWriter [scheduling-1]  >>> 8257f1dc-b0bc-4dd8-8d05-c7f2a4c2ad30
2025-12-18 12:54:48,143 INFO com.kit.migrator.datamigrator.service.BeneficiaryESWriter [scheduling-1]  ## ES Migration done for 8257f1dc-b0bc-4dd8-8d05-c7f2a4c2ad30 
2025-12-18 12:54:48,144 INFO com.kit.migrator.datamigrator.service.BeneficiaryESWriter [scheduling-1]  >>> 2b571b73-35a2-4fd0-bde0-63eab30a1c6c
2025-12-18 12:54:48,441 INFO com.kit.migrator.datamigrator.service.BeneficiaryESWriter [scheduling-1]  ## ES Migration done for 2b571b73-35a2-4fd0-bde0-63eab30a1c6c 
2025-12-18 12:54:48,442 INFO com.kit.migrator.datamigrator.service.BeneficiaryESWriter [scheduling-1]  >>> 2c49de6b-f5e3-4074-8ceb-13c5e053a524
2025-12-18 12:54:48,740 INFO com.kit.migrator.datamigrator.service.BeneficiaryESWriter [scheduling-1]  ## ES Migration done for 2c49de6b-f5e3-4074-8ceb-13c5e053a524 
2025-12-18 12:54:48,741 INFO com.kit.migrator.datamigrator.service.BeneficiaryESWriter [scheduling-1]  >>> 38c07662-314c-4b14-ba16-0e00362a9569
2025-12-18 12:54:49,029 INFO com.kit.migrator.datamigrator.service.BeneficiaryESWriter [scheduling-1]  ## ES Migration done for 38c07662-314c-4b14-ba16-0e00362a9569 
2025-12-18 12:54:49,030 INFO com.kit.migrator.datamigrator.service.BeneficiaryESWriter [scheduling-1]  >>> 4fb8966b-78f8-43b7-91b8-7fa0db6db4c7
2025-12-18 12:54:49,311 INFO com.kit.migrator.datamigrator.service.BeneficiaryESWriter [scheduling-1]  ## ES Migration done for 4fb8966b-78f8-43b7-91b8-7fa0db6db4c7 
2025-12-18 12:54:49,313 INFO com.kit.migrator.datamigrator.service.BeneficiaryESWriter [scheduling-1]  >>> 19f6d991-5397-4400-a2d5-e02c54943e81
2025-12-18 12:54:49,585 INFO com.kit.migrator.datamigrator.service.BeneficiaryESWriter [scheduling-1]  ## ES Migration done for 19f6d991-5397-4400-a2d5-e02c54943e81 
2025-12-18 12:54:49,587 INFO com.kit.migrator.datamigrator.service.BeneficiaryESWriter [scheduling-1]  >>> c55920ac-6058-4b81-83af-a96422ff47f8
2025-12-18 12:54:49,868 INFO com.kit.migrator.datamigrator.service.BeneficiaryESWriter [scheduling-1]  ## ES Migration done for c55920ac-6058-4b81-83af-a96422ff47f8 
2025-12-18 12:54:49,869 INFO com.kit.migrator.datamigrator.service.BeneficiaryESWriter [scheduling-1]  >>> 8184794f-3173-47a3-adef-b67c3387de88
2025-12-18 12:54:50,175 INFO com.kit.migrator.datamigrator.service.BeneficiaryESWriter [scheduling-1]  ## ES Migration done for 8184794f-3173-47a3-adef-b67c3387de88 
2025-12-18 12:54:50,176 INFO com.kit.migrator.datamigrator.service.BeneficiaryESWriter [scheduling-1]  >>> e0d83bc7-1528-4fc2-ac9e-098860db372b
2025-12-18 12:54:50,459 INFO com.kit.migrator.datamigrator.service.BeneficiaryESWriter [scheduling-1]  ## ES Migration done for e0d83bc7-1528-4fc2-ac9e-098860db372b 
2025-12-18 12:54:50,461 INFO com.kit.migrator.datamigrator.service.BeneficiaryESWriter [scheduling-1]  >>> 62d39512-fc95-4ead-bbb0-9c47d3f3e1f4
2025-12-18 12:54:50,752 INFO com.kit.migrator.datamigrator.service.BeneficiaryESWriter [scheduling-1]  ## ES Migration done for 62d39512-fc95-4ead-bbb0-9c47d3f3e1f4 
2025-12-18 12:54:50,753 INFO com.kit.migrator.datamigrator.service.BeneficiaryESWriter [scheduling-1]  >>> 3fba8e88-c876-4f20-8a40-a8cfb1e8cd47
2025-12-18 12:54:51,033 INFO com.kit.migrator.datamigrator.service.BeneficiaryESWriter [scheduling-1]  ## ES Migration done for 3fba8e88-c876-4f20-8a40-a8cfb1e8cd47 
2025-12-18 12:54:51,034 INFO com.kit.migrator.datamigrator.service.BeneficiaryESWriter [scheduling-1]  >>> 1285c08c-c9c5-46f6-a2eb-5cb44d575930
2025-12-18 12:54:51,322 INFO com.kit.migrator.datamigrator.service.BeneficiaryESWriter [scheduling-1]  ## ES Migration done for 1285c08c-c9c5-46f6-a2eb-5cb44d575930 
2025-12-18 12:54:51,323 INFO com.kit.migrator.datamigrator.service.BeneficiaryESWriter [scheduling-1]  >>> a988f283-428d-4767-bed9-ab3f8535f9a6
2025-12-18 12:54:51,593 INFO com.kit.migrator.datamigrator.service.BeneficiaryESWriter [scheduling-1]  ## ES Migration done for a988f283-428d-4767-bed9-ab3f8535f9a6 
2025-12-18 12:54:51,595 INFO com.kit.migrator.datamigrator.service.BeneficiaryESWriter [scheduling-1]  >>> 2bfdd373-d1d1-429d-b648-8729c4216f52
2025-12-18 12:54:51,896 INFO com.kit.migrator.datamigrator.service.BeneficiaryESWriter [scheduling-1]  ## ES Migration done for 2bfdd373-d1d1-429d-b648-8729c4216f52 
2025-12-18 12:54:51,898 INFO com.kit.migrator.datamigrator.service.BeneficiaryESWriter [scheduling-1]  >>> 2c8d1844-a3d3-426d-b30d-ee1d601be20e
2025-12-18 12:54:52,277 INFO com.kit.migrator.datamigrator.service.BeneficiaryESWriter [scheduling-1]  ## ES Migration done for 2c8d1844-a3d3-426d-b30d-ee1d601be20e 
2025-12-18 12:54:52,279 INFO com.kit.migrator.datamigrator.service.BeneficiaryESWriter [scheduling-1]  >>> 69aafc86-da00-44bf-a940-8a760771f100
2025-12-18 12:54:52,583 INFO com.kit.migrator.datamigrator.service.BeneficiaryESWriter [scheduling-1]  ## ES Migration done for 69aafc86-da00-44bf-a940-8a760771f100 
2025-12-18 12:54:52,584 INFO com.kit.migrator.datamigrator.service.BeneficiaryESWriter [scheduling-1]  >>> 7e69e29b-69a8-4e14-9a47-3a7dab47aa9c
2025-12-18 12:54:52,994 INFO com.kit.migrator.datamigrator.service.BeneficiaryESWriter [scheduling-1]  ## ES Migration done for 7e69e29b-69a8-4e14-9a47-3a7dab47aa9c 
2025-12-18 12:54:52,996 INFO com.kit.migrator.datamigrator.service.BeneficiaryESWriter [scheduling-1]  >>> 5a6b543e-dce9-44fa-81b6-770b41876a8b
2025-12-18 12:54:53,299 INFO com.kit.migrator.datamigrator.service.BeneficiaryESWriter [scheduling-1]  ## ES Migration done for 5a6b543e-dce9-44fa-81b6-770b41876a8b 
2025-12-18 12:54:53,300 INFO com.kit.migrator.datamigrator.service.BeneficiaryESWriter [scheduling-1]  >>> faa3693c-acb1-4f14-8608-935b36b1f6ca
2025-12-18 12:54:53,581 INFO com.kit.migrator.datamigrator.service.BeneficiaryESWriter [scheduling-1]  ## ES Migration done for faa3693c-acb1-4f14-8608-935b36b1f6ca 
2025-12-18 12:54:53,583 INFO com.kit.migrator.datamigrator.service.BeneficiaryESWriter [scheduling-1]  >>> a37f97b5-55db-4a63-9842-e4a743a7a630
2025-12-18 12:54:53,882 INFO com.kit.migrator.datamigrator.service.BeneficiaryESWriter [scheduling-1]  ## ES Migration done for a37f97b5-55db-4a63-9842-e4a743a7a630 
2025-12-18 12:54:53,883 INFO com.kit.migrator.datamigrator.service.BeneficiaryESWriter [scheduling-1]  >>> 5d5cbddc-3afc-46de-9b75-be44cfee6968
2025-12-18 12:54:54,232 INFO com.kit.migrator.datamigrator.service.BeneficiaryESWriter [scheduling-1]  ## ES Migration done for 5d5cbddc-3afc-46de-9b75-be44cfee6968 
2025-12-18 12:54:54,234 INFO com.kit.migrator.datamigrator.service.BeneficiaryESWriter [scheduling-1]  >>> 8f9928f2-04ef-457a-be6c-fd76a0409129
2025-12-18 12:54:54,639 INFO com.kit.migrator.datamigrator.service.BeneficiaryESWriter [scheduling-1]  ## ES Migration done for 8f9928f2-04ef-457a-be6c-fd76a0409129 
2025-12-18 12:54:54,640 INFO com.kit.migrator.datamigrator.service.BeneficiaryESWriter [scheduling-1]  >>> fe57ae47-114a-419e-833d-f400835fca02
2025-12-18 12:54:54,954 INFO com.kit.migrator.datamigrator.service.BeneficiaryESWriter [scheduling-1]  ## ES Migration done for fe57ae47-114a-419e-833d-f400835fca02 
2025-12-18 12:54:54,956 INFO com.kit.migrator.datamigrator.service.BeneficiaryESWriter [scheduling-1]  >>> bd2ad64a-4a68-4f92-88fa-b6594e68a8d7
2025-12-18 12:54:55,262 INFO com.kit.migrator.datamigrator.service.BeneficiaryESWriter [scheduling-1]  ## ES Migration done for bd2ad64a-4a68-4f92-88fa-b6594e68a8d7 
2025-12-18 12:54:55,263 INFO com.kit.migrator.datamigrator.service.BeneficiaryESWriter [scheduling-1]  >>> 7c0da610-4ea7-4360-9b10-1d16362a49f1
2025-12-18 12:54:55,550 INFO com.kit.migrator.datamigrator.service.BeneficiaryESWriter [scheduling-1]  ## ES Migration done for 7c0da610-4ea7-4360-9b10-1d16362a49f1 
2025-12-18 12:54:55,552 INFO com.kit.migrator.datamigrator.service.BeneficiaryESWriter [scheduling-1]  >>> 5d3c2743-d121-498f-bf7e-f501200e5bc3
2025-12-18 12:54:55,890 INFO com.kit.migrator.datamigrator.service.BeneficiaryESWriter [scheduling-1]  ## ES Migration done for 5d3c2743-d121-498f-bf7e-f501200e5bc3 
2025-12-18 12:54:55,891 INFO com.kit.migrator.datamigrator.service.BeneficiaryESWriter [scheduling-1]  >>> 19a0ff73-b2a0-40b4-a445-5edbb534d687
2025-12-18 12:54:56,192 INFO com.kit.migrator.datamigrator.service.BeneficiaryESWriter [scheduling-1]  ## ES Migration done for 19a0ff73-b2a0-40b4-a445-5edbb534d687 
2025-12-18 12:54:56,193 INFO com.kit.migrator.datamigrator.service.BeneficiaryESWriter [scheduling-1]  >>> cff2746a-dfc8-4fed-93a8-81d67f7b570d
2025-12-18 12:54:56,579 INFO com.kit.migrator.datamigrator.service.BeneficiaryESWriter [scheduling-1]  ## ES Migration done for cff2746a-dfc8-4fed-93a8-81d67f7b570d 
2025-12-18 12:54:56,580 INFO com.kit.migrator.datamigrator.service.BeneficiaryESWriter [scheduling-1]  >>> a0063d25-4b20-44fc-9853-d4893913e3ef
2025-12-18 12:54:57,090 INFO com.kit.migrator.datamigrator.service.BeneficiaryESWriter [scheduling-1]  ## ES Migration done for a0063d25-4b20-44fc-9853-d4893913e3ef 
2025-12-18 12:54:57,092 INFO com.kit.migrator.datamigrator.service.BeneficiaryESWriter [scheduling-1]  >>> 612ae849-d4dd-4b59-9e0d-3bd5ac570895
2025-12-18 12:54:57,383 INFO com.kit.migrator.datamigrator.service.BeneficiaryESWriter [scheduling-1]  ## ES Migration done for 612ae849-d4dd-4b59-9e0d-3bd5ac570895 
2025-12-18 12:54:57,384 INFO com.kit.migrator.datamigrator.service.BeneficiaryESWriter [scheduling-1]  >>> 03dbdcfd-30d7-4705-bfc1-359c97c44b96
2025-12-18 12:54:57,684 INFO com.kit.migrator.datamigrator.service.BeneficiaryESWriter [scheduling-1]  ## ES Migration done for 03dbdcfd-30d7-4705-bfc1-359c97c44b96 
2025-12-18 12:54:57,685 INFO com.kit.migrator.datamigrator.service.BeneficiaryESWriter [scheduling-1]  >>> a7c8e3dd-d0f8-43a9-a615-0fb8fa360678
2025-12-18 12:54:57,968 INFO com.kit.migrator.datamigrator.service.BeneficiaryESWriter [scheduling-1]  ## ES Migration done for a7c8e3dd-d0f8-43a9-a615-0fb8fa360678 
2025-12-18 12:54:57,970 INFO com.kit.migrator.datamigrator.service.BeneficiaryESWriter [scheduling-1]  >>> a577bfe3-ef85-41fa-aeba-932b55eb0426
2025-12-18 12:54:58,271 INFO com.kit.migrator.datamigrator.service.BeneficiaryESWriter [scheduling-1]  ## ES Migration done for a577bfe3-ef85-41fa-aeba-932b55eb0426 
2025-12-18 12:54:58,273 INFO com.kit.migrator.datamigrator.service.BeneficiaryESWriter [scheduling-1]  >>> 5a54efe9-6508-4270-9163-4f879f690a75
2025-12-18 12:54:58,558 INFO com.kit.migrator.datamigrator.service.BeneficiaryESWriter [scheduling-1]  ## ES Migration done for 5a54efe9-6508-4270-9163-4f879f690a75 
2025-12-18 12:54:58,559 INFO com.kit.migrator.datamigrator.service.BeneficiaryESWriter [scheduling-1]  >>> 63273de2-660a-4a85-88b1-04f9234307e8
2025-12-18 12:54:58,934 INFO com.kit.migrator.datamigrator.service.BeneficiaryESWriter [scheduling-1]  ## ES Migration done for 63273de2-660a-4a85-88b1-04f9234307e8 
2025-12-18 12:54:58,935 INFO com.kit.migrator.datamigrator.service.BeneficiaryESWriter [scheduling-1]  >>> daf4c14b-98e3-4e66-94ac-e44b897cead9
2025-12-18 12:54:59,226 INFO com.kit.migrator.datamigrator.service.BeneficiaryESWriter [scheduling-1]  ## ES Migration done for daf4c14b-98e3-4e66-94ac-e44b897cead9 
2025-12-18 12:54:59,227 INFO com.kit.migrator.datamigrator.service.BeneficiaryESWriter [scheduling-1]  >>> 4301d3c2-87a0-4d4a-883c-1911d8a2ebaa
2025-12-18 12:54:59,544 INFO com.kit.migrator.datamigrator.service.BeneficiaryESWriter [scheduling-1]  ## ES Migration done for 4301d3c2-87a0-4d4a-883c-1911d8a2ebaa 
2025-12-18 12:54:59,545 INFO com.kit.migrator.datamigrator.service.BeneficiaryESWriter [scheduling-1]  >>> 07870007-16ff-4c28-adde-700e7122f14a
2025-12-18 12:54:59,843 INFO com.kit.migrator.datamigrator.service.BeneficiaryESWriter [scheduling-1]  ## ES Migration done for 07870007-16ff-4c28-adde-700e7122f14a 
2025-12-18 12:55:57,319 ERROR com.kit.migrator.datamigrator.DataMigratorApplication [scheduling-1] Failed to run
org.springframework.jdbc.BadSqlGrammarException: PreparedStatementCallback; bad SQL grammar [SELECT JOB_INSTANCE_ID, JOB_NAME from BATCH_JOB_INSTANCE where JOB_NAME = ? and JOB_KEY = ?]; nested exception is com.microsoft.sqlserver.jdbc.SQLServerException: Invalid object name 'BATCH_JOB_INSTANCE'.
	at org.springframework.jdbc.support.SQLErrorCodeSQLExceptionTranslator.doTranslate(SQLErrorCodeSQLExceptionTranslator.java:239)
	at org.springframework.jdbc.support.AbstractFallbackSQLExceptionTranslator.translate(AbstractFallbackSQLExceptionTranslator.java:70)
	at org.springframework.jdbc.core.JdbcTemplate.translateException(JdbcTemplate.java:1541)
	at org.springframework.jdbc.core.JdbcTemplate.execute(JdbcTemplate.java:667)
	at org.springframework.jdbc.core.JdbcTemplate.query(JdbcTemplate.java:713)
	at org.springframework.jdbc.core.JdbcTemplate.query(JdbcTemplate.java:744)
	at org.springframework.jdbc.core.JdbcTemplate.query(JdbcTemplate.java:757)
	at org.springframework.jdbc.core.JdbcTemplate.query(JdbcTemplate.java:815)
	at org.springframework.batch.core.repository.dao.JdbcJobInstanceDao.getJobInstance(JdbcJobInstanceDao.java:151)
	at org.springframework.batch.core.repository.support.SimpleJobRepository.getLastJobExecution(SimpleJobRepository.java:266)
	at sun.reflect.NativeMethodAccessorImpl.invoke0(Native Method)
	at sun.reflect.NativeMethodAccessorImpl.invoke(NativeMethodAccessorImpl.java:62)
	at sun.reflect.DelegatingMethodAccessorImpl.invoke(DelegatingMethodAccessorImpl.java:43)
	at java.lang.reflect.Method.invoke(Method.java:498)
	at org.springframework.aop.support.AopUtils.invokeJoinpointUsingReflection(AopUtils.java:344)
	at org.springframework.aop.framework.ReflectiveMethodInvocation.invokeJoinpoint(ReflectiveMethodInvocation.java:198)
	at org.springframework.aop.framework.ReflectiveMethodInvocation.proceed(ReflectiveMethodInvocation.java:163)
	at org.springframework.transaction.interceptor.TransactionInterceptor$1.proceedWithInvocation(TransactionInterceptor.java:123)
	at org.springframework.transaction.interceptor.TransactionAspectSupport.invokeWithinTransaction(TransactionAspectSupport.java:388)
	at org.springframework.transaction.interceptor.TransactionInterceptor.invoke(TransactionInterceptor.java:119)
	at org.springframework.aop.framework.ReflectiveMethodInvocation.proceed(ReflectiveMethodInvocation.java:186)
	at org.springframework.aop.framework.JdkDynamicAopProxy.invoke(JdkDynamicAopProxy.java:215)
	at com.sun.proxy.$Proxy88.getLastJobExecution(Unknown Source)
	at org.springframework.batch.core.launch.support.SimpleJobLauncher.run(SimpleJobLauncher.java:104)
	at sun.reflect.NativeMethodAccessorImpl.invoke0(Native Method)
	at sun.reflect.NativeMethodAccessorImpl.invoke(NativeMethodAccessorImpl.java:62)
	at sun.reflect.DelegatingMethodAccessorImpl.invoke(DelegatingMethodAccessorImpl.java:43)
	at java.lang.reflect.Method.invoke(Method.java:498)
	at org.springframework.aop.support.AopUtils.invokeJoinpointUsingReflection(AopUtils.java:344)
	at org.springframework.aop.framework.ReflectiveMethodInvocation.invokeJoinpoint(ReflectiveMethodInvocation.java:198)
	at org.springframework.aop.framework.ReflectiveMethodInvocation.proceed(ReflectiveMethodInvocation.java:163)
	at org.springframework.batch.core.configuration.annotation.SimpleBatchConfiguration$PassthruAdvice.invoke(SimpleBatchConfiguration.java:128)
	at org.springframework.aop.framework.ReflectiveMethodInvocation.proceed(ReflectiveMethodInvocation.java:186)
	at org.springframework.aop.framework.JdkDynamicAopProxy.invoke(JdkDynamicAopProxy.java:215)
	at com.sun.proxy.$Proxy90.run(Unknown Source)
	at com.kit.migrator.datamigrator.DataMigratorApplication.launchJob(DataMigratorApplication.java:62)
	at com.kit.migrator.datamigrator.DataMigratorApplication.runJob(DataMigratorApplication.java:52)
	at sun.reflect.NativeMethodAccessorImpl.invoke0(Native Method)
	at sun.reflect.NativeMethodAccessorImpl.invoke(NativeMethodAccessorImpl.java:62)
	at sun.reflect.DelegatingMethodAccessorImpl.invoke(DelegatingMethodAccessorImpl.java:43)
	at java.lang.reflect.Method.invoke(Method.java:498)
	at org.springframework.scheduling.support.ScheduledMethodRunnable.run(ScheduledMethodRunnable.java:84)
	at org.springframework.scheduling.support.DelegatingErrorHandlingRunnable.run(DelegatingErrorHandlingRunnable.java:54)
	at java.util.concurrent.Executors$RunnableAdapter.call(Executors.java:511)
	at java.util.concurrent.FutureTask.runAndReset(FutureTask.java:308)
	at java.util.concurrent.ScheduledThreadPoolExecutor$ScheduledFutureTask.access$301(ScheduledThreadPoolExecutor.java:180)
	at java.util.concurrent.ScheduledThreadPoolExecutor$ScheduledFutureTask.run(ScheduledThreadPoolExecutor.java:294)
	at java.util.concurrent.ThreadPoolExecutor.runWorker(ThreadPoolExecutor.java:1149)
	at java.util.concurrent.ThreadPoolExecutor$Worker.run(ThreadPoolExecutor.java:624)
	at java.lang.Thread.run(Thread.java:750)
Caused by: com.microsoft.sqlserver.jdbc.SQLServerException: Invalid object name 'BATCH_JOB_INSTANCE'.
	at com.microsoft.sqlserver.jdbc.SQLServerException.makeFromDatabaseError(SQLServerException.java:262)
	at com.microsoft.sqlserver.jdbc.SQLServerStatement.getNextResult(SQLServerStatement.java:1632)
	at com.microsoft.sqlserver.jdbc.SQLServerPreparedStatement.doExecutePreparedStatement(SQLServerPreparedStatement.java:602)
	at com.microsoft.sqlserver.jdbc.SQLServerPreparedStatement$PrepStmtExecCmd.doExecute(SQLServerPreparedStatement.java:524)
	at com.microsoft.sqlserver.jdbc.TDSCommand.execute(IOBuffer.java:7375)
	at com.microsoft.sqlserver.jdbc.SQLServerConnection.executeCommand(SQLServerConnection.java:3206)
	at com.microsoft.sqlserver.jdbc.SQLServerStatement.executeCommand(SQLServerStatement.java:247)
	at com.microsoft.sqlserver.jdbc.SQLServerStatement.executeStatement(SQLServerStatement.java:222)
	at com.microsoft.sqlserver.jdbc.SQLServerPreparedStatement.executeQuery(SQLServerPreparedStatement.java:446)
	at com.zaxxer.hikari.pool.ProxyPreparedStatement.executeQuery(ProxyPreparedStatement.java:52)
	at com.zaxxer.hikari.pool.HikariProxyPreparedStatement.executeQuery(HikariProxyPreparedStatement.java)
	at org.springframework.jdbc.core.JdbcTemplate$1.doInPreparedStatement(JdbcTemplate.java:722)
	at org.springframework.jdbc.core.JdbcTemplate.execute(JdbcTemplate.java:651)
	... 46 common frames omitted
2025-12-18 12:56:43,503 INFO com.kit.migrator.datamigrator.service.BeneficiaryESWriter [scheduling-1]  >>> 8ae315c8-b32f-4a6b-8bd5-2f221a031fd3
2025-12-18 12:56:43,789 INFO com.kit.migrator.datamigrator.service.BeneficiaryESWriter [scheduling-1]  ## ES Migration done for 8ae315c8-b32f-4a6b-8bd5-2f221a031fd3 
2025-12-18 12:56:43,790 INFO com.kit.migrator.datamigrator.service.BeneficiaryESWriter [scheduling-1]  >>> f33ea931-f04f-4c7b-9677-1fba643383d8
2025-12-18 12:56:44,082 INFO com.kit.migrator.datamigrator.service.BeneficiaryESWriter [scheduling-1]  ## ES Migration done for f33ea931-f04f-4c7b-9677-1fba643383d8 
2025-12-18 12:56:44,083 INFO com.kit.migrator.datamigrator.service.BeneficiaryESWriter [scheduling-1]  >>> 25d69bfe-c46d-478d-946c-e2414cdba680
2025-12-18 12:56:44,378 INFO com.kit.migrator.datamigrator.service.BeneficiaryESWriter [scheduling-1]  ## ES Migration done for 25d69bfe-c46d-478d-946c-e2414cdba680 
2025-12-18 12:56:44,380 INFO com.kit.migrator.datamigrator.service.BeneficiaryESWriter [scheduling-1]  >>> ad3631a0-68a2-4518-985a-b33b2de890a4
2025-12-18 12:56:44,786 INFO com.kit.migrator.datamigrator.service.BeneficiaryESWriter [scheduling-1]  ## ES Migration done for ad3631a0-68a2-4518-985a-b33b2de890a4 
2025-12-18 12:56:44,787 INFO com.kit.migrator.datamigrator.service.BeneficiaryESWriter [scheduling-1]  >>> 7072dce9-db61-47d7-a902-81f890e28580
2025-12-18 12:56:45,114 INFO com.kit.migrator.datamigrator.service.BeneficiaryESWriter [scheduling-1]  ## ES Migration done for 7072dce9-db61-47d7-a902-81f890e28580 
2025-12-18 12:56:45,118 INFO com.kit.migrator.datamigrator.service.BeneficiaryESWriter [scheduling-1]  >>> e0c2da8e-cc41-4fe9-a626-024de5a38cda
2025-12-18 12:56:45,523 INFO com.kit.migrator.datamigrator.service.BeneficiaryESWriter [scheduling-1]  ## ES Migration done for e0c2da8e-cc41-4fe9-a626-024de5a38cda 
2025-12-18 12:56:45,524 INFO com.kit.migrator.datamigrator.service.BeneficiaryESWriter [scheduling-1]  >>> 18095db8-fec1-4fa9-b50e-caf01a2f1e77
2025-12-18 12:56:45,858 INFO com.kit.migrator.datamigrator.service.BeneficiaryESWriter [scheduling-1]  ## ES Migration done for 18095db8-fec1-4fa9-b50e-caf01a2f1e77 
2025-12-18 12:56:45,860 INFO com.kit.migrator.datamigrator.service.BeneficiaryESWriter [scheduling-1]  >>> 9701306d-ebbb-4d82-8eb5-552b26e8b275
2025-12-18 12:56:46,164 INFO com.kit.migrator.datamigrator.service.BeneficiaryESWriter [scheduling-1]  ## ES Migration done for 9701306d-ebbb-4d82-8eb5-552b26e8b275 
2025-12-18 12:56:46,165 INFO com.kit.migrator.datamigrator.service.BeneficiaryESWriter [scheduling-1]  >>> ae1248d8-ec0c-4c3c-b0ed-86580d5698d3
2025-12-18 12:56:46,486 INFO com.kit.migrator.datamigrator.service.BeneficiaryESWriter [scheduling-1]  ## ES Migration done for ae1248d8-ec0c-4c3c-b0ed-86580d5698d3 
2025-12-18 12:56:46,487 INFO com.kit.migrator.datamigrator.service.BeneficiaryESWriter [scheduling-1]  >>> acf7288c-90e0-44d9-a74d-d76532f900da
2025-12-18 12:56:46,863 INFO com.kit.migrator.datamigrator.service.BeneficiaryESWriter [scheduling-1]  ## ES Migration done for acf7288c-90e0-44d9-a74d-d76532f900da 
2025-12-18 12:56:46,863 INFO com.kit.migrator.datamigrator.service.BeneficiaryESWriter [scheduling-1]  >>> 0ddf9ba8-fa69-423d-b80f-cf6cadaa09c8
2025-12-18 12:56:47,273 INFO com.kit.migrator.datamigrator.service.BeneficiaryESWriter [scheduling-1]  ## ES Migration done for 0ddf9ba8-fa69-423d-b80f-cf6cadaa09c8 
2025-12-18 12:56:47,275 INFO com.kit.migrator.datamigrator.service.BeneficiaryESWriter [scheduling-1]  >>> 8237a1b6-2572-4deb-aa60-f46b2b48d07d
2025-12-18 12:56:47,587 INFO com.kit.migrator.datamigrator.service.BeneficiaryESWriter [scheduling-1]  ## ES Migration done for 8237a1b6-2572-4deb-aa60-f46b2b48d07d 
2025-12-18 12:56:47,589 INFO com.kit.migrator.datamigrator.service.BeneficiaryESWriter [scheduling-1]  >>> bdcd7603-de90-4cf1-b748-b543d557bb74
2025-12-18 12:56:47,891 INFO com.kit.migrator.datamigrator.service.BeneficiaryESWriter [scheduling-1]  ## ES Migration done for bdcd7603-de90-4cf1-b748-b543d557bb74 
2025-12-18 12:56:47,892 INFO com.kit.migrator.datamigrator.service.BeneficiaryESWriter [scheduling-1]  >>> 7f4b840b-af48-4dac-9686-467220f15573
2025-12-18 12:56:48,297 INFO com.kit.migrator.datamigrator.service.BeneficiaryESWriter [scheduling-1]  ## ES Migration done for 7f4b840b-af48-4dac-9686-467220f15573 
2025-12-18 12:56:48,298 INFO com.kit.migrator.datamigrator.service.BeneficiaryESWriter [scheduling-1]  >>> 150a4060-7522-442a-b684-89629b1b6fdf
2025-12-18 12:56:48,708 INFO com.kit.migrator.datamigrator.service.BeneficiaryESWriter [scheduling-1]  ## ES Migration done for 150a4060-7522-442a-b684-89629b1b6fdf 
2025-12-18 12:56:48,709 INFO com.kit.migrator.datamigrator.service.BeneficiaryESWriter [scheduling-1]  >>> 4682b30b-9262-4d50-984e-dd9c28303fec
2025-12-18 12:56:49,001 INFO com.kit.migrator.datamigrator.service.BeneficiaryESWriter [scheduling-1]  ## ES Migration done for 4682b30b-9262-4d50-984e-dd9c28303fec 
2025-12-18 12:56:49,002 INFO com.kit.migrator.datamigrator.service.BeneficiaryESWriter [scheduling-1]  >>> aef832f9-3ff6-4014-91e7-710315b28f6c
2025-12-18 12:56:49,280 INFO com.kit.migrator.datamigrator.service.BeneficiaryESWriter [scheduling-1]  ## ES Migration done for aef832f9-3ff6-4014-91e7-710315b28f6c 
2025-12-18 12:56:49,281 INFO com.kit.migrator.datamigrator.service.BeneficiaryESWriter [scheduling-1]  >>> 786237b0-aa1a-4778-8025-b7a9c65e75d8
2025-12-18 12:56:49,566 INFO com.kit.migrator.datamigrator.service.BeneficiaryESWriter [scheduling-1]  ## ES Migration done for 786237b0-aa1a-4778-8025-b7a9c65e75d8 
2025-12-18 12:56:49,567 INFO com.kit.migrator.datamigrator.service.BeneficiaryESWriter [scheduling-1]  >>> 64e879c9-d772-4c1e-8ca2-15ff53c731a6
2025-12-18 12:56:49,842 INFO com.kit.migrator.datamigrator.service.BeneficiaryESWriter [scheduling-1]  ## ES Migration done for 64e879c9-d772-4c1e-8ca2-15ff53c731a6 
2025-12-18 12:56:49,844 INFO com.kit.migrator.datamigrator.service.BeneficiaryESWriter [scheduling-1]  >>> 5a242797-2c1f-467b-ae22-44a9f30292a9
2025-12-18 12:56:50,130 INFO com.kit.migrator.datamigrator.service.BeneficiaryESWriter [scheduling-1]  ## ES Migration done for 5a242797-2c1f-467b-ae22-44a9f30292a9 
2025-12-18 12:56:50,131 INFO com.kit.migrator.datamigrator.service.BeneficiaryESWriter [scheduling-1]  >>> 4c249ac0-c2cc-483d-9bde-440fe8b0fc3f
2025-12-18 12:56:50,428 INFO com.kit.migrator.datamigrator.service.BeneficiaryESWriter [scheduling-1]  ## ES Migration done for 4c249ac0-c2cc-483d-9bde-440fe8b0fc3f 
2025-12-18 12:56:50,429 INFO com.kit.migrator.datamigrator.service.BeneficiaryESWriter [scheduling-1]  >>> b350db7d-4f1c-412e-9f29-8b6ceb8a4719
2025-12-18 12:56:50,757 INFO com.kit.migrator.datamigrator.service.BeneficiaryESWriter [scheduling-1]  ## ES Migration done for b350db7d-4f1c-412e-9f29-8b6ceb8a4719 
2025-12-18 12:56:50,758 INFO com.kit.migrator.datamigrator.service.BeneficiaryESWriter [scheduling-1]  >>> fc608854-e700-491f-a6d5-076fdf2daea8
2025-12-18 12:56:51,092 INFO com.kit.migrator.datamigrator.service.BeneficiaryESWriter [scheduling-1]  ## ES Migration done for fc608854-e700-491f-a6d5-076fdf2daea8 
2025-12-18 12:56:51,094 INFO com.kit.migrator.datamigrator.service.BeneficiaryESWriter [scheduling-1]  >>> 14d66589-1867-45b4-869e-359654a27d2c
2025-12-18 12:56:51,417 INFO com.kit.migrator.datamigrator.service.BeneficiaryESWriter [scheduling-1]  ## ES Migration done for 14d66589-1867-45b4-869e-359654a27d2c 
2025-12-18 12:56:51,418 INFO com.kit.migrator.datamigrator.service.BeneficiaryESWriter [scheduling-1]  >>> d4e34afd-a55f-461c-940f-de87fbc2052c
2025-12-18 12:56:51,715 INFO com.kit.migrator.datamigrator.service.BeneficiaryESWriter [scheduling-1]  ## ES Migration done for d4e34afd-a55f-461c-940f-de87fbc2052c 
2025-12-18 12:56:51,716 INFO com.kit.migrator.datamigrator.service.BeneficiaryESWriter [scheduling-1]  >>> a824686c-846b-4dbc-b8f6-f9ef1a99f6e1
2025-12-18 12:56:52,008 INFO com.kit.migrator.datamigrator.service.BeneficiaryESWriter [scheduling-1]  ## ES Migration done for a824686c-846b-4dbc-b8f6-f9ef1a99f6e1 
2025-12-18 12:56:52,010 INFO com.kit.migrator.datamigrator.service.BeneficiaryESWriter [scheduling-1]  >>> 52c261b3-a50f-438c-b26e-9d76ae9d4ec2
2025-12-18 12:56:52,303 INFO com.kit.migrator.datamigrator.service.BeneficiaryESWriter [scheduling-1]  ## ES Migration done for 52c261b3-a50f-438c-b26e-9d76ae9d4ec2 
2025-12-18 12:56:52,305 INFO com.kit.migrator.datamigrator.service.BeneficiaryESWriter [scheduling-1]  >>> aff89c8e-9690-4761-bbcb-970cf1fc729b
2025-12-18 12:56:52,708 INFO com.kit.migrator.datamigrator.service.BeneficiaryESWriter [scheduling-1]  ## ES Migration done for aff89c8e-9690-4761-bbcb-970cf1fc729b 
2025-12-18 12:56:52,709 INFO com.kit.migrator.datamigrator.service.BeneficiaryESWriter [scheduling-1]  >>> 9d3c6f26-0d95-4d31-9711-1c56befe92af
2025-12-18 12:56:53,009 INFO com.kit.migrator.datamigrator.service.BeneficiaryESWriter [scheduling-1]  ## ES Migration done for 9d3c6f26-0d95-4d31-9711-1c56befe92af 
2025-12-18 12:56:53,011 INFO com.kit.migrator.datamigrator.service.BeneficiaryESWriter [scheduling-1]  >>> 3ee169ad-bf30-418b-ae60-afb1d994445b
2025-12-18 12:56:53,416 INFO com.kit.migrator.datamigrator.service.BeneficiaryESWriter [scheduling-1]  ## ES Migration done for 3ee169ad-bf30-418b-ae60-afb1d994445b 
2025-12-18 12:56:53,417 INFO com.kit.migrator.datamigrator.service.BeneficiaryESWriter [scheduling-1]  >>> 8d56d823-df80-4edc-9ec4-a3bd2bdc8fc5
2025-12-18 12:56:53,721 INFO com.kit.migrator.datamigrator.service.BeneficiaryESWriter [scheduling-1]  ## ES Migration done for 8d56d823-df80-4edc-9ec4-a3bd2bdc8fc5 
2025-12-18 12:56:53,723 INFO com.kit.migrator.datamigrator.service.BeneficiaryESWriter [scheduling-1]  >>> 7c1022eb-ca9d-447f-bfbb-d532b30eb7c5
2025-12-18 12:56:54,015 INFO com.kit.migrator.datamigrator.service.BeneficiaryESWriter [scheduling-1]  ## ES Migration done for 7c1022eb-ca9d-447f-bfbb-d532b30eb7c5 
2025-12-18 12:56:54,017 INFO com.kit.migrator.datamigrator.service.BeneficiaryESWriter [scheduling-1]  >>> bbd36994-95c7-49a3-a6c2-f5de4cb79562
2025-12-18 12:56:54,440 INFO com.kit.migrator.datamigrator.service.BeneficiaryESWriter [scheduling-1]  ## ES Migration done for bbd36994-95c7-49a3-a6c2-f5de4cb79562 
2025-12-18 12:56:54,441 INFO com.kit.migrator.datamigrator.service.BeneficiaryESWriter [scheduling-1]  >>> da479a2c-2745-433c-95cc-199b2997b30a
2025-12-18 12:56:54,743 INFO com.kit.migrator.datamigrator.service.BeneficiaryESWriter [scheduling-1]  ## ES Migration done for da479a2c-2745-433c-95cc-199b2997b30a 
2025-12-18 12:56:54,745 INFO com.kit.migrator.datamigrator.service.BeneficiaryESWriter [scheduling-1]  >>> f7344ca4-774e-4cab-ac19-44293bc4cd97
2025-12-18 12:56:55,039 INFO com.kit.migrator.datamigrator.service.BeneficiaryESWriter [scheduling-1]  ## ES Migration done for f7344ca4-774e-4cab-ac19-44293bc4cd97 
2025-12-18 12:56:55,040 INFO com.kit.migrator.datamigrator.service.BeneficiaryESWriter [scheduling-1]  >>> a9f9d28e-1234-4aa8-a4ed-91e7c4f6b25b
2025-12-18 12:56:55,464 INFO com.kit.migrator.datamigrator.service.BeneficiaryESWriter [scheduling-1]  ## ES Migration done for a9f9d28e-1234-4aa8-a4ed-91e7c4f6b25b 
2025-12-18 12:56:55,466 INFO com.kit.migrator.datamigrator.service.BeneficiaryESWriter [scheduling-1]  >>> 5e89dfe0-f413-48c5-b648-46b0fbf45254
2025-12-18 12:56:55,762 INFO com.kit.migrator.datamigrator.service.BeneficiaryESWriter [scheduling-1]  ## ES Migration done for 5e89dfe0-f413-48c5-b648-46b0fbf45254 
2025-12-18 12:56:55,764 INFO com.kit.migrator.datamigrator.service.BeneficiaryESWriter [scheduling-1]  >>> d9daaad9-2c6c-4da5-a461-843821a2acaf
2025-12-18 12:56:56,062 INFO com.kit.migrator.datamigrator.service.BeneficiaryESWriter [scheduling-1]  ## ES Migration done for d9daaad9-2c6c-4da5-a461-843821a2acaf 
2025-12-18 12:56:56,063 INFO com.kit.migrator.datamigrator.service.BeneficiaryESWriter [scheduling-1]  >>> 888e781a-69f3-44a3-9676-b11280e0c4ef
2025-12-18 12:56:56,332 INFO com.kit.migrator.datamigrator.service.BeneficiaryESWriter [scheduling-1]  ## ES Migration done for 888e781a-69f3-44a3-9676-b11280e0c4ef 
2025-12-18 12:56:56,332 INFO com.kit.migrator.datamigrator.service.BeneficiaryESWriter [scheduling-1]  >>> 7091a8f6-965f-4830-a0c7-f8abef12c046
2025-12-18 12:56:56,693 INFO com.kit.migrator.datamigrator.service.BeneficiaryESWriter [scheduling-1]  ## ES Migration done for 7091a8f6-965f-4830-a0c7-f8abef12c046 
2025-12-18 12:56:56,695 INFO com.kit.migrator.datamigrator.service.BeneficiaryESWriter [scheduling-1]  >>> 0284cf74-5998-445b-bd5f-33962da68832
2025-12-18 12:56:56,997 INFO com.kit.migrator.datamigrator.service.BeneficiaryESWriter [scheduling-1]  ## ES Migration done for 0284cf74-5998-445b-bd5f-33962da68832 
2025-12-18 12:56:56,998 INFO com.kit.migrator.datamigrator.service.BeneficiaryESWriter [scheduling-1]  >>> 7e8c9d23-6ce3-4ffe-9604-f44e98239f6a
2025-12-18 12:56:57,310 INFO com.kit.migrator.datamigrator.service.BeneficiaryESWriter [scheduling-1]  ## ES Migration done for 7e8c9d23-6ce3-4ffe-9604-f44e98239f6a 
2025-12-18 12:56:57,310 INFO com.kit.migrator.datamigrator.service.BeneficiaryESWriter [scheduling-1]  >>> 85915f4e-1f59-49b2-974b-e6753a8b9dec
2025-12-18 12:56:57,579 INFO com.kit.migrator.datamigrator.service.BeneficiaryESWriter [scheduling-1]  ## ES Migration done for 85915f4e-1f59-49b2-974b-e6753a8b9dec 
2025-12-18 12:56:57,580 INFO com.kit.migrator.datamigrator.service.BeneficiaryESWriter [scheduling-1]  >>> c38fed45-01e5-4336-9155-2497cecb46b9
2025-12-18 12:56:57,867 INFO com.kit.migrator.datamigrator.service.BeneficiaryESWriter [scheduling-1]  ## ES Migration done for c38fed45-01e5-4336-9155-2497cecb46b9 
2025-12-18 12:56:57,868 INFO com.kit.migrator.datamigrator.service.BeneficiaryESWriter [scheduling-1]  >>> b88e8f5d-53ef-4959-a65a-5e00de725310
2025-12-18 12:56:58,160 INFO com.kit.migrator.datamigrator.service.BeneficiaryESWriter [scheduling-1]  ## ES Migration done for b88e8f5d-53ef-4959-a65a-5e00de725310 
2025-12-18 12:56:58,162 INFO com.kit.migrator.datamigrator.service.BeneficiaryESWriter [scheduling-1]  >>> 9e9e8ee4-f7a2-438f-b111-4c2a1f78c737
2025-12-18 12:56:58,447 INFO com.kit.migrator.datamigrator.service.BeneficiaryESWriter [scheduling-1]  ## ES Migration done for 9e9e8ee4-f7a2-438f-b111-4c2a1f78c737 
2025-12-18 12:56:58,449 INFO com.kit.migrator.datamigrator.service.BeneficiaryESWriter [scheduling-1]  >>> 70af1cf8-b6f0-428c-a1a4-edbc4fcb5643
2025-12-18 12:56:58,784 INFO com.kit.migrator.datamigrator.service.BeneficiaryESWriter [scheduling-1]  ## ES Migration done for 70af1cf8-b6f0-428c-a1a4-edbc4fcb5643 
2025-12-18 12:56:58,785 INFO com.kit.migrator.datamigrator.service.BeneficiaryESWriter [scheduling-1]  >>> 97dd21e6-a5c2-4c21-b2bd-c1ee58392643
2025-12-18 12:56:59,087 INFO com.kit.migrator.datamigrator.service.BeneficiaryESWriter [scheduling-1]  ## ES Migration done for 97dd21e6-a5c2-4c21-b2bd-c1ee58392643 
2025-12-18 12:56:59,088 INFO com.kit.migrator.datamigrator.service.BeneficiaryESWriter [scheduling-1]  >>> 060fe047-8f11-4a4e-98be-4b85780383cd
2025-12-18 12:56:59,381 INFO com.kit.migrator.datamigrator.service.BeneficiaryESWriter [scheduling-1]  ## ES Migration done for 060fe047-8f11-4a4e-98be-4b85780383cd 
2025-12-18 12:56:59,382 INFO com.kit.migrator.datamigrator.service.BeneficiaryESWriter [scheduling-1]  >>> 6becfb5d-0dca-4913-b679-1b2297c5d2c7
2025-12-18 12:56:59,669 INFO com.kit.migrator.datamigrator.service.BeneficiaryESWriter [scheduling-1]  ## ES Migration done for 6becfb5d-0dca-4913-b679-1b2297c5d2c7 
2025-12-18 12:56:59,671 INFO com.kit.migrator.datamigrator.service.BeneficiaryESWriter [scheduling-1]  >>> 0307e991-30c8-44d3-b82e-92b8b60a777a
2025-12-18 12:56:59,962 INFO com.kit.migrator.datamigrator.service.BeneficiaryESWriter [scheduling-1]  ## ES Migration done for 0307e991-30c8-44d3-b82e-92b8b60a777a 
2025-12-18 12:56:59,963 INFO com.kit.migrator.datamigrator.service.BeneficiaryESWriter [scheduling-1]  >>> 916fcdf8-3d51-49e3-9276-f2c5cce9b05c
2025-12-18 12:57:00,247 INFO com.kit.migrator.datamigrator.service.BeneficiaryESWriter [scheduling-1]  ## ES Migration done for 916fcdf8-3d51-49e3-9276-f2c5cce9b05c 
2025-12-18 12:57:00,249 INFO com.kit.migrator.datamigrator.service.BeneficiaryESWriter [scheduling-1]  >>> 9546cfe1-11a9-4e26-8019-81828d24f5af
2025-12-18 12:57:00,552 INFO com.kit.migrator.datamigrator.service.BeneficiaryESWriter [scheduling-1]  ## ES Migration done for 9546cfe1-11a9-4e26-8019-81828d24f5af 
2025-12-18 12:57:00,554 INFO com.kit.migrator.datamigrator.service.BeneficiaryESWriter [scheduling-1]  >>> bac4f0f4-eff9-4fed-a9a7-0c704cc7d4e0
2025-12-18 12:57:00,891 INFO com.kit.migrator.datamigrator.service.BeneficiaryESWriter [scheduling-1]  ## ES Migration done for bac4f0f4-eff9-4fed-a9a7-0c704cc7d4e0 
2025-12-18 12:57:00,893 INFO com.kit.migrator.datamigrator.service.BeneficiaryESWriter [scheduling-1]  >>> e52cd8df-ead4-444b-b292-0b2687613c6e
2025-12-18 12:57:01,302 INFO com.kit.migrator.datamigrator.service.BeneficiaryESWriter [scheduling-1]  ## ES Migration done for e52cd8df-ead4-444b-b292-0b2687613c6e 
2025-12-18 12:57:01,303 INFO com.kit.migrator.datamigrator.service.BeneficiaryESWriter [scheduling-1]  >>> c7e1a08b-6122-4e91-b459-62cfae899168
2025-12-18 12:57:01,596 INFO com.kit.migrator.datamigrator.service.BeneficiaryESWriter [scheduling-1]  ## ES Migration done for c7e1a08b-6122-4e91-b459-62cfae899168 
2025-12-18 12:57:01,598 INFO com.kit.migrator.datamigrator.service.BeneficiaryESWriter [scheduling-1]  >>> 2c0651db-6085-4314-bda6-4420fd15fff8
2025-12-18 12:57:01,901 INFO com.kit.migrator.datamigrator.service.BeneficiaryESWriter [scheduling-1]  ## ES Migration done for 2c0651db-6085-4314-bda6-4420fd15fff8 
2025-12-18 12:57:01,903 INFO com.kit.migrator.datamigrator.service.BeneficiaryESWriter [scheduling-1]  >>> 140a9293-7b74-4b87-9ccc-e39387beb0af
2025-12-18 12:57:02,201 INFO com.kit.migrator.datamigrator.service.BeneficiaryESWriter [scheduling-1]  ## ES Migration done for 140a9293-7b74-4b87-9ccc-e39387beb0af 
2025-12-18 12:57:02,203 INFO com.kit.migrator.datamigrator.service.BeneficiaryESWriter [scheduling-1]  >>> bd4bf6e7-7be1-4682-a3bd-26e162c1ee69
2025-12-18 12:57:02,512 INFO com.kit.migrator.datamigrator.service.BeneficiaryESWriter [scheduling-1]  ## ES Migration done for bd4bf6e7-7be1-4682-a3bd-26e162c1ee69 
2025-12-18 12:57:02,514 INFO com.kit.migrator.datamigrator.service.BeneficiaryESWriter [scheduling-1]  >>> 49d03754-ad28-4153-870f-7553e86e55a9
2025-12-18 12:57:02,948 INFO com.kit.migrator.datamigrator.service.BeneficiaryESWriter [scheduling-1]  ## ES Migration done for 49d03754-ad28-4153-870f-7553e86e55a9 
2025-12-18 12:57:02,949 INFO com.kit.migrator.datamigrator.service.BeneficiaryESWriter [scheduling-1]  >>> 65eabf9a-32f5-4fe0-86fa-087e6dcab811
2025-12-18 12:57:03,226 INFO com.kit.migrator.datamigrator.service.BeneficiaryESWriter [scheduling-1]  ## ES Migration done for 65eabf9a-32f5-4fe0-86fa-087e6dcab811 
2025-12-18 12:57:03,228 INFO com.kit.migrator.datamigrator.service.BeneficiaryESWriter [scheduling-1]  >>> 51a62656-2c7f-40c7-91fc-1e023d8f05b2
2025-12-18 12:57:03,524 INFO com.kit.migrator.datamigrator.service.BeneficiaryESWriter [scheduling-1]  ## ES Migration done for 51a62656-2c7f-40c7-91fc-1e023d8f05b2 
2025-12-18 12:57:03,526 INFO com.kit.migrator.datamigrator.service.BeneficiaryESWriter [scheduling-1]  >>> f90f61e0-a4e7-4c86-9b49-562ebfe526d4
2025-12-18 12:57:03,811 INFO com.kit.migrator.datamigrator.service.BeneficiaryESWriter [scheduling-1]  ## ES Migration done for f90f61e0-a4e7-4c86-9b49-562ebfe526d4 
2025-12-18 12:57:03,812 INFO com.kit.migrator.datamigrator.service.BeneficiaryESWriter [scheduling-1]  >>> 42f627fb-6490-412a-a08b-349362d53632
2025-12-18 12:57:04,101 INFO com.kit.migrator.datamigrator.service.BeneficiaryESWriter [scheduling-1]  ## ES Migration done for 42f627fb-6490-412a-a08b-349362d53632 
2025-12-18 12:57:04,102 INFO com.kit.migrator.datamigrator.service.BeneficiaryESWriter [scheduling-1]  >>> 7e5c9fb2-ddcf-4c43-91c4-877711c97b91
2025-12-18 12:57:04,578 INFO com.kit.migrator.datamigrator.service.BeneficiaryESWriter [scheduling-1]  ## ES Migration done for 7e5c9fb2-ddcf-4c43-91c4-877711c97b91 
2025-12-18 12:57:04,580 INFO com.kit.migrator.datamigrator.service.BeneficiaryESWriter [scheduling-1]  >>> c0e116e1-5d7c-43ac-a9f0-797373ce4ad0
2025-12-18 12:57:04,881 INFO com.kit.migrator.datamigrator.service.BeneficiaryESWriter [scheduling-1]  ## ES Migration done for c0e116e1-5d7c-43ac-a9f0-797373ce4ad0 
2025-12-18 12:57:04,883 INFO com.kit.migrator.datamigrator.service.BeneficiaryESWriter [scheduling-1]  >>> eb3f00d3-ae98-4243-8b21-76114549a2e8
2025-12-18 12:57:05,179 INFO com.kit.migrator.datamigrator.service.BeneficiaryESWriter [scheduling-1]  ## ES Migration done for eb3f00d3-ae98-4243-8b21-76114549a2e8 
2025-12-18 12:57:05,180 INFO com.kit.migrator.datamigrator.service.BeneficiaryESWriter [scheduling-1]  >>> 475566ea-0e1d-478c-8f48-a1592bc0455d
2025-12-18 12:57:05,477 INFO com.kit.migrator.datamigrator.service.BeneficiaryESWriter [scheduling-1]  ## ES Migration done for 475566ea-0e1d-478c-8f48-a1592bc0455d 
2025-12-18 12:57:05,478 INFO com.kit.migrator.datamigrator.service.BeneficiaryESWriter [scheduling-1]  >>> 06976155-0bd4-4ef5-bd41-934339121bbc
2025-12-18 12:57:05,767 INFO com.kit.migrator.datamigrator.service.BeneficiaryESWriter [scheduling-1]  ## ES Migration done for 06976155-0bd4-4ef5-bd41-934339121bbc 
2025-12-18 12:57:05,769 INFO com.kit.migrator.datamigrator.service.BeneficiaryESWriter [scheduling-1]  >>> 305b8b9f-ff66-4ebe-816f-df001fd085ca
2025-12-18 12:57:06,069 INFO com.kit.migrator.datamigrator.service.BeneficiaryESWriter [scheduling-1]  ## ES Migration done for 305b8b9f-ff66-4ebe-816f-df001fd085ca 
2025-12-18 12:57:06,071 INFO com.kit.migrator.datamigrator.service.BeneficiaryESWriter [scheduling-1]  >>> 005d7f68-6a4c-443a-be96-31fdd70a8282
2025-12-18 12:57:06,421 INFO com.kit.migrator.datamigrator.service.BeneficiaryESWriter [scheduling-1]  ## ES Migration done for 005d7f68-6a4c-443a-be96-31fdd70a8282 
2025-12-18 12:57:06,422 INFO com.kit.migrator.datamigrator.service.BeneficiaryESWriter [scheduling-1]  >>> 948a855e-df60-470b-81f3-eb789aa9b31b
2025-12-18 12:57:06,718 INFO com.kit.migrator.datamigrator.service.BeneficiaryESWriter [scheduling-1]  ## ES Migration done for 948a855e-df60-470b-81f3-eb789aa9b31b 
2025-12-18 12:57:06,719 INFO com.kit.migrator.datamigrator.service.BeneficiaryESWriter [scheduling-1]  >>> 5cc92e8a-8291-4173-ae27-5c1a6f9cb535
2025-12-18 12:57:07,020 INFO com.kit.migrator.datamigrator.service.BeneficiaryESWriter [scheduling-1]  ## ES Migration done for 5cc92e8a-8291-4173-ae27-5c1a6f9cb535 
2025-12-18 12:57:07,022 INFO com.kit.migrator.datamigrator.service.BeneficiaryESWriter [scheduling-1]  >>> 7562a541-c0d0-4d93-921d-47fd2637f1da
2025-12-18 12:57:07,343 INFO com.kit.migrator.datamigrator.service.BeneficiaryESWriter [scheduling-1]  ## ES Migration done for 7562a541-c0d0-4d93-921d-47fd2637f1da 
2025-12-18 12:57:07,344 INFO com.kit.migrator.datamigrator.service.BeneficiaryESWriter [scheduling-1]  >>> 9b9182eb-9233-4434-935a-822f8dc274fd
2025-12-18 12:57:07,641 INFO com.kit.migrator.datamigrator.service.BeneficiaryESWriter [scheduling-1]  ## ES Migration done for 9b9182eb-9233-4434-935a-822f8dc274fd 
2025-12-18 12:57:07,643 INFO com.kit.migrator.datamigrator.service.BeneficiaryESWriter [scheduling-1]  >>> f6f0cba9-887e-4426-85d2-045fb2c56713
2025-12-18 12:57:07,942 INFO com.kit.migrator.datamigrator.service.BeneficiaryESWriter [scheduling-1]  ## ES Migration done for f6f0cba9-887e-4426-85d2-045fb2c56713 
2025-12-18 12:57:07,944 INFO com.kit.migrator.datamigrator.service.BeneficiaryESWriter [scheduling-1]  >>> 80a14d37-6b3e-4bac-bab2-a1419ad26827
2025-12-18 12:57:08,230 INFO com.kit.migrator.datamigrator.service.BeneficiaryESWriter [scheduling-1]  ## ES Migration done for 80a14d37-6b3e-4bac-bab2-a1419ad26827 
2025-12-18 12:57:08,232 INFO com.kit.migrator.datamigrator.service.BeneficiaryESWriter [scheduling-1]  >>> 2e57b2da-1bed-420e-a75f-e303dab518e0
2025-12-18 12:57:08,673 INFO com.kit.migrator.datamigrator.service.BeneficiaryESWriter [scheduling-1]  ## ES Migration done for 2e57b2da-1bed-420e-a75f-e303dab518e0 
2025-12-18 12:57:08,674 INFO com.kit.migrator.datamigrator.service.BeneficiaryESWriter [scheduling-1]  >>> 3c31ef80-99a1-4fa0-b540-a28562401599
2025-12-18 12:57:08,983 INFO com.kit.migrator.datamigrator.service.BeneficiaryESWriter [scheduling-1]  ## ES Migration done for 3c31ef80-99a1-4fa0-b540-a28562401599 
2025-12-18 12:57:08,984 INFO com.kit.migrator.datamigrator.service.BeneficiaryESWriter [scheduling-1]  >>> 9a383baf-7d05-4509-a6be-43b14964cc3d
2025-12-18 12:57:09,392 INFO com.kit.migrator.datamigrator.service.BeneficiaryESWriter [scheduling-1]  ## ES Migration done for 9a383baf-7d05-4509-a6be-43b14964cc3d 
2025-12-18 12:57:09,393 INFO com.kit.migrator.datamigrator.service.BeneficiaryESWriter [scheduling-1]  >>> d4e92a67-cbb2-4ca1-8ab4-fc2ba10467ab
2025-12-18 12:57:09,687 INFO com.kit.migrator.datamigrator.service.BeneficiaryESWriter [scheduling-1]  ## ES Migration done for d4e92a67-cbb2-4ca1-8ab4-fc2ba10467ab 
2025-12-18 12:57:09,688 INFO com.kit.migrator.datamigrator.service.BeneficiaryESWriter [scheduling-1]  >>> c72f4579-4307-4154-aec2-3faa7c696502
2025-12-18 12:57:10,031 INFO com.kit.migrator.datamigrator.service.BeneficiaryESWriter [scheduling-1]  ## ES Migration done for c72f4579-4307-4154-aec2-3faa7c696502 
2025-12-18 12:57:10,033 INFO com.kit.migrator.datamigrator.service.BeneficiaryESWriter [scheduling-1]  >>> 760dab15-15b0-4d09-ad0b-97ace4074f7c
2025-12-18 12:57:10,415 INFO com.kit.migrator.datamigrator.service.BeneficiaryESWriter [scheduling-1]  ## ES Migration done for 760dab15-15b0-4d09-ad0b-97ace4074f7c 
2025-12-18 12:57:10,416 INFO com.kit.migrator.datamigrator.service.BeneficiaryESWriter [scheduling-1]  >>> 09bacf04-ec33-4680-ba50-eb2b13c4b6fe
2025-12-18 12:57:10,824 INFO com.kit.migrator.datamigrator.service.BeneficiaryESWriter [scheduling-1]  ## ES Migration done for 09bacf04-ec33-4680-ba50-eb2b13c4b6fe 
2025-12-18 12:57:10,825 INFO com.kit.migrator.datamigrator.service.BeneficiaryESWriter [scheduling-1]  >>> e93b767d-2459-4f5b-9b70-cbf57ed2b7ec
2025-12-18 12:57:11,234 INFO com.kit.migrator.datamigrator.service.BeneficiaryESWriter [scheduling-1]  ## ES Migration done for e93b767d-2459-4f5b-9b70-cbf57ed2b7ec 
2025-12-18 12:57:11,236 INFO com.kit.migrator.datamigrator.service.BeneficiaryESWriter [scheduling-1]  >>> 464b61cd-7ee2-4573-abef-a915d360efe0
2025-12-18 12:57:11,539 INFO com.kit.migrator.datamigrator.service.BeneficiaryESWriter [scheduling-1]  ## ES Migration done for 464b61cd-7ee2-4573-abef-a915d360efe0 
2025-12-18 12:57:11,540 INFO com.kit.migrator.datamigrator.service.BeneficiaryESWriter [scheduling-1]  >>> 3db65881-d00a-44f8-b12e-1392452b2c43
2025-12-18 12:57:11,854 INFO com.kit.migrator.datamigrator.service.BeneficiaryESWriter [scheduling-1]  ## ES Migration done for 3db65881-d00a-44f8-b12e-1392452b2c43 
2025-12-18 12:57:11,856 INFO com.kit.migrator.datamigrator.service.BeneficiaryESWriter [scheduling-1]  >>> afadbec6-8fd5-4cbe-92c4-3a035923bcec
2025-12-18 12:57:12,264 INFO com.kit.migrator.datamigrator.service.BeneficiaryESWriter [scheduling-1]  ## ES Migration done for afadbec6-8fd5-4cbe-92c4-3a035923bcec 
2025-12-18 12:57:12,266 INFO com.kit.migrator.datamigrator.service.BeneficiaryESWriter [scheduling-1]  >>> ab4ddb83-24b4-4f68-8b8e-d64229a99937
2025-12-18 12:57:12,577 INFO com.kit.migrator.datamigrator.service.BeneficiaryESWriter [scheduling-1]  ## ES Migration done for ab4ddb83-24b4-4f68-8b8e-d64229a99937 
2025-12-18 12:57:12,578 INFO com.kit.migrator.datamigrator.service.BeneficiaryESWriter [scheduling-1]  >>> d6994fe6-c518-41be-b962-e3de55aff855
2025-12-18 12:57:12,975 INFO com.kit.migrator.datamigrator.service.BeneficiaryESWriter [scheduling-1]  ## ES Migration done for d6994fe6-c518-41be-b962-e3de55aff855 
2025-12-18 12:57:12,977 INFO com.kit.migrator.datamigrator.service.BeneficiaryESWriter [scheduling-1]  >>> f4f13285-5550-47ce-aa03-cb1bbe8ef9bb
2025-12-18 12:57:13,285 INFO com.kit.migrator.datamigrator.service.BeneficiaryESWriter [scheduling-1]  ## ES Migration done for f4f13285-5550-47ce-aa03-cb1bbe8ef9bb 
2025-12-18 12:57:13,288 INFO com.kit.migrator.datamigrator.service.BeneficiaryESWriter [scheduling-1]  >>> 1c8bd202-7fa8-4bf2-9cc2-e400be863c9e
2025-12-18 12:57:13,585 INFO com.kit.migrator.datamigrator.service.BeneficiaryESWriter [scheduling-1]  ## ES Migration done for 1c8bd202-7fa8-4bf2-9cc2-e400be863c9e 
2025-12-18 12:57:13,586 INFO com.kit.migrator.datamigrator.service.BeneficiaryESWriter [scheduling-1]  >>> 9cd36833-2c7d-45b6-99e0-cec3c46a8ea1
2025-12-18 12:57:13,892 INFO com.kit.migrator.datamigrator.service.BeneficiaryESWriter [scheduling-1]  ## ES Migration done for 9cd36833-2c7d-45b6-99e0-cec3c46a8ea1 
2025-12-18 12:57:13,893 INFO com.kit.migrator.datamigrator.service.BeneficiaryESWriter [scheduling-1]  >>> 1a6ca041-3283-4f56-afbe-18bb624ad7da
2025-12-18 12:57:14,182 INFO com.kit.migrator.datamigrator.service.BeneficiaryESWriter [scheduling-1]  ## ES Migration done for 1a6ca041-3283-4f56-afbe-18bb624ad7da 
2025-12-18 12:57:14,184 INFO com.kit.migrator.datamigrator.service.BeneficiaryESWriter [scheduling-1]  >>> 0aa61430-3451-4d65-8581-1b98b63ea102
2025-12-18 12:57:14,471 INFO com.kit.migrator.datamigrator.service.BeneficiaryESWriter [scheduling-1]  ## ES Migration done for 0aa61430-3451-4d65-8581-1b98b63ea102 
2025-12-18 12:57:14,472 INFO com.kit.migrator.datamigrator.service.BeneficiaryESWriter [scheduling-1]  >>> dea94934-1ae6-4a09-843f-acf1172c471f
2025-12-18 12:57:14,827 INFO com.kit.migrator.datamigrator.service.BeneficiaryESWriter [scheduling-1]  ## ES Migration done for dea94934-1ae6-4a09-843f-acf1172c471f 
2025-12-18 12:57:14,829 INFO com.kit.migrator.datamigrator.service.BeneficiaryESWriter [scheduling-1]  >>> 9f1e685d-d482-463b-babd-2dcb55b2ed9d
2025-12-18 12:57:15,118 INFO com.kit.migrator.datamigrator.service.BeneficiaryESWriter [scheduling-1]  ## ES Migration done for 9f1e685d-d482-463b-babd-2dcb55b2ed9d 
2025-12-18 12:57:15,119 INFO com.kit.migrator.datamigrator.service.BeneficiaryESWriter [scheduling-1]  >>> 165e3c61-6856-4096-b941-505b440be458
2025-12-18 12:57:15,533 INFO com.kit.migrator.datamigrator.service.BeneficiaryESWriter [scheduling-1]  ## ES Migration done for 165e3c61-6856-4096-b941-505b440be458 
2025-12-18 12:57:15,535 INFO com.kit.migrator.datamigrator.service.BeneficiaryESWriter [scheduling-1]  >>> 59206a7d-8cba-49be-8283-baa8ed7b1add
2025-12-18 12:57:15,858 INFO com.kit.migrator.datamigrator.service.BeneficiaryESWriter [scheduling-1]  ## ES Migration done for 59206a7d-8cba-49be-8283-baa8ed7b1add 
2025-12-18 12:57:15,860 INFO com.kit.migrator.datamigrator.service.BeneficiaryESWriter [scheduling-1]  >>> c102f364-d3e5-4812-9780-1e5c231832cd
2025-12-18 12:57:16,251 INFO com.kit.migrator.datamigrator.service.BeneficiaryESWriter [scheduling-1]  ## ES Migration done for c102f364-d3e5-4812-9780-1e5c231832cd 
2025-12-18 12:57:16,252 INFO com.kit.migrator.datamigrator.service.BeneficiaryESWriter [scheduling-1]  >>> fbbedd5d-92a4-4eb6-8f08-8cfd52ca4dc4
2025-12-18 12:57:16,661 INFO com.kit.migrator.datamigrator.service.BeneficiaryESWriter [scheduling-1]  ## ES Migration done for fbbedd5d-92a4-4eb6-8f08-8cfd52ca4dc4 
2025-12-18 12:57:16,662 INFO com.kit.migrator.datamigrator.service.BeneficiaryESWriter [scheduling-1]  >>> 89f279f4-c9ba-42f0-ad3d-120478796217
2025-12-18 12:57:17,071 INFO com.kit.migrator.datamigrator.service.BeneficiaryESWriter [scheduling-1]  ## ES Migration done for 89f279f4-c9ba-42f0-ad3d-120478796217 
2025-12-18 12:57:17,072 INFO com.kit.migrator.datamigrator.service.BeneficiaryESWriter [scheduling-1]  >>> 4c9c73f9-5bb6-4fd9-ba77-7a62933b0593
2025-12-18 12:57:17,378 INFO com.kit.migrator.datamigrator.service.BeneficiaryESWriter [scheduling-1]  ## ES Migration done for 4c9c73f9-5bb6-4fd9-ba77-7a62933b0593 
2025-12-18 12:57:17,379 INFO com.kit.migrator.datamigrator.service.BeneficiaryESWriter [scheduling-1]  >>> 37eab8e1-ac7d-4cf0-828b-c51c9b5e2a8d
2025-12-18 12:57:17,681 INFO com.kit.migrator.datamigrator.service.BeneficiaryESWriter [scheduling-1]  ## ES Migration done for 37eab8e1-ac7d-4cf0-828b-c51c9b5e2a8d 
2025-12-18 12:57:17,682 INFO com.kit.migrator.datamigrator.service.BeneficiaryESWriter [scheduling-1]  >>> 6b546a01-2af3-475f-aa02-81bb45533858
2025-12-18 12:57:17,981 INFO com.kit.migrator.datamigrator.service.BeneficiaryESWriter [scheduling-1]  ## ES Migration done for 6b546a01-2af3-475f-aa02-81bb45533858 
2025-12-18 12:57:17,983 INFO com.kit.migrator.datamigrator.service.BeneficiaryESWriter [scheduling-1]  >>> b77fa518-f218-42de-9259-be00bc823e7d
2025-12-18 12:57:18,308 INFO com.kit.migrator.datamigrator.service.BeneficiaryESWriter [scheduling-1]  ## ES Migration done for b77fa518-f218-42de-9259-be00bc823e7d 
2025-12-18 12:57:18,309 INFO com.kit.migrator.datamigrator.service.BeneficiaryESWriter [scheduling-1]  >>> 7f613199-9bec-4cd9-95df-d8a5a41ca676
2025-12-18 12:57:18,728 INFO com.kit.migrator.datamigrator.service.BeneficiaryESWriter [scheduling-1]  ## ES Migration done for 7f613199-9bec-4cd9-95df-d8a5a41ca676 
2025-12-18 12:57:18,730 INFO com.kit.migrator.datamigrator.service.BeneficiaryESWriter [scheduling-1]  >>> 0d9bf153-58a6-46e2-893a-3681df62a663
2025-12-18 12:57:19,119 INFO com.kit.migrator.datamigrator.service.BeneficiaryESWriter [scheduling-1]  ## ES Migration done for 0d9bf153-58a6-46e2-893a-3681df62a663 
2025-12-18 12:57:19,120 INFO com.kit.migrator.datamigrator.service.BeneficiaryESWriter [scheduling-1]  >>> b516ccc4-4f81-4e95-8b8c-6b174a08d31a
2025-12-18 12:57:19,419 INFO com.kit.migrator.datamigrator.service.BeneficiaryESWriter [scheduling-1]  ## ES Migration done for b516ccc4-4f81-4e95-8b8c-6b174a08d31a 
2025-12-18 12:57:19,420 INFO com.kit.migrator.datamigrator.service.BeneficiaryESWriter [scheduling-1]  >>> fb4c82bd-e39c-45a5-8d26-de93196b7745
2025-12-18 12:57:19,715 INFO com.kit.migrator.datamigrator.service.BeneficiaryESWriter [scheduling-1]  ## ES Migration done for fb4c82bd-e39c-45a5-8d26-de93196b7745 
2025-12-18 12:57:19,716 INFO com.kit.migrator.datamigrator.service.BeneficiaryESWriter [scheduling-1]  >>> 33847a0a-e9cf-496a-809d-1bd806bb5f7e
2025-12-18 12:57:20,011 INFO com.kit.migrator.datamigrator.service.BeneficiaryESWriter [scheduling-1]  ## ES Migration done for 33847a0a-e9cf-496a-809d-1bd806bb5f7e 
2025-12-18 12:57:20,012 INFO com.kit.migrator.datamigrator.service.BeneficiaryESWriter [scheduling-1]  >>> cbb3164d-ef6e-4f90-a25d-444820ad2991
2025-12-18 12:57:20,348 INFO com.kit.migrator.datamigrator.service.BeneficiaryESWriter [scheduling-1]  ## ES Migration done for cbb3164d-ef6e-4f90-a25d-444820ad2991 
2025-12-18 12:57:20,349 INFO com.kit.migrator.datamigrator.service.BeneficiaryESWriter [scheduling-1]  >>> 2bf612c7-9c4c-43fb-9b89-6d8c116a6f4f
2025-12-18 12:57:20,758 INFO com.kit.migrator.datamigrator.service.BeneficiaryESWriter [scheduling-1]  ## ES Migration done for 2bf612c7-9c4c-43fb-9b89-6d8c116a6f4f 
2025-12-18 12:57:20,758 INFO com.kit.migrator.datamigrator.service.BeneficiaryESWriter [scheduling-1]  >>> 880a157e-ffc2-4b9a-b881-d9fd01acffb9
2025-12-18 12:57:21,167 INFO com.kit.migrator.datamigrator.service.BeneficiaryESWriter [scheduling-1]  ## ES Migration done for 880a157e-ffc2-4b9a-b881-d9fd01acffb9 
2025-12-18 12:57:21,168 INFO com.kit.migrator.datamigrator.service.BeneficiaryESWriter [scheduling-1]  >>> d5a2892c-2a97-4c81-a71a-5ff71ea09522
2025-12-18 12:57:21,541 INFO com.kit.migrator.datamigrator.service.BeneficiaryESWriter [scheduling-1]  ## ES Migration done for d5a2892c-2a97-4c81-a71a-5ff71ea09522 
2025-12-18 12:57:21,542 INFO com.kit.migrator.datamigrator.service.BeneficiaryESWriter [scheduling-1]  >>> 02a39668-4f3d-41d2-ae15-3a932639590f
2025-12-18 12:57:21,881 INFO com.kit.migrator.datamigrator.service.BeneficiaryESWriter [scheduling-1]  ## ES Migration done for 02a39668-4f3d-41d2-ae15-3a932639590f 
2025-12-18 12:57:21,882 INFO com.kit.migrator.datamigrator.service.BeneficiaryESWriter [scheduling-1]  >>> ea0cbd9a-a6c6-424b-a06d-55c2b3d4071d
2025-12-18 12:57:22,172 INFO com.kit.migrator.datamigrator.service.BeneficiaryESWriter [scheduling-1]  ## ES Migration done for ea0cbd9a-a6c6-424b-a06d-55c2b3d4071d 
2025-12-18 12:57:22,173 INFO com.kit.migrator.datamigrator.service.BeneficiaryESWriter [scheduling-1]  >>> 934c51f3-321c-431e-b67b-e555e939da10
2025-12-18 12:57:22,600 INFO com.kit.migrator.datamigrator.service.BeneficiaryESWriter [scheduling-1]  ## ES Migration done for 934c51f3-321c-431e-b67b-e555e939da10 
2025-12-18 12:57:22,601 INFO com.kit.migrator.datamigrator.service.BeneficiaryESWriter [scheduling-1]  >>> 88dd61aa-7949-4cc3-9402-06765ada4de4
2025-12-18 12:57:22,903 INFO com.kit.migrator.datamigrator.service.BeneficiaryESWriter [scheduling-1]  ## ES Migration done for 88dd61aa-7949-4cc3-9402-06765ada4de4 
2025-12-18 12:57:22,904 INFO com.kit.migrator.datamigrator.service.BeneficiaryESWriter [scheduling-1]  >>> 95fb7482-0a91-491c-b0b9-4517c195d736
2025-12-18 12:57:23,185 INFO com.kit.migrator.datamigrator.service.BeneficiaryESWriter [scheduling-1]  ## ES Migration done for 95fb7482-0a91-491c-b0b9-4517c195d736 
2025-12-18 12:57:23,187 INFO com.kit.migrator.datamigrator.service.BeneficiaryESWriter [scheduling-1]  >>> bc73ec40-5978-40b9-aa7b-82d29f3f7020
2025-12-18 12:57:23,541 INFO com.kit.migrator.datamigrator.service.BeneficiaryESWriter [scheduling-1]  ## ES Migration done for bc73ec40-5978-40b9-aa7b-82d29f3f7020 
2025-12-18 12:57:23,543 INFO com.kit.migrator.datamigrator.service.BeneficiaryESWriter [scheduling-1]  >>> e3524883-807b-4818-aaa7-61f4dd003941
2025-12-18 12:57:23,847 INFO com.kit.migrator.datamigrator.service.BeneficiaryESWriter [scheduling-1]  ## ES Migration done for e3524883-807b-4818-aaa7-61f4dd003941 
2025-12-18 12:57:23,848 INFO com.kit.migrator.datamigrator.service.BeneficiaryESWriter [scheduling-1]  >>> bd084779-8ec6-493d-b1ed-8e44d42b6334
2025-12-18 12:57:24,202 INFO com.kit.migrator.datamigrator.service.BeneficiaryESWriter [scheduling-1]  ## ES Migration done for bd084779-8ec6-493d-b1ed-8e44d42b6334 
2025-12-18 12:57:24,203 INFO com.kit.migrator.datamigrator.service.BeneficiaryESWriter [scheduling-1]  >>> 6f67ac18-f1bc-49b5-915e-c40e9b58e7aa
2025-12-18 12:57:24,503 INFO com.kit.migrator.datamigrator.service.BeneficiaryESWriter [scheduling-1]  ## ES Migration done for 6f67ac18-f1bc-49b5-915e-c40e9b58e7aa 
2025-12-18 12:57:24,504 INFO com.kit.migrator.datamigrator.service.BeneficiaryESWriter [scheduling-1]  >>> 496b0353-bba5-4932-b77e-7e72dd7ff4aa
2025-12-18 12:57:24,782 INFO com.kit.migrator.datamigrator.service.BeneficiaryESWriter [scheduling-1]  ## ES Migration done for 496b0353-bba5-4932-b77e-7e72dd7ff4aa 
2025-12-18 12:57:24,782 INFO com.kit.migrator.datamigrator.service.BeneficiaryESWriter [scheduling-1]  >>> 139b61bc-8d5e-415b-8cdc-797c76e212e9
2025-12-18 12:57:25,080 INFO com.kit.migrator.datamigrator.service.BeneficiaryESWriter [scheduling-1]  ## ES Migration done for 139b61bc-8d5e-415b-8cdc-797c76e212e9 
2025-12-18 12:57:25,080 INFO com.kit.migrator.datamigrator.service.BeneficiaryESWriter [scheduling-1]  >>> 0b37af8a-a7a5-4709-bfe8-2dfe4a4d6356
2025-12-18 12:57:25,380 INFO com.kit.migrator.datamigrator.service.BeneficiaryESWriter [scheduling-1]  ## ES Migration done for 0b37af8a-a7a5-4709-bfe8-2dfe4a4d6356 
2025-12-18 12:57:25,381 INFO com.kit.migrator.datamigrator.service.BeneficiaryESWriter [scheduling-1]  >>> 4407dd0e-60e3-494b-a814-28a63607a5ec
2025-12-18 12:57:25,679 INFO com.kit.migrator.datamigrator.service.BeneficiaryESWriter [scheduling-1]  ## ES Migration done for 4407dd0e-60e3-494b-a814-28a63607a5ec 
2025-12-18 12:57:25,681 INFO com.kit.migrator.datamigrator.service.BeneficiaryESWriter [scheduling-1]  >>> 69eb2c4a-0016-4b78-acfb-22b475d3940a
2025-12-18 12:57:25,982 INFO com.kit.migrator.datamigrator.service.BeneficiaryESWriter [scheduling-1]  ## ES Migration done for 69eb2c4a-0016-4b78-acfb-22b475d3940a 
2025-12-18 12:57:25,983 INFO com.kit.migrator.datamigrator.service.BeneficiaryESWriter [scheduling-1]  >>> 512747c2-c42c-4cdc-bccc-198062d86e5c
2025-12-18 12:57:26,389 INFO com.kit.migrator.datamigrator.service.BeneficiaryESWriter [scheduling-1]  ## ES Migration done for 512747c2-c42c-4cdc-bccc-198062d86e5c 
2025-12-18 12:57:26,390 INFO com.kit.migrator.datamigrator.service.BeneficiaryESWriter [scheduling-1]  >>> 9bbc2086-3d59-4234-875e-393ea083ec9d
2025-12-18 12:57:26,795 INFO com.kit.migrator.datamigrator.service.BeneficiaryESWriter [scheduling-1]  ## ES Migration done for 9bbc2086-3d59-4234-875e-393ea083ec9d 
2025-12-18 12:57:26,796 INFO com.kit.migrator.datamigrator.service.BeneficiaryESWriter [scheduling-1]  >>> 8ad24197-0aba-475d-8010-2fafd64c91cb
2025-12-18 12:57:27,098 INFO com.kit.migrator.datamigrator.service.BeneficiaryESWriter [scheduling-1]  ## ES Migration done for 8ad24197-0aba-475d-8010-2fafd64c91cb 
2025-12-18 12:57:27,099 INFO com.kit.migrator.datamigrator.service.BeneficiaryESWriter [scheduling-1]  >>> 739b4cf4-3ebc-4501-aed6-08837e54a893
2025-12-18 12:57:27,385 INFO com.kit.migrator.datamigrator.service.BeneficiaryESWriter [scheduling-1]  ## ES Migration done for 739b4cf4-3ebc-4501-aed6-08837e54a893 
2025-12-18 12:57:27,386 INFO com.kit.migrator.datamigrator.service.BeneficiaryESWriter [scheduling-1]  >>> 8ad24197-0aba-475d-8010-2fafd64c92ab
2025-12-18 12:57:27,672 INFO com.kit.migrator.datamigrator.service.BeneficiaryESWriter [scheduling-1]  ## ES Migration done for 8ad24197-0aba-475d-8010-2fafd64c92ab 
2025-12-18 12:57:27,673 INFO com.kit.migrator.datamigrator.service.BeneficiaryESWriter [scheduling-1]  >>> 8ad24197-0aba-475d-8010-2fafd64c9991
2025-12-18 12:57:27,962 INFO com.kit.migrator.datamigrator.service.BeneficiaryESWriter [scheduling-1]  ## ES Migration done for 8ad24197-0aba-475d-8010-2fafd64c9991 
2025-12-18 12:57:27,964 INFO com.kit.migrator.datamigrator.service.BeneficiaryESWriter [scheduling-1]  >>> 8ad24197-0aba-475d-8010-2fafd64c9992
2025-12-18 12:57:28,253 INFO com.kit.migrator.datamigrator.service.BeneficiaryESWriter [scheduling-1]  ## ES Migration done for 8ad24197-0aba-475d-8010-2fafd64c9992 
2025-12-18 12:57:28,258 INFO com.kit.migrator.datamigrator.service.BeneficiaryESWriter [scheduling-1]  >>> 8ad24197-0aba-475d-8010-2fafd64c9993
2025-12-18 12:57:28,553 INFO com.kit.migrator.datamigrator.service.BeneficiaryESWriter [scheduling-1]  ## ES Migration done for 8ad24197-0aba-475d-8010-2fafd64c9993 
2025-12-18 12:57:28,554 INFO com.kit.migrator.datamigrator.service.BeneficiaryESWriter [scheduling-1]  >>> 739b4cf4-3ebc-4501-aed6-08837e54a888
2025-12-18 12:57:28,827 INFO com.kit.migrator.datamigrator.service.BeneficiaryESWriter [scheduling-1]  ## ES Migration done for 739b4cf4-3ebc-4501-aed6-08837e54a888 
2025-12-18 12:57:28,828 INFO com.kit.migrator.datamigrator.service.BeneficiaryESWriter [scheduling-1]  >>> 097f8092-f24c-4c9e-b1b7-24fb59da92bd
2025-12-18 12:57:29,120 INFO com.kit.migrator.datamigrator.service.BeneficiaryESWriter [scheduling-1]  ## ES Migration done for 097f8092-f24c-4c9e-b1b7-24fb59da92bd 
2025-12-18 12:57:29,121 INFO com.kit.migrator.datamigrator.service.BeneficiaryESWriter [scheduling-1]  >>> 739b4cf4-3ebc-4501-aed6-08837e54a999
2025-12-18 12:57:29,421 INFO com.kit.migrator.datamigrator.service.BeneficiaryESWriter [scheduling-1]  ## ES Migration done for 739b4cf4-3ebc-4501-aed6-08837e54a999 
2025-12-18 12:57:29,421 INFO com.kit.migrator.datamigrator.service.BeneficiaryESWriter [scheduling-1]  >>> 57bc9e8c-036f-43a9-8e71-27af4c2ac0c6
2025-12-18 12:57:29,727 INFO com.kit.migrator.datamigrator.service.BeneficiaryESWriter [scheduling-1]  ## ES Migration done for 57bc9e8c-036f-43a9-8e71-27af4c2ac0c6 
2025-12-18 12:57:29,729 INFO com.kit.migrator.datamigrator.service.BeneficiaryESWriter [scheduling-1]  >>> 2b608930-f523-45e0-acb0-3ef896248af4
2025-12-18 12:57:30,022 INFO com.kit.migrator.datamigrator.service.BeneficiaryESWriter [scheduling-1]  ## ES Migration done for 2b608930-f523-45e0-acb0-3ef896248af4 
2025-12-18 12:57:30,023 INFO com.kit.migrator.datamigrator.service.BeneficiaryESWriter [scheduling-1]  >>> 53c2c128-a416-4abe-beb2-c49f7fbd3d28
2025-12-18 12:57:30,327 INFO com.kit.migrator.datamigrator.service.BeneficiaryESWriter [scheduling-1]  ## ES Migration done for 53c2c128-a416-4abe-beb2-c49f7fbd3d28 
2025-12-18 12:57:30,329 INFO com.kit.migrator.datamigrator.service.BeneficiaryESWriter [scheduling-1]  >>> 764afeae-c5ef-41c2-9493-06ca06259360
2025-12-18 12:57:30,625 INFO com.kit.migrator.datamigrator.service.BeneficiaryESWriter [scheduling-1]  ## ES Migration done for 764afeae-c5ef-41c2-9493-06ca06259360 
2025-12-18 12:57:30,627 INFO com.kit.migrator.datamigrator.service.BeneficiaryESWriter [scheduling-1]  >>> 8504823b-ac1d-4c06-9698-cc3bed3f9701
2025-12-18 12:57:30,999 INFO com.kit.migrator.datamigrator.service.BeneficiaryESWriter [scheduling-1]  ## ES Migration done for 8504823b-ac1d-4c06-9698-cc3bed3f9701 
2025-12-18 12:57:31,001 INFO com.kit.migrator.datamigrator.service.BeneficiaryESWriter [scheduling-1]  >>> 8504823b-ac1d-4c06-9698-cc3bed3f9702
2025-12-18 12:57:31,407 INFO com.kit.migrator.datamigrator.service.BeneficiaryESWriter [scheduling-1]  ## ES Migration done for 8504823b-ac1d-4c06-9698-cc3bed3f9702 
2025-12-18 12:57:31,408 INFO com.kit.migrator.datamigrator.service.BeneficiaryESWriter [scheduling-1]  >>> 8504823b-ac1d-4c06-9698-cc3bed3f9703
2025-12-18 12:57:31,707 INFO com.kit.migrator.datamigrator.service.BeneficiaryESWriter [scheduling-1]  ## ES Migration done for 8504823b-ac1d-4c06-9698-cc3bed3f9703 
2025-12-18 12:57:31,708 INFO com.kit.migrator.datamigrator.service.BeneficiaryESWriter [scheduling-1]  >>> 8504823b-ac1d-4c06-9698-cc3bed3f9704
2025-12-18 12:57:32,007 INFO com.kit.migrator.datamigrator.service.BeneficiaryESWriter [scheduling-1]  ## ES Migration done for 8504823b-ac1d-4c06-9698-cc3bed3f9704 
2025-12-18 12:57:32,008 INFO com.kit.migrator.datamigrator.service.BeneficiaryESWriter [scheduling-1]  >>> 8504823b-ac1d-4c06-9698-cc3bed3f9705
2025-12-18 12:57:32,328 INFO com.kit.migrator.datamigrator.service.BeneficiaryESWriter [scheduling-1]  ## ES Migration done for 8504823b-ac1d-4c06-9698-cc3bed3f9705 
2025-12-18 12:57:32,329 INFO com.kit.migrator.datamigrator.service.BeneficiaryESWriter [scheduling-1]  >>> 8504823b-ac1d-4c06-9698-cc3bed3f9706
2025-12-18 12:57:32,615 INFO com.kit.migrator.datamigrator.service.BeneficiaryESWriter [scheduling-1]  ## ES Migration done for 8504823b-ac1d-4c06-9698-cc3bed3f9706 
2025-12-18 12:57:32,616 INFO com.kit.migrator.datamigrator.service.BeneficiaryESWriter [scheduling-1]  >>> 8504823b-ac1d-4c06-9698-cc3bed3f9707
2025-12-18 12:57:32,942 INFO com.kit.migrator.datamigrator.service.BeneficiaryESWriter [scheduling-1]  ## ES Migration done for 8504823b-ac1d-4c06-9698-cc3bed3f9707 
2025-12-18 12:57:32,944 INFO com.kit.migrator.datamigrator.service.BeneficiaryESWriter [scheduling-1]  >>> 8504823b-ac1d-4c06-9698-cc3bed3f9708
2025-12-18 12:57:33,246 INFO com.kit.migrator.datamigrator.service.BeneficiaryESWriter [scheduling-1]  ## ES Migration done for 8504823b-ac1d-4c06-9698-cc3bed3f9708 
2025-12-18 12:57:33,248 INFO com.kit.migrator.datamigrator.service.BeneficiaryESWriter [scheduling-1]  >>> 8504823b-ac1d-4c06-9698-cc3bed3f9709
2025-12-18 12:57:33,547 INFO com.kit.migrator.datamigrator.service.BeneficiaryESWriter [scheduling-1]  ## ES Migration done for 8504823b-ac1d-4c06-9698-cc3bed3f9709 
2025-12-18 12:57:33,548 INFO com.kit.migrator.datamigrator.service.BeneficiaryESWriter [scheduling-1]  >>> 8504823b-ac1d-4c06-9698-cc3bed3f9710
2025-12-18 12:57:33,822 INFO com.kit.migrator.datamigrator.service.BeneficiaryESWriter [scheduling-1]  ## ES Migration done for 8504823b-ac1d-4c06-9698-cc3bed3f9710 
2025-12-18 12:57:33,823 INFO com.kit.migrator.datamigrator.service.BeneficiaryESWriter [scheduling-1]  >>> 8504823b-ac1d-4c06-9698-cc3bed3f9712
2025-12-18 12:57:34,106 INFO com.kit.migrator.datamigrator.service.BeneficiaryESWriter [scheduling-1]  ## ES Migration done for 8504823b-ac1d-4c06-9698-cc3bed3f9712 
2025-12-18 12:57:34,107 INFO com.kit.migrator.datamigrator.service.BeneficiaryESWriter [scheduling-1]  >>> 8504823b-ac1d-4c06-9698-cc3bed3f9713
2025-12-18 12:57:34,479 INFO com.kit.migrator.datamigrator.service.BeneficiaryESWriter [scheduling-1]  ## ES Migration done for 8504823b-ac1d-4c06-9698-cc3bed3f9713 
2025-12-18 12:57:34,481 INFO com.kit.migrator.datamigrator.service.BeneficiaryESWriter [scheduling-1]  >>> 8504823b-ac1d-4c06-9698-cc3bed3f9729
2025-12-18 12:57:34,888 INFO com.kit.migrator.datamigrator.service.BeneficiaryESWriter [scheduling-1]  ## ES Migration done for 8504823b-ac1d-4c06-9698-cc3bed3f9729 
2025-12-18 12:57:34,888 INFO com.kit.migrator.datamigrator.service.BeneficiaryESWriter [scheduling-1]  >>> 8504823b-ac1d-4c06-9698-cc3bed3f9714
2025-12-18 12:57:35,164 INFO com.kit.migrator.datamigrator.service.BeneficiaryESWriter [scheduling-1]  ## ES Migration done for 8504823b-ac1d-4c06-9698-cc3bed3f9714 
2025-12-18 12:57:35,166 INFO com.kit.migrator.datamigrator.service.BeneficiaryESWriter [scheduling-1]  >>> 8504823b-ac1d-4c06-9698-cc3bed3f9715
2025-12-18 12:57:35,467 INFO com.kit.migrator.datamigrator.service.BeneficiaryESWriter [scheduling-1]  ## ES Migration done for 8504823b-ac1d-4c06-9698-cc3bed3f9715 
2025-12-18 12:57:35,468 INFO com.kit.migrator.datamigrator.service.BeneficiaryESWriter [scheduling-1]  >>> 8504823b-ac1d-4c06-9698-cc3bed3f9716
2025-12-18 12:57:35,767 INFO com.kit.migrator.datamigrator.service.BeneficiaryESWriter [scheduling-1]  ## ES Migration done for 8504823b-ac1d-4c06-9698-cc3bed3f9716 
2025-12-18 12:57:35,768 INFO com.kit.migrator.datamigrator.service.BeneficiaryESWriter [scheduling-1]  >>> 8504823b-ac1d-4c06-9698-cc3bed3f9717
2025-12-18 12:57:36,052 INFO com.kit.migrator.datamigrator.service.BeneficiaryESWriter [scheduling-1]  ## ES Migration done for 8504823b-ac1d-4c06-9698-cc3bed3f9717 
2025-12-18 12:57:36,053 INFO com.kit.migrator.datamigrator.service.BeneficiaryESWriter [scheduling-1]  >>> 8504823b-ac1d-4c06-9698-cc3bed3f9719
2025-12-18 12:57:36,341 INFO com.kit.migrator.datamigrator.service.BeneficiaryESWriter [scheduling-1]  ## ES Migration done for 8504823b-ac1d-4c06-9698-cc3bed3f9719 
2025-12-18 12:57:36,342 INFO com.kit.migrator.datamigrator.service.BeneficiaryESWriter [scheduling-1]  >>> 8504823b-ac1d-4c06-9698-cc3bed3f9720
2025-12-18 12:57:36,731 INFO com.kit.migrator.datamigrator.service.BeneficiaryESWriter [scheduling-1]  ## ES Migration done for 8504823b-ac1d-4c06-9698-cc3bed3f9720 
2025-12-18 12:57:36,733 INFO com.kit.migrator.datamigrator.service.BeneficiaryESWriter [scheduling-1]  >>> 8504823b-ac1d-4c06-9698-cc3bed3f9721
2025-12-18 12:57:37,082 INFO com.kit.migrator.datamigrator.service.BeneficiaryESWriter [scheduling-1]  ## ES Migration done for 8504823b-ac1d-4c06-9698-cc3bed3f9721 
2025-12-18 12:57:37,083 INFO com.kit.migrator.datamigrator.service.BeneficiaryESWriter [scheduling-1]  >>> 8504823b-ac1d-4c06-9698-cc3bed3f9723
2025-12-18 12:57:37,382 INFO com.kit.migrator.datamigrator.service.BeneficiaryESWriter [scheduling-1]  ## ES Migration done for 8504823b-ac1d-4c06-9698-cc3bed3f9723 
2025-12-18 12:57:37,383 INFO com.kit.migrator.datamigrator.service.BeneficiaryESWriter [scheduling-1]  >>> 8504823b-ac1d-4c06-9698-cc3bed3f9724
2025-12-18 12:57:37,682 INFO com.kit.migrator.datamigrator.service.BeneficiaryESWriter [scheduling-1]  ## ES Migration done for 8504823b-ac1d-4c06-9698-cc3bed3f9724 
2025-12-18 12:57:37,683 INFO com.kit.migrator.datamigrator.service.BeneficiaryESWriter [scheduling-1]  >>> 8504823b-ac1d-4c06-9698-cc3bed3f9725
2025-12-18 12:57:37,987 INFO com.kit.migrator.datamigrator.service.BeneficiaryESWriter [scheduling-1]  ## ES Migration done for 8504823b-ac1d-4c06-9698-cc3bed3f9725 
2025-12-18 12:57:37,989 INFO com.kit.migrator.datamigrator.service.BeneficiaryESWriter [scheduling-1]  >>> 8504823b-ac1d-4c06-9698-cc3bed3f9726
2025-12-18 12:57:38,280 INFO com.kit.migrator.datamigrator.service.BeneficiaryESWriter [scheduling-1]  ## ES Migration done for 8504823b-ac1d-4c06-9698-cc3bed3f9726 
2025-12-18 12:57:38,281 INFO com.kit.migrator.datamigrator.service.BeneficiaryESWriter [scheduling-1]  >>> 8504823b-ac1d-4c06-9698-cc3bed3f9727
2025-12-18 12:57:38,592 INFO com.kit.migrator.datamigrator.service.BeneficiaryESWriter [scheduling-1]  ## ES Migration done for 8504823b-ac1d-4c06-9698-cc3bed3f9727 
2025-12-18 12:57:38,593 INFO com.kit.migrator.datamigrator.service.BeneficiaryESWriter [scheduling-1]  >>> 8504823b-ac1d-4c06-9698-cc3bed3f9728
2025-12-18 12:57:38,984 INFO com.kit.migrator.datamigrator.service.BeneficiaryESWriter [scheduling-1]  ## ES Migration done for 8504823b-ac1d-4c06-9698-cc3bed3f9728 
2025-12-18 12:57:38,985 INFO com.kit.migrator.datamigrator.service.BeneficiaryESWriter [scheduling-1]  >>> 8504823b-ac1d-4c06-9698-cc3bed3f9732
2025-12-18 12:57:39,278 INFO com.kit.migrator.datamigrator.service.BeneficiaryESWriter [scheduling-1]  ## ES Migration done for 8504823b-ac1d-4c06-9698-cc3bed3f9732 
2025-12-18 12:57:39,279 INFO com.kit.migrator.datamigrator.service.BeneficiaryESWriter [scheduling-1]  >>> 8504823b-ac1d-4c06-9698-cc3bed3f9734
2025-12-18 12:57:39,581 INFO com.kit.migrator.datamigrator.service.BeneficiaryESWriter [scheduling-1]  ## ES Migration done for 8504823b-ac1d-4c06-9698-cc3bed3f9734 
2025-12-18 12:57:39,582 INFO com.kit.migrator.datamigrator.service.BeneficiaryESWriter [scheduling-1]  >>> 8504823b-ac1d-4c06-9698-cc3bed3f9735
2025-12-18 12:57:39,882 INFO com.kit.migrator.datamigrator.service.BeneficiaryESWriter [scheduling-1]  ## ES Migration done for 8504823b-ac1d-4c06-9698-cc3bed3f9735 
2025-12-18 12:57:39,885 INFO com.kit.migrator.datamigrator.service.BeneficiaryESWriter [scheduling-1]  >>> 8504823b-ac1d-4c06-9698-cc3bed3f9737
2025-12-18 12:57:40,213 INFO com.kit.migrator.datamigrator.service.BeneficiaryESWriter [scheduling-1]  ## ES Migration done for 8504823b-ac1d-4c06-9698-cc3bed3f9737 
2025-12-18 12:57:40,215 INFO com.kit.migrator.datamigrator.service.BeneficiaryESWriter [scheduling-1]  >>> 8504823b-ac1d-4c06-9698-cc3bed3f9738
2025-12-18 12:57:40,622 INFO com.kit.migrator.datamigrator.service.BeneficiaryESWriter [scheduling-1]  ## ES Migration done for 8504823b-ac1d-4c06-9698-cc3bed3f9738 
2025-12-18 12:57:40,624 INFO com.kit.migrator.datamigrator.service.BeneficiaryESWriter [scheduling-1]  >>> 8504823b-ac1d-4c06-9698-cc3bed3f9740
2025-12-18 12:57:40,907 INFO com.kit.migrator.datamigrator.service.BeneficiaryESWriter [scheduling-1]  ## ES Migration done for 8504823b-ac1d-4c06-9698-cc3bed3f9740 
2025-12-18 12:57:40,909 INFO com.kit.migrator.datamigrator.service.BeneficiaryESWriter [scheduling-1]  >>> 8504823b-ac1d-4c06-9698-cc3bed3f9741
2025-12-18 12:57:41,348 INFO com.kit.migrator.datamigrator.service.BeneficiaryESWriter [scheduling-1]  ## ES Migration done for 8504823b-ac1d-4c06-9698-cc3bed3f9741 
2025-12-18 12:57:41,348 INFO com.kit.migrator.datamigrator.service.BeneficiaryESWriter [scheduling-1]  >>> 8504823b-ac1d-4c06-9698-cc3bed3f9742
2025-12-18 12:57:41,631 INFO com.kit.migrator.datamigrator.service.BeneficiaryESWriter [scheduling-1]  ## ES Migration done for 8504823b-ac1d-4c06-9698-cc3bed3f9742 
2025-12-18 12:57:41,632 INFO com.kit.migrator.datamigrator.service.BeneficiaryESWriter [scheduling-1]  >>> 8504823b-ac1d-4c06-9698-cc3bed3f9743
2025-12-18 12:57:41,927 INFO com.kit.migrator.datamigrator.service.BeneficiaryESWriter [scheduling-1]  ## ES Migration done for 8504823b-ac1d-4c06-9698-cc3bed3f9743 
2025-12-18 12:57:41,929 INFO com.kit.migrator.datamigrator.service.BeneficiaryESWriter [scheduling-1]  >>> 8504823b-ac1d-4c06-9698-cc3bed3f9745
2025-12-18 12:57:42,287 INFO com.kit.migrator.datamigrator.service.BeneficiaryESWriter [scheduling-1]  ## ES Migration done for 8504823b-ac1d-4c06-9698-cc3bed3f9745 
2025-12-18 12:57:42,289 INFO com.kit.migrator.datamigrator.service.BeneficiaryESWriter [scheduling-1]  >>> 8504823b-ac1d-4c06-9698-cc3bed3f9746
2025-12-18 12:57:42,670 INFO com.kit.migrator.datamigrator.service.BeneficiaryESWriter [scheduling-1]  ## ES Migration done for 8504823b-ac1d-4c06-9698-cc3bed3f9746 
2025-12-18 12:57:42,672 INFO com.kit.migrator.datamigrator.service.BeneficiaryESWriter [scheduling-1]  >>> 8504823b-ac1d-4c06-9698-cc3bed3f9747
2025-12-18 12:57:43,080 INFO com.kit.migrator.datamigrator.service.BeneficiaryESWriter [scheduling-1]  ## ES Migration done for 8504823b-ac1d-4c06-9698-cc3bed3f9747 
2025-12-18 12:57:43,081 INFO com.kit.migrator.datamigrator.service.BeneficiaryESWriter [scheduling-1]  >>> 8504823b-ac1d-4c06-9698-cc3bed3f9748
2025-12-18 12:57:43,541 INFO com.kit.migrator.datamigrator.service.BeneficiaryESWriter [scheduling-1]  ## ES Migration done for 8504823b-ac1d-4c06-9698-cc3bed3f9748 
2025-12-18 12:57:43,543 INFO com.kit.migrator.datamigrator.service.BeneficiaryESWriter [scheduling-1]  >>> 8504823b-ac1d-4c06-9698-cc3bed3f9749
2025-12-18 12:57:43,848 INFO com.kit.migrator.datamigrator.service.BeneficiaryESWriter [scheduling-1]  ## ES Migration done for 8504823b-ac1d-4c06-9698-cc3bed3f9749 
2025-12-18 12:57:43,849 INFO com.kit.migrator.datamigrator.service.BeneficiaryESWriter [scheduling-1]  >>> 8504823b-ac1d-4c06-9698-cc3bed3f9750
2025-12-18 12:57:44,148 INFO com.kit.migrator.datamigrator.service.BeneficiaryESWriter [scheduling-1]  ## ES Migration done for 8504823b-ac1d-4c06-9698-cc3bed3f9750 
2025-12-18 12:57:44,149 INFO com.kit.migrator.datamigrator.service.BeneficiaryESWriter [scheduling-1]  >>> e58d0afc-6fbd-4a61-b800-a8fc5befd0e1
2025-12-18 12:57:44,442 INFO com.kit.migrator.datamigrator.service.BeneficiaryESWriter [scheduling-1]  ## ES Migration done for e58d0afc-6fbd-4a61-b800-a8fc5befd0e1 
2025-12-18 12:57:44,443 INFO com.kit.migrator.datamigrator.service.BeneficiaryESWriter [scheduling-1]  >>> 6e0d3534-5358-45bb-841c-039d4ddf5a19
2025-12-18 12:57:44,819 INFO com.kit.migrator.datamigrator.service.BeneficiaryESWriter [scheduling-1]  ## ES Migration done for 6e0d3534-5358-45bb-841c-039d4ddf5a19 
2025-12-18 12:57:44,820 INFO com.kit.migrator.datamigrator.service.BeneficiaryESWriter [scheduling-1]  >>> 78f87c5e-9a46-477b-ae33-f4326d5f866e
2025-12-18 12:57:45,107 INFO com.kit.migrator.datamigrator.service.BeneficiaryESWriter [scheduling-1]  ## ES Migration done for 78f87c5e-9a46-477b-ae33-f4326d5f866e 
2025-12-18 12:57:45,107 INFO com.kit.migrator.datamigrator.service.BeneficiaryESWriter [scheduling-1]  >>> e32442bc-adc6-4670-bded-77f796418170
2025-12-18 12:57:45,385 INFO com.kit.migrator.datamigrator.service.BeneficiaryESWriter [scheduling-1]  ## ES Migration done for e32442bc-adc6-4670-bded-77f796418170 
2025-12-18 12:57:45,386 INFO com.kit.migrator.datamigrator.service.BeneficiaryESWriter [scheduling-1]  >>> af855615-b982-4806-89aa-1a92e78a2610
2025-12-18 12:57:45,692 INFO com.kit.migrator.datamigrator.service.BeneficiaryESWriter [scheduling-1]  ## ES Migration done for af855615-b982-4806-89aa-1a92e78a2610 
2025-12-18 12:57:45,693 INFO com.kit.migrator.datamigrator.service.BeneficiaryESWriter [scheduling-1]  >>> a8332942-4c5b-4c98-9380-e6bdfe29d0b7
2025-12-18 12:57:45,983 INFO com.kit.migrator.datamigrator.service.BeneficiaryESWriter [scheduling-1]  ## ES Migration done for a8332942-4c5b-4c98-9380-e6bdfe29d0b7 
2025-12-18 12:57:45,984 INFO com.kit.migrator.datamigrator.service.BeneficiaryESWriter [scheduling-1]  >>> d54afecf-406f-495c-b1b6-7add413a917d
2025-12-18 12:57:46,267 INFO com.kit.migrator.datamigrator.service.BeneficiaryESWriter [scheduling-1]  ## ES Migration done for d54afecf-406f-495c-b1b6-7add413a917d 
2025-12-18 12:57:46,268 INFO com.kit.migrator.datamigrator.service.BeneficiaryESWriter [scheduling-1]  >>> 4a41841e-c9ca-49d1-8bfc-14a7cf488848
2025-12-18 12:57:46,664 INFO com.kit.migrator.datamigrator.service.BeneficiaryESWriter [scheduling-1]  ## ES Migration done for 4a41841e-c9ca-49d1-8bfc-14a7cf488848 
2025-12-18 12:57:46,666 INFO com.kit.migrator.datamigrator.service.BeneficiaryESWriter [scheduling-1]  >>> e902be80-1a84-4988-8bf9-68d19cedf074
2025-12-18 12:57:47,077 INFO com.kit.migrator.datamigrator.service.BeneficiaryESWriter [scheduling-1]  ## ES Migration done for e902be80-1a84-4988-8bf9-68d19cedf074 
2025-12-18 12:57:47,077 INFO com.kit.migrator.datamigrator.service.BeneficiaryESWriter [scheduling-1]  >>> 56077a52-fa64-445b-868e-fe8fe9fbe246
2025-12-18 12:57:47,382 INFO com.kit.migrator.datamigrator.service.BeneficiaryESWriter [scheduling-1]  ## ES Migration done for 56077a52-fa64-445b-868e-fe8fe9fbe246 
2025-12-18 12:57:47,383 INFO com.kit.migrator.datamigrator.service.BeneficiaryESWriter [scheduling-1]  >>> 7ff56ffd-d8ec-4b5a-8635-acfd648e57d2
2025-12-18 12:57:47,691 INFO com.kit.migrator.datamigrator.service.BeneficiaryESWriter [scheduling-1]  ## ES Migration done for 7ff56ffd-d8ec-4b5a-8635-acfd648e57d2 
2025-12-18 12:57:47,692 INFO com.kit.migrator.datamigrator.service.BeneficiaryESWriter [scheduling-1]  >>> f0902a7b-1155-4891-a75d-f89b834c9ba0
2025-12-18 12:57:47,981 INFO com.kit.migrator.datamigrator.service.BeneficiaryESWriter [scheduling-1]  ## ES Migration done for f0902a7b-1155-4891-a75d-f89b834c9ba0 
2025-12-18 12:57:47,982 INFO com.kit.migrator.datamigrator.service.BeneficiaryESWriter [scheduling-1]  >>> 93a025ea-90fd-4903-8e8e-2c80b4684899
2025-12-18 12:57:48,405 INFO com.kit.migrator.datamigrator.service.BeneficiaryESWriter [scheduling-1]  ## ES Migration done for 93a025ea-90fd-4903-8e8e-2c80b4684899 
2025-12-18 12:57:48,407 INFO com.kit.migrator.datamigrator.service.BeneficiaryESWriter [scheduling-1]  >>> 898cf340-2dfd-43ea-a0dc-7ca39d64a5f3
2025-12-18 12:57:48,815 INFO com.kit.migrator.datamigrator.service.BeneficiaryESWriter [scheduling-1]  ## ES Migration done for 898cf340-2dfd-43ea-a0dc-7ca39d64a5f3 
2025-12-18 12:57:48,817 INFO com.kit.migrator.datamigrator.service.BeneficiaryESWriter [scheduling-1]  >>> ee9cc050-49ba-4ac0-9109-ac0e94fec67b
2025-12-18 12:57:49,327 INFO com.kit.migrator.datamigrator.service.BeneficiaryESWriter [scheduling-1]  ## ES Migration done for ee9cc050-49ba-4ac0-9109-ac0e94fec67b 
